State,District,Latitude,Longitude,Material Involved,Movement Type
Arunachal Pradesh,Anjaw,27.98333,96.40433,Debris,Slide
Arunachal Pradesh,Anjaw,27.98728,96.41208,Debris,Slide
Arunachal Pradesh,Anjaw,28.00611,96.42872,Debris,Slide
Arunachal Pradesh,Anjaw,28.01661,96.44172,Rock cum Debris,Complex
Arunachal Pradesh,Anjaw,28.01781,96.44275,Debris,Slide
Arunachal Pradesh,Anjaw,28.01992,96.443,Rock,Slide
Arunachal Pradesh,Anjaw,28.022471,96.440489,Debris,Slide
Arunachal Pradesh,Anjaw,28.023491,96.440972,Debris,Slide
Arunachal Pradesh,Anjaw,28.05997,96.48664,Debris,Slide
Arunachal Pradesh,Anjaw,28.06131,96.49256,Debris,Slide
Arunachal Pradesh,Anjaw,28.06244,96.49775,Debris,Slide
Arunachal Pradesh,Anjaw,28.063,96.49914,Debris,Slide
Arunachal Pradesh,Anjaw,28.06356,96.50075,Debris,Slide
Arunachal Pradesh,Anjaw,28.06964,96.50025,Rock,Slide
Arunachal Pradesh,Anjaw,28.079818,96.46838,Debris,Slide
Arunachal Pradesh,Anjaw,28.08014,96.52356,Debris,Topple
Arunachal Pradesh,Anjaw,28.080151,96.472541,Debris,Slide
Arunachal Pradesh,Anjaw,28.08019,96.54483,Debris,Flow
Arunachal Pradesh,Anjaw,28.080301,96.472247,Debris,Slide
Arunachal Pradesh,Anjaw,28.08061,96.51294,Rock,Fall
Arunachal Pradesh,Anjaw,28.082576,96.464869,Debris,Slide
Arunachal Pradesh,Anjaw,28.082618,96.465189,Rock,Slide
Arunachal Pradesh,Anjaw,28.083417,96.461433,Rock,Slide
Arunachal Pradesh,Anjaw,28.084252,96.459672,Debris,Slide
Arunachal Pradesh,Anjaw,28.088159,96.458999,Rock,Slide
Arunachal Pradesh,Anjaw,28.089549,96.457818,Debris,Slide
Arunachal Pradesh,Anjaw,28.090087,96.454067,Debris,Slide
Arunachal Pradesh,Anjaw,28.0907,96.45238,Debris,Slide
Arunachal Pradesh,Anjaw,28.09311,96.53622,Rock,Slide
Arunachal Pradesh,Anjaw,28.094359,96.453058,Rock,Slide
Arunachal Pradesh,Anjaw,28.095602,96.453246,Rock,Slide
Arunachal Pradesh,Anjaw,28.100244,96.448173,Rock,Slide
Arunachal Pradesh,Anjaw,28.100284,96.449538,Rock,Slide
Arunachal Pradesh,Anjaw,28.100914,96.449162,Debris,Slide
Arunachal Pradesh,Anjaw,28.102005,96.448473,Debris,Slide
Arunachal Pradesh,Anjaw,28.105572,96.447685,Rock,Slide
Arunachal Pradesh,Anjaw,28.105952,96.447724,Rock,Slide
Arunachal Pradesh,Anjaw,28.106321,96.447245,Debris,Slide
Arunachal Pradesh,Anjaw,28.10714,96.54489,Rock,Fall
Arunachal Pradesh,Anjaw,28.11142,96.54528,Rock,Slide
Arunachal Pradesh,Anjaw,28.11594,96.54689,Rock,Slide
Arunachal Pradesh,Anjaw,28.11781,96.54906,Debris,Flow
Arunachal Pradesh,Anjaw,28.14531,96.54897,Rock,Slide
Arunachal Pradesh,Anjaw,28.15292,96.53858,Rock,Slide
Arunachal Pradesh,Anjaw,28.16206,96.53061,Debris,Topple
Arunachal Pradesh,Anjaw,28.16939,96.52578,Rock,Slide
Arunachal Pradesh,Anjaw,28.18439,96.53453,Debris,Slide
Arunachal Pradesh,Anjaw,28.18525,96.53256,Debris,Slide
Arunachal Pradesh,Anjaw,28.19597,96.53733,Debris,Slide
Arunachal Pradesh,Anjaw,28.20867,96.53222,Debris,Slide
Arunachal Pradesh,Anjaw,28.21483,96.53911,Debris,Slide
Arunachal Pradesh,Anjaw,28.22328,96.55303,Rock,Slide
Arunachal Pradesh,Anjaw,28.22381,96.53644,Rock,Slide
Arunachal Pradesh,Anjaw,28.22408,96.55872,Rock,Slide
Arunachal Pradesh,Anjaw,28.22797,96.54606,Debris,Slide
Arunachal Pradesh,Anjaw,28.23153,96.54272,Debris,Slide
Arunachal Pradesh,Anjaw,28.23969,96.52778,Rock,Topple
Arunachal Pradesh,Anjaw,28.25203,96.54264,Debris,Slide
Arunachal Pradesh,Anjaw,28.25897,96.54433,Rock,Topple
Arunachal Pradesh,Anjaw,28.2625,96.5465,Rock,Slide
Arunachal Pradesh,Anjaw,28.26522,96.57889,Debris,Flow
Arunachal Pradesh,Anjaw,28.26786,96.55781,Rock,Flow
Arunachal Pradesh,Anjaw,28.26814,96.55728,Rock,Slide
Arunachal Pradesh,Anjaw,28.27378,96.57031,Debris,Slide
Arunachal Pradesh,Anjaw,28.28331,96.58094,Rock,"Slide and
topple"
Arunachal Pradesh,Anjaw,28.28386,96.58275,Debris,Slide
Arunachal Pradesh,Anjaw,28.28778,96.57928,Rock,Slide
Arunachal Pradesh,Anjaw,28.31211,96.61719,Debris,Topple
Arunachal Pradesh,Anjaw,28.31658,96.61508,Debris,Slide
Arunachal Pradesh,Changlang,27.039914,95.73282,Debris,Slide
Arunachal Pradesh,Changlang,27.043883,95.72822,Debris,Slide
Arunachal Pradesh,Changlang,27.047848,95.729657,Debris,Slide
Arunachal Pradesh,Changlang,27.057191,95.716883,Debris,Slide
Arunachal Pradesh,Changlang,27.0611,95.721024,Debris,Slide
Arunachal Pradesh,Changlang,27.068358,95.725306,Debris,Slide
Arunachal Pradesh,Changlang,27.089394,95.729849,Debris,Slide
Arunachal Pradesh,Changlang,27.093755,95.731806,Rock,slide
Arunachal Pradesh,Changlang,27.112268,95.736125,Rock,Slide
Arunachal Pradesh,Changlang,27.115246,95.670965,Debris,Slide
Arunachal Pradesh,Changlang,27.115545,95.733337,Rock,Slide
Arunachal Pradesh,Changlang,27.11587,95.733019,Rock,Fall
Arunachal Pradesh,Changlang,27.116625,95.669825,Debris,Slide
Arunachal Pradesh,Changlang,27.122408,95.678718,Debris,Slide
Arunachal Pradesh,Changlang,27.122872,95.672546,Debris,Slide
Arunachal Pradesh,Changlang,27.125767,95.745585,Debris,Slide
Arunachal Pradesh,Changlang,27.12922,95.684101,Debris,Slide
Arunachal Pradesh,Changlang,27.131129,95.689613,Debris,Slide
Arunachal Pradesh,Changlang,27.132794,95.687302,Debris,Slide
Arunachal Pradesh,Changlang,27.132933,95.709803,Debris,Slide
Arunachal Pradesh,Changlang,27.143343,95.743034,Debris,Slide
Arunachal Pradesh,Changlang,27.1448,95.742566,Debris,Slide
Arunachal Pradesh,Changlang,27.150127,95.780208,Debris,Slide
Arunachal Pradesh,Changlang,27.153826,95.77545,Debris,Slide
Arunachal Pradesh,Changlang,27.15844,95.755292,Debris,Slide
Arunachal Pradesh,Changlang,27.158837,95.750303,Debris,Slide
Arunachal Pradesh,Changlang,27.160065,95.754919,Rock,Fall
Arunachal Pradesh,Changlang,27.161858,95.757717,Debris,Slide
Arunachal Pradesh,Changlang,27.163084,95.754775,Debris,Slide
Arunachal Pradesh,Changlang,27.163388,95.746685,Debris,Slide
Arunachal Pradesh,Changlang,27.172066,95.754546,Debris,Slide
Arunachal Pradesh,Changlang,27.175606,95.749935,Debris,Slide
Arunachal Pradesh,Changlang,27.178695,95.735218,Rock,Fall
Arunachal Pradesh,Changlang,27.187767,95.732008,Debris,Slide
Arunachal Pradesh,Changlang,27.188551,95.703582,Debris,Slide
Arunachal Pradesh,Changlang,27.190295,95.716317,Rock,Rock fall
Arunachal Pradesh,Changlang,27.226901,95.905393,Debris,Slide
Arunachal Pradesh,Changlang,27.257581,95.936353,Debris,Slide
Arunachal Pradesh,Changlang,27.268684,96.040751,Debris,Slide
Arunachal Pradesh,Changlang,27.268973,96.037707,Debris,Slide
Arunachal Pradesh,Changlang,27.273999,95.975506,Debris,Slide
Arunachal Pradesh,Changlang,27.275542,95.965859,Debris,Slide
Arunachal Pradesh,Changlang,27.282921,96.122193,Debris,Slide
Arunachal Pradesh,Changlang,27.287781,95.978389,Rock,Slide
Arunachal Pradesh,Changlang,27.287855,95.977914,Debris,Slide
Arunachal Pradesh,Changlang,27.288125,96.075898,Debris,Slide
Arunachal Pradesh,Changlang,27.29268,96.024049,Debris,Slide
Arunachal Pradesh,Changlang,27.296223,96.013675,Debris,Slide
Arunachal Pradesh,Changlang,27.297775,96.002314,Debris,Slide
Arunachal Pradesh,Changlang,27.298972,96.046398,Rock,Slide
Arunachal Pradesh,Changlang,27.299135,96.010349,Debris,Slide
Arunachal Pradesh,Changlang,27.299744,95.987092,Debris,Slide
Arunachal Pradesh,Changlang,27.29976,96.012691,Debris,Slide
Arunachal Pradesh,Changlang,27.300188,96.010838,Debris,Slide
Arunachal Pradesh,Changlang,27.300945,95.992838,Debris,Slide
Arunachal Pradesh,Changlang,27.302949,96.154621,Debris,Slide
Arunachal Pradesh,Changlang,27.305527,96.224831,Debris,Slide
Arunachal Pradesh,Changlang,27.309012,96.158495,Debris,Slide
Arunachal Pradesh,Changlang,27.313343,96.171327,Debris,Slide
Arunachal Pradesh,Changlang,27.315904,96.18349,Debris,Slide
Arunachal Pradesh,Changlang,27.447181,96.439865,Debris,Slide
Arunachal Pradesh,Changlang,27.449807,96.444466,Debris,Slide
Arunachal Pradesh,Changlang,27.453197,96.444944,Debris,Slide
Arunachal Pradesh,Changlang,27.455222,96.440908,Debris,Slide
Arunachal Pradesh,Changlang,27.458768,96.440093,Debris,Slide
Arunachal Pradesh,Changlang,27.460656,96.412177,Debris,Slide
Arunachal Pradesh,Changlang,27.460731,96.41975,Soil,Slide
Arunachal Pradesh,Changlang,27.466137,96.407194,Debris,Slide
Arunachal Pradesh,Changlang,27.467849,96.409616,Debris,Slide
Arunachal Pradesh,Changlang,27.470221,96.407798,Rock,Fall
Arunachal Pradesh,Changlang,27.474408,96.408773,Debris,Slide
Arunachal Pradesh,Changlang,27.476285,96.40896,Debris,Slide
Arunachal Pradesh,Changlang,27.476614,96.408544,Rock,Fall
Arunachal Pradesh,Changlang,27.479141,96.403435,Debris,Slide
Arunachal Pradesh,Dibang Valley,28.291703,95.77618,Rock,Slide
Arunachal Pradesh,Dibang Valley,28.297476,95.791016,Debris,Slide
Arunachal Pradesh,Dibang Valley,28.309002,95.754702,Rock,Slide
Arunachal Pradesh,Dibang Valley,28.321143,95.779346,Debris,Slide
Arunachal Pradesh,Dibang Valley,28.32225,95.780295,Rock,Fall
Arunachal Pradesh,Dibang Valley,28.327545,95.783923,Debris,Slide
Arunachal Pradesh,Dibang Valley,28.330336,95.794313,Rock,Fall
Arunachal Pradesh,Dibang Valley,28.335249,95.788465,Rock,Slide
Arunachal Pradesh,Dibang Valley,28.33836,95.781715,Debris,Slide
Arunachal Pradesh,Dibang Valley,28.434292,95.876106,Debris,Slide
Arunachal Pradesh,Dibang Valley,28.438898,95.85009,Debris,Slide
Arunachal Pradesh,Dibang Valley,28.448428,95.855303,Debris,Slide
Arunachal Pradesh,Dibang Valley,28.450374,95.855884,Debris,Slide
Arunachal Pradesh,Dibang Valley,28.454481,95.854029,Debris,Slide
Arunachal Pradesh,Dibang Valley,28.455284,95.854018,Debris,Slide
Arunachal Pradesh,Dibang Valley,28.457775,95.853489,Debris,Slide
Arunachal Pradesh,Dibang Valley,28.462314,95.849136,Rock,Fall
Arunachal Pradesh,Dibang Valley,28.464936,95.852312,Debris,Slide
Arunachal Pradesh,Dibang Valley,28.469481,95.849951,Rock,Fall
Arunachal Pradesh,Dibang Valley,28.471388,95.852234,Rock,Fall
Arunachal Pradesh,Dibang Valley,28.472858,95.858449,Rock,Fall
Arunachal Pradesh,Dibang Valley,28.472863,95.858934,Rock,Fall
Arunachal Pradesh,Dibang Valley,28.472919,95.857932,Debris,Slide
Arunachal Pradesh,Dibang Valley,28.472966,95.857242,Debris,Slide
Arunachal Pradesh,Dibang Valley,28.474093,95.847423,Debris,Slide
Arunachal Pradesh,Dibang Valley,28.476722,95.841356,Rock,Fall
Arunachal Pradesh,Dibang Valley,28.479902,95.839317,Rock,Fall
Arunachal Pradesh,Dibang Valley,28.481108,95.838317,Debris,Slide
Arunachal Pradesh,Dibang Valley,28.487041,95.848265,Debris,Slide
Arunachal Pradesh,Dibang Valley,28.488264,95.842761,Debris,Slide
Arunachal Pradesh,Dibang Valley,28.489492,95.845459,Rock,Fall
Arunachal Pradesh,Dibang Valley,28.490519,95.832301,Debris,Slide
Arunachal Pradesh,Dibang Valley,28.490727,95.833473,Debris,Slide
Arunachal Pradesh,Dibang Valley,28.494378,95.825225,Rock,Fall
Arunachal Pradesh,Dibang Valley,28.497294,95.827044,Debris,Slide
Arunachal Pradesh,Dibang Valley,28.498405,95.827217,Rock,Slide
Arunachal Pradesh,Dibang Valley,28.498464,95.828278,Debris,Slide
Arunachal Pradesh,Dibang Valley,28.606804,95.864088,Debris,Slide
Arunachal Pradesh,Dibang Valley,28.608016,95.854035,Debris,Slide
Arunachal Pradesh,Dibang Valley,28.609263,95.856878,Debris,Slide
Arunachal Pradesh,Dibang Valley,28.615893,95.859914,Debris,Slide
Arunachal Pradesh,Dibang Valley,28.618542,95.858124,Debris,Slide
Arunachal Pradesh,Dibang Valley,28.621593,95.855998,Debris,Slide
Arunachal Pradesh,Dibang Valley,28.62267,95.856377,Debris,Slide
Arunachal Pradesh,Dibang Valley,28.625048,95.857251,Earth,Slide
Arunachal Pradesh,Dibang Valley,28.625114,95.852703,Debris,Slide
Arunachal Pradesh,Dibang Valley,28.628208,95.85647,Earth,Slide
Arunachal Pradesh,Dibang Valley,28.638336,95.856331,Debris,Slide
Arunachal Pradesh,Dibang Valley,28.760937,95.865649,Debris,Slide
Arunachal Pradesh,Dibang Valley,28.763514,95.868872,Debris,Slide
Arunachal Pradesh,Dibang Valley,28.763802,95.868513,Earth,Slide
Arunachal Pradesh,Dibang Valley,28.772473,95.867921,Earth,Slide
Arunachal Pradesh,Dibang Valley,28.77363,95.869239,Earth,Slide
Arunachal Pradesh,Dibang Valley,28.774623,95.89086,Earth,Slide
Arunachal Pradesh,Dibang Valley,28.775381,95.898382,Debris,Slide
Arunachal Pradesh,Dibang Valley,28.775779,95.890362,Debris,Slide
Arunachal Pradesh,Dibang Valley,28.775918,95.874296,Earth,Slide
Arunachal Pradesh,Dibang Valley,28.783517,95.904106,Debris,Slide
Arunachal Pradesh,Dibang Valley,28.784231,95.906188,Debris,Slide
Arunachal Pradesh,Dibang Valley,28.785391,95.892707,Debris,Slide
Arunachal Pradesh,Dibang Valley,28.786868,95.908637,Debris,Slide
Arunachal Pradesh,Dibang Valley,28.808133,95.926984,Debris,Slide
Arunachal Pradesh,Dibang Valley,28.809244,95.92821,Earth,Slide
Arunachal Pradesh,Dibang Valley,28.813805,95.919362,Earth,Slide
Arunachal Pradesh,Dibang Valley,28.813905,95.920439,Earth,Slide
Arunachal Pradesh,Dibang Valley,28.817477,95.922181,Earth,Slide
Arunachal Pradesh,Dibang Valley,28.822521,95.92931,Earth,Slide
Arunachal Pradesh,Dibang Valley,28.822525,95.93415,Debris,Slide
Arunachal Pradesh,Dibang Valley,28.823558,95.882966,Debris,Slide
Arunachal Pradesh,Dibang Valley,28.823766,95.922046,Debris,Slide
Arunachal Pradesh,Dibang Valley,28.824703,95.93119,Debris,Slide
Arunachal Pradesh,Dibang Valley,28.827069,95.9225,Debris,Slide
Arunachal Pradesh,Dibang Valley,28.830316,95.877843,Debris,Slide
Arunachal Pradesh,Dibang Valley,28.830919,95.880901,Debris,Slide
Arunachal Pradesh,Dibang Valley,28.831619,95.882949,Debris,Slide
Arunachal Pradesh,Dibang Valley,28.831826,95.882841,Debris,Sldies
Arunachal Pradesh,Dibang Valley,28.836083,95.963806,Debris,Slide
Arunachal Pradesh,Dibang Valley,28.846067,95.865922,Debris,Slide
Arunachal Pradesh,Dibang Valley,28.852213,95.863907,Debris,Slide
Arunachal Pradesh,Dibang Valley,28.85641,95.859872,Debris,Slide
Arunachal Pradesh,Dibang Valley,28.858358,95.858469,Debris,Slide
Arunachal Pradesh,Dibang Valley,28.863017,95.856703,Debris,Slide
Arunachal Pradesh,Dibang Valley,28.868037,95.983398,Earth,Slide
Arunachal Pradesh,Dibang Valley,28.871556,95.852732,Earth,Slide
Arunachal Pradesh,Dibang Valley,28.873622,95.850285,Debris,Slide
Arunachal Pradesh,Dibang Valley,28.874939,95.981911,Debris,Slide
Arunachal Pradesh,Dibang Valley,28.87826,95.847156,Debris,Slide
Arunachal Pradesh,Dibang Valley,28.937833,95.820661,Debris,Slide
Arunachal Pradesh,Dibang Valley,28.940482,95.82044,Debris,Slide
Arunachal Pradesh,Dibang Valley,28.9407,95.82058,Debris,Slide
Arunachal Pradesh,Dibang Valley,28.963981,95.808627,Earth,Slide
Arunachal Pradesh,East Kameng,27.161806,93.136194,Earth,Slide
Arunachal Pradesh,East Kameng,27.177667,93.148694,Soil,Slide
Arunachal Pradesh,East Kameng,27.188694,93.136056,Rock,Fall
Arunachal Pradesh,East Kameng,27.196944,93.139722,Soil,Slide
Arunachal Pradesh,East Kameng,27.215611,93.123139,Soil,Slide
Arunachal Pradesh,East Kameng,27.215944,93.069222,Debris,Slide
Arunachal Pradesh,East Kameng,27.216778,93.074944,Debris,Slide
Arunachal Pradesh,East Kameng,27.217333,93.064833,Debris,Slide
Arunachal Pradesh,East Kameng,27.240444,93.064361,Debris,Slide
Arunachal Pradesh,East Kameng,27.256917,93.064472,Earth,Slide
Arunachal Pradesh,East Kameng,27.293806,93.050139,Earth,Slide
Arunachal Pradesh,East Kameng,27.294944,93.072417,Earth,Slide
Arunachal Pradesh,East Kameng,27.296611,93.099056,Soil,Slide
Arunachal Pradesh,East Kameng,27.297167,93.050889,Soil,Slide
Arunachal Pradesh,East Kameng,27.300611,93.093417,Rock,Slide
Arunachal Pradesh,East Kameng,27.301139,93.091889,Debris,Slide
Arunachal Pradesh,East Kameng,27.302389,93.055833,Debris,Slide
Arunachal Pradesh,East Kameng,27.302861,93.050917,Soil / Earth,Slide
Arunachal Pradesh,East Kameng,27.304361,93.054611,Soil,Slide
Arunachal Pradesh,East Kameng,27.320083,93.050917,Earth,Slide
Arunachal Pradesh,East Kameng,27.32025,93.053222,Debris,Slide
Arunachal Pradesh,East Kameng,27.325861,93.055472,Debris,Slide
Arunachal Pradesh,East Kameng,27.327333,93.043611,Soil,Slide
Arunachal Pradesh,East Kameng,27.328611,93.056583,Rock,"Planar/Wedge
failure"
Arunachal Pradesh,East Kameng,27.342139,93.041583,Earth,Slide
Arunachal Pradesh,East Kameng,27.34675,93.018528,Debris,Slide
Arunachal Pradesh,East Kameng,27.347917,93.012194,Earth,Slide
Arunachal Pradesh,East Kameng,27.357083,93.026361,Debris,Slide
Arunachal Pradesh,East Kameng,27.361222,93.035778,Debris,Slide
Arunachal Pradesh,East Kameng,27.363833,93.025139,Soil,Slide
Arunachal Pradesh,East Kameng,27.391639,93.011861,Debris,Slide
Arunachal Pradesh,East Kameng,27.411944,93.010528,Debris,Slide
Arunachal Pradesh,East Kameng,27.420722,93.011083,Earth,Slide
Arunachal Pradesh,East Kameng,27.421139,93.017611,Debris,Slide
Arunachal Pradesh,East Kameng,27.422111,93.014639,Soil,Slide
Arunachal Pradesh,East Kameng,27.423722,93.007583,Rock,Fall
Arunachal Pradesh,East Kameng,27.428833,93.025306,Debris,Slide
Arunachal Pradesh,East Kameng,27.436722,93.003639,Debris,Slide
Arunachal Pradesh,East Kameng,27.437333,93.029667,Soil,Slide
Arunachal Pradesh,East Kameng,27.441028,93.020389,Soil/Earth,Slide
Arunachal Pradesh,East Kameng,27.441694,93.021472,Debris,Slide
Arunachal Pradesh,East Kameng,27.520111,92.997139,Rock,Slide
Arunachal Pradesh,East Kameng,27.521083,92.995444,Debris,Slide
Arunachal Pradesh,East Kameng,27.530556,92.959167,Rock,Slide
Arunachal Pradesh,East Kameng,27.5335,92.964861,Rock,Slide
Arunachal Pradesh,East Kameng,27.535806,92.930667,Debris,Slide
Arunachal Pradesh,East Kameng,27.538778,92.988139,Debris,Slide
Arunachal Pradesh,East Kameng,27.539694,92.991306,Rock,Fall
Arunachal Pradesh,East Kameng,27.540917,92.949333,Debris,Slide
Arunachal Pradesh,East Kameng,27.542083,92.946,Debris,Slide
Arunachal Pradesh,East Kameng,27.542389,92.946306,Rock,Slide
Arunachal Pradesh,East Kameng,27.542639,92.954417,Rock,Slide
Arunachal Pradesh,East Kameng,27.543472,92.95525,Debris,Slide
Arunachal Pradesh,East Kameng,27.543778,92.982806,Debris,Slide
Arunachal Pradesh,East Kameng,27.544667,92.958806,Debris,Slide
Arunachal Pradesh,East Kameng,27.546278,92.981472,Rock,Slide
Arunachal Pradesh,East Kameng,27.549389,92.979028,Rock,Slide
Arunachal Pradesh,East Kameng,27.550389,92.964861,Debris,Slide
Arunachal Pradesh,East Kameng,27.552639,92.965861,Rock,Slide
Arunachal Pradesh,East Kameng,27.553611,92.975583,Rock,Fall
Arunachal Pradesh,East Kameng,27.555194,92.966222,Rock,Slide
Arunachal Pradesh,East Kameng,27.555389,92.960778,Debris,Slide
Arunachal Pradesh,East Kameng,27.555583,92.963028,Rock,Slide
Arunachal Pradesh,East Kameng,27.555611,92.962194,Debris,Slide
Arunachal Pradesh,East Kameng,27.561111,92.965278,Rock,Slide
Arunachal Pradesh,East Kameng,27.562917,92.983139,Debris,Slide
Arunachal Pradesh,East Kameng,27.563167,92.975139,Rock,Slide
Arunachal Pradesh,East Kameng,27.566131,92.973072,Debris,Slide
Arunachal Pradesh,East Kameng,27.566611,92.967639,Debris,Slide
Arunachal Pradesh,East Kameng,27.568028,92.993944,Rock,Slide
Arunachal Pradesh,East Kameng,27.568778,92.966583,Debris,Slide
Arunachal Pradesh,East Kameng,27.571111,92.965556,Rock,Slide
Arunachal Pradesh,East Kameng,27.574306,92.999556,Debris,Slide
Arunachal Pradesh,East Kameng,27.322582,93.048256,Debris,Slide
Arunachal Pradesh,East Kameng,27.313874,93.045623,Soil,Slide
Arunachal Pradesh,East Kameng,27.311231,93.04677,Soil,Slide
Arunachal Pradesh,East Kameng,27.309745,93.047722,Soil,Slide
Arunachal Pradesh,East Kameng,27.304291,93.052835,Debris,Slide
Arunachal Pradesh,East Kameng,27.308143,93.059302,Soil,Slide
Arunachal Pradesh,East Kameng,27.301468,93.053244,Debris,Slide
Arunachal Pradesh,East Kameng,27.302253,93.050932,Debris,Slide
Arunachal Pradesh,East Kameng,27.293539,93.050398,Debris,Slide
Arunachal Pradesh,East Kameng,27.296928,93.088111,Debris,Slide
Arunachal Pradesh,East Kameng,27.301412,93.051563,Debris,Slide
Arunachal Pradesh,East Kameng,27.311571,93.046703,Debris,Slide
Arunachal Pradesh,East Kameng,27.216933,93.066329,Debris,slide
Arunachal Pradesh,East Kameng,27.307958,93.498326,Debris,slide
Arunachal Pradesh,East Siang,28.14116,95.27472,"Debris/unconsolidat
ed material","Debris slide
and subsidence"
Arunachal Pradesh,East Siang,28.14251,95.27439,"Debris/unconsolidat
ed material","Debris slide
and subsidence"
Arunachal Pradesh,East Siang,28.025611,95.271179,Debris,Slide
Arunachal Pradesh,East Siang,28.033278,95.235383,Debris,Flow
Arunachal Pradesh,East Siang,28.093514,95.272526,Earth,Slide
Arunachal Pradesh,East Siang,28.094144,95.282568,Earth,Slide
Arunachal Pradesh,East Siang,28.095632,95.281371,Earth,Slide
Arunachal Pradesh,East Siang,28.097043,95.274751,Debris,Slide
Arunachal Pradesh,East Siang,28.097163,95.270824,Rock,Wedge failure
Arunachal Pradesh,East Siang,28.097285,95.28003,Debris,Slide
Arunachal Pradesh,East Siang,28.099376,95.27268,Rock,Wedge failure
Arunachal Pradesh,East Siang,28.099647,95.28567,Debris,Slide
Arunachal Pradesh,East Siang,28.099657,95.287831,Debris,Slide
Arunachal Pradesh,East Siang,28.099705,95.284891,Debris,Slide
Arunachal Pradesh,East Siang,28.099858,95.282975,Debris,Slide
Arunachal Pradesh,East Siang,28.101031,95.282364,Debris,Slide
Arunachal Pradesh,East Siang,28.101692,95.271861,Debris,Slide
Arunachal Pradesh,East Siang,28.103902,95.27946,Debris,Slide
Arunachal Pradesh,East Siang,28.106358,95.268592,Earth,Slide
Arunachal Pradesh,East Siang,28.109161,95.269084,Debris,Slide
Arunachal Pradesh,East Siang,28.113119,95.270938,Debris,Slide
Arunachal Pradesh,East Siang,28.113846,95.273389,Debris,Slide
Arunachal Pradesh,East Siang,28.114617,95.273722,Debris,Slide
Arunachal Pradesh,East Siang,28.114742,95.273582,Debris,Slide
Arunachal Pradesh,East Siang,28.117222,95.273075,Debris,Slide
Arunachal Pradesh,East Siang,28.131694,95.136186,Debris,slide
Arunachal Pradesh,East Siang,28.135056,95.145444,Soil,slide
Arunachal Pradesh,East Siang,28.138811,95.254821,Debris,Slide
Arunachal Pradesh,East Siang,28.14005,95.266592,Debris,Slide
Arunachal Pradesh,East Siang,28.140639,95.292122,Rock,Wedge failure
Arunachal Pradesh,East Siang,28.140915,95.266966,Rock,Wedge failure
Arunachal Pradesh,East Siang,28.141514,95.289198,Debris,Slide
Arunachal Pradesh,East Siang,28.142304,95.288126,Debris,Slide
Arunachal Pradesh,East Siang,28.1425,95.239194,Debris,Slide
Arunachal Pradesh,East Siang,28.142551,95.287886,Debris,Slide
Arunachal Pradesh,East Siang,28.143839,95.285971,Debris,Slide
Arunachal Pradesh,East Siang,28.145306,95.239167,Rock,Slide
Arunachal Pradesh,East Siang,28.145629,95.275805,Debris,Slide
Arunachal Pradesh,East Siang,28.145847,95.273686,Rock,Wedge failure
Arunachal Pradesh,East Siang,28.147806,95.224833,Debris,Slide
Arunachal Pradesh,East Siang,28.14787,95.279987,Debris,Slide
Arunachal Pradesh,East Siang,28.148417,95.277964,Debris,Slide
Arunachal Pradesh,East Siang,28.149568,95.277177,Debris,Slide
Arunachal Pradesh,East Siang,28.150741,95.275122,Debris,Slide
Arunachal Pradesh,East Siang,28.153028,95.218294,Debris,slide
Arunachal Pradesh,East Siang,28.154111,95.181694,Rock,Slide
Arunachal Pradesh,East Siang,28.160664,95.446755,Debris,Slide
Arunachal Pradesh,East Siang,28.160853,95.446925,Debris,Slide
Arunachal Pradesh,East Siang,28.162497,95.441244,Debris,Slide
Arunachal Pradesh,East Siang,28.16317,95.450433,Debris,Slide
Arunachal Pradesh,East Siang,28.163322,95.459813,Debris,Slide
Arunachal Pradesh,East Siang,28.163691,95.458,Debris,Slide
Arunachal Pradesh,East Siang,28.165684,95.462909,Debris,Slide
Arunachal Pradesh,East Siang,28.165711,95.46208,Debris,Slide
Arunachal Pradesh,East Siang,28.167982,95.431764,Debris,Slide
Arunachal Pradesh,East Siang,28.169389,95.235722,Debris,slide
Arunachal Pradesh,East Siang,28.169583,95.223917,Rock,slide
Arunachal Pradesh,East Siang,28.169611,95.240639,Debris,slide
Arunachal Pradesh,East Siang,28.174973,95.469402,Debris,Slide
Arunachal Pradesh,East Siang,28.175079,95.469602,Debris,Slide
Arunachal Pradesh,East Siang,28.175556,95.221861,Rock,slide
Arunachal Pradesh,East Siang,28.175659,95.470804,Debris,Slide
Arunachal Pradesh,East Siang,28.179262,95.477068,Debris,Slide
Arunachal Pradesh,East Siang,28.181365,95.470102,Rock,Wedge failure
Arunachal Pradesh,East Siang,28.181834,95.469828,Debris,Slide
Arunachal Pradesh,East Siang,28.186582,95.471126,Rock,Wedge failure
Arunachal Pradesh,East Siang,28.227891,95.541082,Debris,Slide
Arunachal Pradesh,East Siang,28.237716,95.535611,Debris,Slide
Arunachal Pradesh,East Siang,28.242444,95.536828,Rock,Fall
Arunachal Pradesh,East Siang,28.242969,95.537549,Rock,Slide
Arunachal Pradesh,East Siang,28.243417,95.538216,Debris,Slide
Arunachal Pradesh,East Siang,28.260051,94.984752,Rock-cum-Debris,Slide
Arunachal Pradesh,East Siang,28.265963,94.983464,Rock-cum-Debris,Slide
Arunachal Pradesh,East Siang,28.269497,94.982531,Rock-cum-Debris,Slide
Arunachal Pradesh,East Siang,28.274019,94.962496,Rock-cum-Debris,Slide
Arunachal Pradesh,East Siang,28.280246,94.953896,Rock-cum-Debris,Slide
Arunachal Pradesh,East Siang,28.287317,94.947651,Rock-cum-Debris,Slide
Arunachal Pradesh,East Siang,28.303771,94.948727,Rock-cum-Debris,Slide
Arunachal Pradesh,East Siang,28.335376,94.956509,Rock-cum-Debris,Slide
Arunachal Pradesh,East Siang,28.342551,94.987136,Rock-cum-Debris,Slide
Arunachal Pradesh,East Siang,28.789647,95.894965,Debris,Slide
Arunachal Pradesh,East Siang,28.139996,95.259634,Debris,slide
Arunachal Pradesh,East Siang,28.136244,95.245136,Debris,slide
Arunachal Pradesh,Kamle,27.751917,94.023472,Debris,Slide
Arunachal Pradesh,Kamle,27.754056,94.018528,Debris,Slide
Arunachal Pradesh,Kamle,27.758889,94.059833,Rock,Slide
Arunachal Pradesh,Kamle,27.759361,94.047083,Rock,Slide
Arunachal Pradesh,Kamle,27.813833,94.134333,Debris,Slide
Arunachal Pradesh,Kamle,27.81975,94.138722,Debris,Slide
Arunachal Pradesh,Kamle,27.821861,94.104806,Debris,Slide
Arunachal Pradesh,Kamle,27.822556,94.135417,Debris,Slide
Arunachal Pradesh,Kamle,27.8305,94.157444,Rock,Fall
Arunachal Pradesh,Kamle,27.7621,94.0563,Rock,Slide
Arunachal Pradesh,Kamle,27.763,94.037,Rock,Slide
Arunachal Pradesh,Kra Daadi,27.5806,93.6348,Debris,Flow
Arunachal Pradesh,Kra Daadi,27.637611,93.637722,Debris,Slide
Arunachal Pradesh,Kra Daadi,27.652167,93.632417,Debris,Slide
Arunachal Pradesh,Kra Daadi,27.668278,93.629472,Debris,Slide
Arunachal Pradesh,Kra Daadi,27.668611,93.63,Debris,Slide
Arunachal Pradesh,Kra Daadi,27.690111,93.632556,Debris,Slide
Arunachal Pradesh,Kra Daadi,27.756511,93.417861,Debris,Slide
Arunachal Pradesh,Kra Daadi,27.756778,93.436761,soil,Slide
Arunachal Pradesh,Kra Daadi,27.758806,93.609167,Debris,Slide
Arunachal Pradesh,Kra Daadi,27.763444,93.608278,Debris,Slide
Arunachal Pradesh,Kra Daadi,27.772194,93.59325,Debris,Slide
Arunachal Pradesh,Kra Daadi,27.773847,93.595528,Debris,Slide
Arunachal Pradesh,Kra Daadi,27.78,93.456231,Debris,Slide
Arunachal Pradesh,Kra Daadi,27.781792,93.477942,Debris,Slide
Arunachal Pradesh,Kra Daadi,27.783667,93.600806,Debris,Slide
Arunachal Pradesh,Kra Daadi,27.794583,93.597306,Debris,Slide
Arunachal Pradesh,Kurung Kumey,27.782139,93.546139,Debris,Slide
Arunachal Pradesh,Kurung Kumey,27.788389,93.526528,Debris,Slide
Arunachal Pradesh,Kurung Kumey,27.788639,93.539667,Debris,Slide
Arunachal Pradesh,Kurung Kumey,27.801194,93.541944,Debris,Slide
Arunachal Pradesh,Kurung Kumey,27.801194,93.541667,Debris,Slide
Arunachal Pradesh,Kurung Kumey,27.803972,93.543083,Debris,Slide
Arunachal Pradesh,Kurung Kumey,27.814806,93.521,Rock,Slide
Arunachal Pradesh,Kurung Kumey,27.83275,93.504417,Debris,Slide
Arunachal Pradesh,Kurung Kumey,27.854583,93.484722,Debris,Slide
Arunachal Pradesh,Kurung Kumey,27.863722,93.473389,Debris,Slide
Arunachal Pradesh,Kurung Kumey,27.866083,93.467306,Debris,Slide
Arunachal Pradesh,Kurung Kumey,27.86775,93.465861,Debris,Slide
Arunachal Pradesh,Kurung Kumey,27.872722,93.456306,Debris,Slide
Arunachal Pradesh,Kurung Kumey,27.874667,93.452917,Debris,Slide
Arunachal Pradesh,Kurung Kumey,27.882056,93.444333,Debris,Slide
Arunachal Pradesh,Kurung Kumey,27.897722,93.406306,Debris,Slide
Arunachal Pradesh,Kurung Kumey,27.898806,93.408444,Debris,Slide
Arunachal Pradesh,Kurung Kumey,27.903389,93.370361,Debris,Slide
Arunachal Pradesh,Kurung Kumey,27.903417,93.371722,Debris,Slide
Arunachal Pradesh,Lepa rada,27.909278,94.736111,Debris,Slide
Arunachal Pradesh,Lepa rada,27.910417,94.739528,Debris,Slide
Arunachal Pradesh,Lepa rada,27.912806,94.726972,Rock,Slide
Arunachal Pradesh,Lepa rada,27.913333,94.737472,Debris,Slide
Arunachal Pradesh,Lepa rada,27.914944,94.721806,Rock,Slide
Arunachal Pradesh,Lepa rada,27.933611,94.703472,Rock,Slide
Arunachal Pradesh,Lepa rada,27.937861,94.702139,Rock,Slide
Arunachal Pradesh,Lepa rada,27.938056,94.700306,Rock,Slide
Arunachal Pradesh,Lepa rada,27.94175,94.695694,Rock,Slide
Arunachal Pradesh,Lepa rada,27.942917,94.694528,Rock,Slide
Arunachal Pradesh,Lepa rada,27.944444,94.692528,Rock,Slide
Arunachal Pradesh,Lepa rada,27.957306,94.68625,Rock,Slide
Arunachal Pradesh,Lepa rada,27.995889,94.525941,Rock-cum-Debris,Slide
Arunachal Pradesh,Lepa rada,28.013577,94.568456,Debris,Slide
Arunachal Pradesh,Lepa rada,28.014765,94.569467,Debris,Slide
Arunachal Pradesh,Lepa rada,28.022667,94.574294,Debris,Slide
Arunachal Pradesh,Lepa rada,28.024169,94.582184,Debris,Slide
Arunachal Pradesh,Lepa rada,28.024691,94.553634,Debris,Slide
Arunachal Pradesh,Lepa rada,28.026515,94.590918,Debris,Slide
Arunachal Pradesh,Lepa rada,28.026733,94.593471,Debris,Slide
Arunachal Pradesh,Lepa rada,28.029848,94.616455,Debris,Slide
Arunachal Pradesh,Lohit,27.87469,96.35986,Rock,Slide
Arunachal Pradesh,Lohit,27.87825,96.36614,Rock,Fall
Arunachal Pradesh,Lohit,27.89311,96.36336,Rock,Fall
Arunachal Pradesh,Lohit,27.90417,96.35869,Rock cum Debris,Slide
Arunachal Pradesh,Lohit,27.90467,96.35917,Rock,Slide
Arunachal Pradesh,Lohit,27.90475,96.34811,Debris,Fall
Arunachal Pradesh,Lohit,27.90581,96.35933,Rock,Fall
Arunachal Pradesh,Lohit,27.90664,96.35964,Rock,Slide
Arunachal Pradesh,Lohit,27.90772,96.34517,Rock,Fall
Arunachal Pradesh,Lohit,27.90814,96.36028,Rock,Slide
Arunachal Pradesh,Lohit,27.91164,96.34269,Rock cum Debris,Slide
Arunachal Pradesh,Lohit,27.91636,96.33392,Rock,Fall
Arunachal Pradesh,Lohit,27.91647,96.33161,Rock,Slide
Arunachal Pradesh,Lohit,27.91669,96.33833,Rock cum Debris,Slide
Arunachal Pradesh,Lohit,27.91886,96.33156,Rock,Slide
Arunachal Pradesh,Lohit,27.91897,96.33108,Rock,Slide
Arunachal Pradesh,Lohit,27.93967,96.38097,Debris,Slide
Arunachal Pradesh,Lohit,27.94083,96.38161,Rock cum Debris,Subsidence
Arunachal Pradesh,Lohit,27.94903,96.39158,Rock,"Slide and
topple"
Arunachal Pradesh,Lohit,27.95603,96.40267,Debris,Slide
Arunachal Pradesh,Lohit,27.95672,96.39697,Debris,Slide
Arunachal Pradesh,Lohit,27.95964,96.40178,Debris,Flow
Arunachal Pradesh,Lohit,27.96325,96.40097,Debris,Slide
Arunachal Pradesh,Lohit,27.96756,96.40189,Rock,Slide
Arunachal Pradesh,Lohit,27.96756,96.40214,Rock cum Debris,Slide
Arunachal Pradesh,Lohit,27.968,96.39822,Debris,Flow
Arunachal Pradesh,Lohit,28.05989,96.46281,Debris,Slide
Arunachal Pradesh,Longding,26.736494,95.261822,Debris,Slide
Arunachal Pradesh,Longding,26.799929,95.309533,Debris,Slide
Arunachal Pradesh,Longding,26.849624,95.320878,Debris,Slide
Arunachal Pradesh,Longding,26.87859,95.35234,Debris,Slide
Arunachal Pradesh,Longding,26.881881,95.333027,Debris,Slide
Arunachal Pradesh,Longding,26.904445,95.360399,Debris,Slide
Arunachal Pradesh,Longding,26.925697,95.371448,Debris,Slide
Arunachal Pradesh,Lower Dibang Valley,28.171187,95.833166,Earth,Slide
Arunachal Pradesh,Lower Dibang Valley,28.173434,95.836605,Earth,Slide
Arunachal Pradesh,Lower Dibang Valley,28.192581,95.804085,Rock,slide
Arunachal Pradesh,Lower Dibang Valley,28.193864,95.805469,Debris,Slide
Arunachal Pradesh,Lower Dibang Valley,28.194651,95.807085,Debris,Slide
Arunachal Pradesh,Lower Dibang Valley,28.198018,95.810448,Rock,Slide
Arunachal Pradesh,Lower Dibang Valley,28.199873,95.811883,Rock,Slide
Arunachal Pradesh,Lower Dibang Valley,28.201838,95.812004,Rock,Slide
Arunachal Pradesh,Lower Dibang Valley,28.202844,95.811201,Rock,Slide
Arunachal Pradesh,Lower Dibang Valley,28.205003,95.813193,Rock,Slide
Arunachal Pradesh,Lower Dibang Valley,28.20737,95.81005,Rock,Slide
Arunachal Pradesh,Lower Dibang Valley,28.207699,95.809197,Rock,Fall
Arunachal Pradesh,Lower Dibang Valley,28.207796,95.807742,Rock,Slide
Arunachal Pradesh,Lower Dibang Valley,28.209018,95.80348,Debris,Slide
Arunachal Pradesh,Lower Dibang Valley,28.209062,95.806755,Rock,Slide
Arunachal Pradesh,Lower Dibang Valley,28.212211,95.801273,Rock,Slide
Arunachal Pradesh,Lower Dibang Valley,28.212275,95.802589,Debris,Slide
Arunachal Pradesh,Lower Dibang Valley,28.21267,95.803194,Debris,Slide
Arunachal Pradesh,Lower Dibang Valley,28.215014,95.799764,Rock,Slide
Arunachal Pradesh,Lower Dibang Valley,28.215206,95.793704,Debris,Slide
Arunachal Pradesh,Lower Dibang Valley,28.215862,95.795227,Debris,Slide
Arunachal Pradesh,Lower Dibang Valley,28.215926,95.799557,Rock,Slide
Arunachal Pradesh,Lower Dibang Valley,28.216253,95.796393,Debris,Slide
Arunachal Pradesh,Lower Dibang Valley,28.216997,95.790585,Debris,Slide
Arunachal Pradesh,Lower Dibang Valley,28.217204,95.789599,Debris,Slide
Arunachal Pradesh,Lower Dibang Valley,28.217543,95.792489,Debris,Slide
Arunachal Pradesh,Lower Dibang Valley,28.217595,95.793032,Debris,Slide
Arunachal Pradesh,Lower Dibang Valley,28.218539,95.794022,Rock,Slide
Arunachal Pradesh,Lower Dibang Valley,28.21909,95.791084,Rock,Slide
Arunachal Pradesh,Lower Dibang Valley,28.219976,95.799065,Debris,Slide
Arunachal Pradesh,Lower Dibang Valley,28.223825,95.829105,Debris,Slide
Arunachal Pradesh,Lower Dibang Valley,28.227703,95.781369,Debris,Slide
Arunachal Pradesh,Lower Dibang Valley,28.229114,95.780019,Debris,Slide
Arunachal Pradesh,Lower Dibang Valley,28.229809,95.779855,Debris,Slide
Arunachal Pradesh,Lower Dibang Valley,28.234199,95.777037,Debris,Slide
Arunachal Pradesh,Lower Dibang Valley,28.237008,95.776204,Debris,Slide
Arunachal Pradesh,Lower Dibang Valley,28.237425,95.897823,Rock,Slide
Arunachal Pradesh,Lower Dibang Valley,28.238144,95.774758,Debris,Slide
Arunachal Pradesh,Lower Dibang Valley,28.238615,95.893348,Debris,Slide
Arunachal Pradesh,Lower Dibang Valley,28.238692,95.892681,Debris,Slide
Arunachal Pradesh,Lower Dibang Valley,28.239482,95.774559,Rock,Slide
Arunachal Pradesh,Lower Dibang Valley,28.240442,95.774201,Rock,Slide
Arunachal Pradesh,Lower Dibang Valley,28.240521,95.866592,Debris,Slide
Arunachal Pradesh,Lower Dibang Valley,28.241041,95.866387,Rock,Slide
Arunachal Pradesh,Lower Dibang Valley,28.24175,95.925012,Debris,Slide
Arunachal Pradesh,Lower Dibang Valley,28.242214,95.923556,Debris,Slide
Arunachal Pradesh,Lower Dibang Valley,28.242782,95.922731,Rock,Slide
Arunachal Pradesh,Lower Dibang Valley,28.242997,95.772144,Debris,Slide
Arunachal Pradesh,Lower Dibang Valley,28.243182,95.921338,Rock,Slide
Arunachal Pradesh,Lower Dibang Valley,28.243322,95.921911,Rock,Slide
Arunachal Pradesh,Lower Dibang Valley,28.243461,95.894049,Rock,Slide
Arunachal Pradesh,Lower Dibang Valley,28.244851,95.773499,Rock,Slide
Arunachal Pradesh,Lower Dibang Valley,28.244966,95.914872,Rock,Slide
Arunachal Pradesh,Lower Dibang Valley,28.244975,95.914094,Rock,Slide
Arunachal Pradesh,Lower Dibang Valley,28.245016,95.77363,Debris,Slide
Arunachal Pradesh,Lower Dibang Valley,28.245371,95.774057,Debris,Slide
Arunachal Pradesh,Lower Dibang Valley,28.246304,95.889037,Rock,Slide
Arunachal Pradesh,Lower Dibang Valley,28.246512,95.541646,Rock,Slide
Arunachal Pradesh,Lower Dibang Valley,28.249718,95.546273,Debris,Slide
Arunachal Pradesh,Lower Dibang Valley,28.251139,95.55011,Debris,Slide
Arunachal Pradesh,Lower Dibang Valley,28.252176,95.775797,Rock,Slide
Arunachal Pradesh,Lower Dibang Valley,28.252507,95.781741,Debris,Slide
Arunachal Pradesh,Lower Dibang Valley,28.253453,95.908055,Rock,Slide
Arunachal Pradesh,Lower Dibang Valley,28.253915,95.578439,Debris,Slide
Arunachal Pradesh,Lower Dibang Valley,28.254509,95.581558,Debris,Slide
Arunachal Pradesh,Lower Dibang Valley,28.255059,95.576996,Debris,Slide
Arunachal Pradesh,Lower Dibang Valley,28.255261,95.582613,Rock,Wedge failure
Arunachal Pradesh,Lower Dibang Valley,28.255355,95.551658,Debris,Slide
Arunachal Pradesh,Lower Dibang Valley,28.255703,95.55061,Rock,Wedge failure
Arunachal Pradesh,Lower Dibang Valley,28.255967,95.907144,Rock,Slide
Arunachal Pradesh,Lower Dibang Valley,28.256126,95.576152,Debris,Slide
Arunachal Pradesh,Lower Dibang Valley,28.256397,95.550978,Debris,Slide
Arunachal Pradesh,Lower Dibang Valley,28.256434,95.57515,Debris,Slide
Arunachal Pradesh,Lower Dibang Valley,28.25701,95.551656,Debris,Slide
Arunachal Pradesh,Lower Dibang Valley,28.257258,95.777764,Debris,Slide
Arunachal Pradesh,Lower Dibang Valley,28.25736,95.55087,Debris,Slide
Arunachal Pradesh,Lower Dibang Valley,28.257991,95.781619,Debris,Slide
Arunachal Pradesh,Lower Dibang Valley,28.258122,95.55209,Debris,Slide
Arunachal Pradesh,Lower Dibang Valley,28.258144,95.551252,Debris,Slide
Arunachal Pradesh,Lower Dibang Valley,28.259524,95.780336,Debris,Slide
Arunachal Pradesh,Lower Dibang Valley,28.259561,95.568965,Debris,Slide
Arunachal Pradesh,Lower Dibang Valley,28.26053,95.904556,Rock,Slide
Arunachal Pradesh,Lower Dibang Valley,28.261147,95.567331,Debris,Slide
Arunachal Pradesh,Lower Dibang Valley,28.261379,95.566909,Rock,Wedge failure
Arunachal Pradesh,Lower Dibang Valley,28.261999,95.56626,Debris,Slide
Arunachal Pradesh,Lower Dibang Valley,28.262338,95.565698,Debris,Slide
Arunachal Pradesh,Lower Dibang Valley,28.262806,95.565421,Debris,Slide
Arunachal Pradesh,Lower Dibang Valley,28.262879,95.551911,Debris,Slide
Arunachal Pradesh,Lower Dibang Valley,28.262989,95.59932,Debris,Slide
Arunachal Pradesh,Lower Dibang Valley,28.263228,95.570962,Debris,Slide
Arunachal Pradesh,Lower Dibang Valley,28.263468,95.570661,Rock,Wedge failure
Arunachal Pradesh,Lower Dibang Valley,28.263731,95.551326,Debris,Slide
Arunachal Pradesh,Lower Dibang Valley,28.264331,95.565798,Debris,Slide
Arunachal Pradesh,Lower Dibang Valley,28.2646,95.571519,Debris,Slide
Arunachal Pradesh,Lower Dibang Valley,28.264888,95.550575,Rock,Wedge failure
Arunachal Pradesh,Lower Dibang Valley,28.265266,95.56964,Debris,Slide
Arunachal Pradesh,Lower Dibang Valley,28.265532,95.549321,Debris,Slide
Arunachal Pradesh,Lower Dibang Valley,28.265561,95.562854,Debris,Slide
Arunachal Pradesh,Lower Dibang Valley,28.265563,95.563438,Debris,Slide
Arunachal Pradesh,Lower Dibang Valley,28.265803,95.570892,Debris,Slide
Arunachal Pradesh,Lower Dibang Valley,28.265836,95.563875,Debris,Slide
Arunachal Pradesh,Lower Dibang Valley,28.265965,95.560934,Debris,Slide
Arunachal Pradesh,Lower Dibang Valley,28.266271,95.609385,Debris,Slide
Arunachal Pradesh,Lower Dibang Valley,28.266795,95.607261,Debris,Slide
Arunachal Pradesh,Lower Dibang Valley,28.266807,95.789109,Debris,Slide
Arunachal Pradesh,Lower Dibang Valley,28.267216,95.559542,Debris,Slide
Arunachal Pradesh,Lower Dibang Valley,28.267526,95.561048,Debris,Slide
Arunachal Pradesh,Lower Dibang Valley,28.267726,95.551477,Debris,Slide
Arunachal Pradesh,Lower Dibang Valley,28.26825,95.555457,Debris,Slide
Arunachal Pradesh,Lower Dibang Valley,28.269062,95.610767,Debris,Slide
Arunachal Pradesh,Lower Dibang Valley,28.26986,95.610757,Debris,Slide
Arunachal Pradesh,Lower Dibang Valley,28.27138,95.90606,Rock,Slide
Arunachal Pradesh,Lower Dibang Valley,28.273544,95.789425,Debris,Slide
Arunachal Pradesh,Lower Dibang Valley,28.277716,95.789358,Debris,Slide
Arunachal Pradesh,Lower Dibang Valley,28.286447,95.920837,Rock,Slide
Arunachal Pradesh,Lower Dibang Valley,28.289254,95.785468,Rock,Slide
Arunachal Pradesh,Lower Dibang Valley,28.296668,95.92282,Debris,Slide
Arunachal Pradesh,Lower Dibang Valley,28.308592,95.971041,Debris,Slide
Arunachal Pradesh,Lower Dibang Valley,28.308841,95.973238,Debris,Slide
Arunachal Pradesh,Lower Dibang Valley,28.308943,95.966462,Debris,Slide
Arunachal Pradesh,Lower Dibang Valley,28.309676,95.967453,Debris,Slide
Arunachal Pradesh,Lower Dibang Valley,28.30984,95.984084,Rock,Slide
Arunachal Pradesh,Lower Dibang Valley,28.309975,95.952909,Rock,Fall
Arunachal Pradesh,Lower Dibang Valley,28.31085,95.979868,Debris,Slide
Arunachal Pradesh,Lower Dibang Valley,28.312731,95.975665,Debris,Slide
Arunachal Pradesh,Lower Dibang Valley,28.312795,95.97654,Debris,Slide
Arunachal Pradesh,Lower Dibang Valley,28.313528,95.966611,Rock,Slide
Arunachal Pradesh,Lower Dibang Valley,28.314581,95.966345,Debris,Slide
Arunachal Pradesh,Lower Dibang Valley,28.315484,95.982181,Rock,Slide
Arunachal Pradesh,Lower Dibang Valley,28.31731,95.956718,Debris,Slide
Arunachal Pradesh,Lower Dibang Valley,28.319141,95.956918,Debris,Slide
Arunachal Pradesh,Lower Dibang Valley,28.359553,95.948576,Rock,Fall
Arunachal Pradesh,Lower Dibang Valley,28.38919722,95.92776111,Rock,flow
Arunachal Pradesh,Lower Dibang Valley,28.487904,95.84071,Debris,Slide
Arunachal Pradesh,Lower Dibang Valley,28.199641,95.811903,Debris,slide
Arunachal Pradesh,Lower Dibang Valley,28.198566,95.813206,Debris,flow
Arunachal Pradesh,Lower Dibang Valley,28.194898,95.807336,Debris,slide
Arunachal Pradesh,Lower Dibang Valley,28.244256,95.920559,Debris,slide
Arunachal Pradesh,Lower Siang,27.790489,94.958147,Debris,Slide
Arunachal Pradesh,Lower Siang,27.715081,94.692035,Debris,slide
Arunachal Pradesh,Lower Subansiri,27.193425,93.780983,Debris,Slide
Arunachal Pradesh,Lower Subansiri,27.23995,93.806589,Debris,Slide
Arunachal Pradesh,Lower Subansiri,27.246131,93.804711,Debris,Slide
Arunachal Pradesh,Lower Subansiri,27.254756,93.801303,Debris,Slide
Arunachal Pradesh,Lower Subansiri,27.294886,93.803328,Debris,Slide
Arunachal Pradesh,Lower Subansiri,27.307072,93.806008,Debris,Slide
Arunachal Pradesh,Lower Subansiri,27.339267,93.802581,Debris,Slide
Arunachal Pradesh,Lower Subansiri,27.62225,93.840778,Debris,Slide
Arunachal Pradesh,Lower Subansiri,27.622972,93.841361,Debris,Slide
Arunachal Pradesh,Lower Subansiri,27.63825,93.857583,Debris,Slide
Arunachal Pradesh,Lower Subansiri,27.649194,93.874,Debris,Slide
Arunachal Pradesh,Lower Subansiri,27.656,93.877472,Soil,Slide
Arunachal Pradesh,Lower Subansiri,27.665417,93.892222,Debris,Slide
Arunachal Pradesh,Lower Subansiri,27.666556,93.891861,Debris,Slide
Arunachal Pradesh,Lower Subansiri,27.758611,93.997222,Debris,Slide
Arunachal Pradesh,Lower Subansiri,27.760889,93.990806,Debris,Slide
Arunachal Pradesh,Lower Subansiri,27.760917,93.995583,Rock,Slide
Arunachal Pradesh,Lower Subansiri,27.763722,93.992333,Debris,Slide
Arunachal Pradesh,Lower Subansiri,27.773556,93.969778,Debris,Slide
Arunachal Pradesh,Lower Subansiri,27.82925,93.911194,Debris,Slide
Arunachal Pradesh,Lower Subansiri,27.830944,93.917028,soil,Slide
Arunachal Pradesh,Lower Subansiri,27.8345,93.933694,Debris,Slide
Arunachal Pradesh,Lower Subansiri,27.622016,93.841176,Soil,slide
Arunachal Pradesh,Lower Subansiri,27.622973,93.841316,Debris,slide
Arunachal Pradesh,Lower Subansiri,27.623829,93.841776,Debris,slide
Arunachal Pradesh,Lower Subansiri,27.623885,93.841824,Debris,slide
Arunachal Pradesh,Lower Subansiri,27.631,93.8465,Debris,Slide
Arunachal Pradesh,Lower Subansiri,27.633,93.8464,Debris,Slide
Arunachal Pradesh,Lower Subansiri,27.636624,93.8485,Soil,Slide
Arunachal Pradesh,Lower Subansiri,27.6369,93.853,Debris,Slide
Arunachal Pradesh,Lower Subansiri,27.6375,93.8555,Soil,Slide
Arunachal Pradesh,Lower Subansiri,27.6387,93.8551,Soil,Slide
Arunachal Pradesh,Lower Subansiri,27.6384,93.8578,Soil,Slide
Arunachal Pradesh,Lower Subansiri,27.64,93.858,Soil,Slide
Arunachal Pradesh,Lower Subansiri,27.6478,93.8737,Debris,Slide
Arunachal Pradesh,Lower Subansiri,27.6402,93.8628,Debris,Slide
Arunachal Pradesh,Lower Subansiri,27.6394,93.8708,Debris,Slide
Arunachal Pradesh,Lower Subansiri,27.6451,93.8706,Soil,Slide
Arunachal Pradesh,Lower Subansiri,27.649,93.8744,Debris,Slide
Arunachal Pradesh,Lower Subansiri,27.6549,93.8759,Debris,Slide
Arunachal Pradesh,Lower Subansiri,27.66,93.8799,Debris,Slide
Arunachal Pradesh,Lower Subansiri,27.6607,93.8833,Debris,Slide
Arunachal Pradesh,Lower Subansiri,27.6756,93.8837,Debris,Slide
Arunachal Pradesh,Lower Subansiri,27.6784,93.9026,Debris,Slide
Arunachal Pradesh,Lower Subansiri,27.6712,93.8974,Debris,Slide
Arunachal Pradesh,Lower Subansiri,27.7306,93.9767,Debris,Slide
Arunachal Pradesh,Lower Subansiri,27.7257,93.9656,Debris,Slide
Arunachal Pradesh,Lower Subansiri,27.7231,93.9587,Debris,Slide
Arunachal Pradesh,Lower Subansiri,27.7182,93.947,Debris,Slide
Arunachal Pradesh,Lower dibang valley,27.944389,95.117586,Rock,Slide
Arunachal Pradesh,Lower dibang valley,27.951306,95.074056,Debris,slide
Arunachal Pradesh,Pakke Kessang,27.208083,93.133472,Soil,Slide
Arunachal Pradesh,Pakke Kessang,27.216933,93.066329,Debris,Slide
Arunachal Pradesh,Papum Pare,27.03106,93.62292,"Debris/unconsolidat
ed material","Debris slide
and subsidence"
Arunachal Pradesh,Papum Pare,27.078472,93.605639,Unknown,Slide
Arunachal Pradesh,Papum Pare,27.08130556,93.61283333,"Unconsolidated rock
debris and sandy soil.","Translation
(Debris flow)"
Arunachal Pradesh,Papum Pare,27.08155,93.61438,"Debris/unconsolidat
ed material",Debris slide
Arunachal Pradesh,Papum Pare,27.083117,93.601735,"Debris and
unconsolidated
material",Debris slide
Arunachal Pradesh,Papum Pare,27.088278,93.66925,Debris,Slide
Arunachal Pradesh,Papum Pare,27.091139,93.615667,Rock cum Debris,Slide
Arunachal Pradesh,Papum Pare,27.095278,93.615694,Unknown,Slide
Arunachal Pradesh,Papum Pare,27.09589,93.62284,"Debris/unconsolidat
ed materials",Debris slide
Arunachal Pradesh,Papum Pare,27.101111,93.619222,Rock cum Debris,Slide
Arunachal Pradesh,Papum Pare,27.10215,93.61371,"Debris/unconso
lidated material",Debris slide
Arunachal Pradesh,Papum Pare,27.102944,93.640417,Debris,Slide
Arunachal Pradesh,Papum Pare,27.103069,93.641778,Debris,Slide
Arunachal Pradesh,Papum Pare,27.103111,93.634019,Debris,Slide
Arunachal Pradesh,Papum Pare,27.103444,93.638722,Debris,Slide
Arunachal Pradesh,Papum Pare,27.10375,93.61529,"Debris
/unconsolidat
ed material",Debris slide
Arunachal Pradesh,Papum Pare,27.103944,93.637611,Debris,Slide
Arunachal Pradesh,Papum Pare,27.105556,93.699722,Debris,Slide
Arunachal Pradesh,Papum Pare,27.106472,93.663889,Rock cum Debris,Slide
Arunachal Pradesh,Papum Pare,27.106722,93.660111,Debris,Slide
Arunachal Pradesh,Papum Pare,27.10736,93.64975,Debris,Slide
Arunachal Pradesh,Papum Pare,27.112222,93.694444,Unknown,Flow
Arunachal Pradesh,Papum Pare,27.123139,93.702139,Debris,Slide
Arunachal Pradesh,Papum Pare,27.124444,93.742222,Unknown,Creep
Arunachal Pradesh,Papum Pare,27.1275,93.73164,Debris,Slide
Arunachal Pradesh,Papum Pare,27.128972,93.705333,Debris,Slide
Arunachal Pradesh,Papum Pare,27.13469444,93.74347222,"Unconsolidated rock
debris and sandy soil.","Translation
(Debris flow)"
Arunachal Pradesh,Papum Pare,27.16,93.739167,Debris,Slide
Arunachal Pradesh,Papum Pare,27.163556,93.752306,Debris,Slide
Arunachal Pradesh,Papum Pare,27.165806,93.751167,Debris,Slide
Arunachal Pradesh,Papum Pare,27.194111,93.780944,Debris,Slide
Arunachal Pradesh,Papum Pare,27.207583,93.615667,Debris,Slide
Arunachal Pradesh,Papum Pare,27.207659,93.615842,Debris,Slide
Arunachal Pradesh,Papum Pare,27.210556,93.628556,Debris,Slide
Arunachal Pradesh,Papum Pare,27.214778,93.635667,Debris,Slide
Arunachal Pradesh,Papum Pare,27.216278,93.655639,Debris,Slide
Arunachal Pradesh,Papum Pare,27.216639,93.691472,Debris,Slide
Arunachal Pradesh,Papum Pare,27.218611,93.695278,Debris,Slide
Arunachal Pradesh,Papum Pare,27.22075,93.581167,Rock,Slide
Arunachal Pradesh,Papum Pare,27.220833,93.698194,Debris,Slide
Arunachal Pradesh,Papum Pare,27.223667,93.580417,Debris,Slide
Arunachal Pradesh,Papum Pare,27.225361,93.570278,Debris,Slide
Arunachal Pradesh,Papum Pare,27.228056,93.568972,Rock,Slide
Arunachal Pradesh,Papum Pare,27.228167,93.799111,Debris,Slide
Arunachal Pradesh,Papum Pare,27.234139,93.707861,Rock,Slide
Arunachal Pradesh,Papum Pare,27.234917,93.536139,Debris,Slide
Arunachal Pradesh,Papum Pare,27.235306,93.524389,Debris,Slide
Arunachal Pradesh,Papum Pare,27.236139,93.715694,Debris,Slide
Arunachal Pradesh,Papum Pare,27.236306,93.807167,Debris,Slide
Arunachal Pradesh,Papum Pare,27.238222,93.806444,Debris,Slide
Arunachal Pradesh,Papum Pare,27.238917,93.806083,Debris,Slide
Arunachal Pradesh,Papum Pare,27.239333,93.745,Debris,Slide
Arunachal Pradesh,Papum Pare,27.240083,93.745917,Debris,Slide
Arunachal Pradesh,Papum Pare,27.240556,93.750417,Debris,Slide
Arunachal Pradesh,Papum Pare,27.241,93.731417,Debris,Slide
Arunachal Pradesh,Papum Pare,27.241056,93.749306,Debris,Slide
Arunachal Pradesh,Papum Pare,27.24125,93.746889,Debris,Slide
Arunachal Pradesh,Papum Pare,27.242917,93.757222,Debris,Slide
Arunachal Pradesh,Papum Pare,27.246111,93.804667,Debris,Slide
Arunachal Pradesh,Papum Pare,27.24675,93.765333,Debris,Slide
Arunachal Pradesh,Papum Pare,27.248167,93.765889,Debris,Slide
Arunachal Pradesh,Papum Pare,27.2495,93.507833,Soil,Slide
Arunachal Pradesh,Papum Pare,27.251806,93.504278,Debris,Slide
Arunachal Pradesh,Papum Pare,27.253778,93.507778,Debris,Slide
Arunachal Pradesh,Papum Pare,27.258556,93.778167,Debris,Slide
Arunachal Pradesh,Papum Pare,27.260222,93.7895,Debris,Slide
Arunachal Pradesh,Papum Pare,27.260444,93.7895,Rock,Slide
Arunachal Pradesh,Papum Pare,27.260722,93.780306,Debris,Slide
Arunachal Pradesh,Papum Pare,27.267722,93.80125,Debris,Slide
Arunachal Pradesh,Papum Pare,27.269861,93.802361,Debris,Slide
Arunachal Pradesh,Papum Pare,27.270019,93.799333,Debris,Slide
Arunachal Pradesh,Papum Pare,27.2745,93.797833,Debris,Slide
Arunachal Pradesh,Papum Pare,27.27625,93.795889,Debris,Slide
Arunachal Pradesh,Papum Pare,27.27925,93.796444,Debris,Slide
Arunachal Pradesh,Papum Pare,27.291083,93.796806,Debris,Slide
Arunachal Pradesh,Papum Pare,27.294278,93.802056,Debris,Slide
Arunachal Pradesh,Papum Pare,27.300833,93.802833,Debris,Slide
Arunachal Pradesh,Papum Pare,27.307111,93.806306,Debris,Slide
Arunachal Pradesh,Papum Pare,27.325806,93.822389,Debris,Slide
Arunachal Pradesh,Papum Pare,27.327583,93.813389,Debris,Slide
Arunachal Pradesh,Papum Pare,27.328528,93.812528,Debris,Slide
Arunachal Pradesh,Papum Pare,27.334056,93.819417,Debris,Slide
Arunachal Pradesh,Papum Pare,27.336667,93.820722,Debris,Slide
Arunachal Pradesh,Papum Pare,27.337028,93.821306,Debris,Slide
Arunachal Pradesh,Papum Pare,27.339833,93.805167,Debris,Slide
Arunachal Pradesh,Papum Pare,27.1929,93.7802,Debris,Slide
Arunachal Pradesh,Papum Pare,27.1076,93.6413,"Debris and
unconsolidated
material","Debris flow and
subsidence"
Arunachal Pradesh,Papum Pare,27.07925,93.59430556,Soil and boulders,Mud flow
Arunachal Pradesh,Papum Pare,27.2575411,93.7963965,Debris,Slide
Arunachal Pradesh,Papum Pare,27.2858578,93.798472,Debris,Slide
Arunachal Pradesh,Papum Pare,27.105253,93.825399,Debris,Slide
Arunachal Pradesh,Papum Pare,27.121136,93.762164,Debris,Flow
Arunachal Pradesh,Papum Pare,27.059755,93.522666,Debris,Slide
Arunachal Pradesh,Papum Pare,27.053976,93.494166,Debris,Slide
Arunachal Pradesh,Papum Pare,27.213127,92.652213,Debris,Slide
Arunachal Pradesh,Papum Pare,27.062298,93.531487,Debris,Slide
Arunachal Pradesh,Papum Pare,27.109398,93.61692,Debris,Slide
Arunachal Pradesh,Papum Pare,27.160636,93.738873,Debris,Slide
Arunachal Pradesh,Papum Pare,27.157291,93.739896,Debris,Slide
Arunachal Pradesh,Papum Pare,27.158579,93.74103,Debris,Slide
Arunachal Pradesh,Papum Pare,27.162502,93.746553,Debris,Slide
Arunachal Pradesh,Papum Pare,27.16186,93.747535,Debris,Slide
Arunachal Pradesh,Papum Pare,27.166107,93.750907,Debris,Slide
Arunachal Pradesh,Papum Pare,27.166864,93.755668,Debris,Slide
Arunachal Pradesh,Papum Pare,27.169659,93.756277,Debris,Slide
Arunachal Pradesh,Papum Pare,27.184921,93.782324,Debris,Slide
Arunachal Pradesh,Papum Pare,27.188151,93.78308,Debris,Slide
Arunachal Pradesh,Papum Pare,27.192865,93.781908,Debris,Slide
Arunachal Pradesh,Papum Pare,27.194916,93.778683,Debris,Slide
Arunachal Pradesh,Papum Pare,27.197293,93.782341,Debris,Slide
Arunachal Pradesh,Papum Pare,27.20833,93.794568,Debris,Slide
Arunachal Pradesh,Papum Pare,27.227449,93.798727,Debris,Slide
Arunachal Pradesh,Papum Pare,27.228061,93.797954,Debris,Slide
Arunachal Pradesh,Papum Pare,27.228511,93.799206,Debris,Slide
Arunachal Pradesh,Papum Pare,27.229356,93.800968,Debris,Slide
Arunachal Pradesh,Papum Pare,27.23616,93.807069,Debris,Slide
Arunachal Pradesh,Papum Pare,27.23719,93.80556,Debris,Slide
Arunachal Pradesh,Papum Pare,27.238406,93.806341,Debris,Slide
Arunachal Pradesh,Papum Pare,27.239998,93.807194,Debris,Slide
Arunachal Pradesh,Papum Pare,27.246268,93.804628,Debris,Slide
Arunachal Pradesh,Papum Pare,27.248114,93.805987,Debris,Slide
Arunachal Pradesh,Papum Pare,27.252527,93.804341,Debris,Slide
Arunachal Pradesh,Papum Pare,27.25649,93.795077,Debris,Slide
Arunachal Pradesh,Papum Pare,27.257603,93.796335,Debris,Slide
Arunachal Pradesh,Papum Pare,27.113024,93.606339,Debris,slide
Arunachal Pradesh,Papum Pare,27.080299,93.574089,Debris,slide
Arunachal Pradesh,Papum Pare,27.079763,93.573921,Debris,slide
Arunachal Pradesh,Papum Pare,27.078192,93.572402,Debris,slide
Arunachal Pradesh,Papum Pare,27.077728,93.57163,Debris,slide
Arunachal Pradesh,Papum Pare,27.076582,93.569035,Debris,slide
Arunachal Pradesh,Papum Pare,27.069837,93.5542,Debris,slide
Arunachal Pradesh,Papum Pare,27.069615,93.550726,Soil,slide
Arunachal Pradesh,Papum Pare,27.066648,93.536536,Debris,slide
Arunachal Pradesh,Papum Pare,27.2594,93.796312,Debris,Slide
Arunachal Pradesh,Papum Pare,27.267809,93.801259,Debris,Slide
Arunachal Pradesh,Papum Pare,27.269714,93.802353,Debris,Slide
Arunachal Pradesh,Papum Pare,27.270257,93.798647,Debris,Slide
Arunachal Pradesh,Papum Pare,27.274387,93.797815,Debris,Slide
Arunachal Pradesh,Papum Pare,27.099285,93.614766,Soil,subsidence
Arunachal Pradesh,Papum Pare,27.086102,93.596625,Debris,fall
Arunachal Pradesh,Shi-Yomi,27.979306,94.228528,Debris,Slide
Arunachal Pradesh,Shi-Yomi,28.527944,94.309444,Debris,Slide
Arunachal Pradesh,Siang,28.133611,95.11125,Debris,Slide
Arunachal Pradesh,Siang,28.174806,95.025111,Debris,slide
Arunachal Pradesh,Siang,28.192444,94.984917,Debris,Slide
Arunachal Pradesh,Siang,28.22675,94.225111,Debris,slide
Arunachal Pradesh,Tawang,27.58741667,91.88694444,Debris,Slide
Arunachal Pradesh,Tawang,27.59152778,91.88044444,Earth / soil,Flows
Arunachal Pradesh,Tawang,27.58647222,91.89636111,Earth/Soil/Debris,"Sinking/subside
nce"
Arunachal Pradesh,Tawang,27.50994444,91.85486111,Earth,Slide
Arunachal Pradesh,Tawang,27.561083,91.911528,Debris,Slide
Arunachal Pradesh,Tawang,27.576806,91.993444,Debris,Slide
Arunachal Pradesh,Tawang,27.579,91.868639,Unknown,Subsidence
Arunachal Pradesh,Tawang,27.58006,91.97728,Rock cum Debris,Slide
Arunachal Pradesh,Tawang,27.583611,91.973056,Debris,Slide
Arunachal Pradesh,Tawang,27.584639,91.860917,Rock cum Debris,Unknown
Arunachal Pradesh,Tawang,27.586694,91.871444,Unknown,Slide
Arunachal Pradesh,Tawang,27.587417,91.886944,Debris,Slide
Arunachal Pradesh,Tawang,27.587611,91.894167,Debris,Slide
Arunachal Pradesh,Tawang,27.589,91.873194,Earth,Slide
Arunachal Pradesh,Tawang,27.58925,91.795667,Rock cum Debris,Slide
Arunachal Pradesh,Tawang,27.589417,91.861444,Unknown,Slide
Arunachal Pradesh,Tawang,27.589889,91.881194,Unknown,Slide
Arunachal Pradesh,Tawang,27.590556,91.867667,Debris,Subsidence
Arunachal Pradesh,Tawang,27.590639,91.876806,Earth,Slide
Arunachal Pradesh,Tawang,27.591389,91.9025,Rock cum Debris,Slide
Arunachal Pradesh,Tawang,27.591417,91.973083,Soil,Slide
Arunachal Pradesh,Tawang,27.591528,91.880444,Unknown,Flow
Arunachal Pradesh,Tawang,27.591806,91.865028,Unknown,Fall
Arunachal Pradesh,Tawang,27.591833,91.865056,Debris,Flow
Arunachal Pradesh,Tawang,27.592639,91.867528,Unknown,Slide
Arunachal Pradesh,Tawang,27.592667,91.866222,Debris,Flow
Arunachal Pradesh,Tawang,27.593139,91.873889,Unknown,Slide
Arunachal Pradesh,Tawang,27.593361,91.879444,Unknown,Subsidence
Arunachal Pradesh,Tawang,27.594833,91.866417,Debris,Slide
Arunachal Pradesh,Tawang,27.594861,91.866444,Unknown,Fall
Arunachal Pradesh,Tawang,27.595167,91.895444,Debris,Slide
Arunachal Pradesh,Tawang,27.596278,91.894333,Debris,Slide
Arunachal Pradesh,Tawang,27.596639,91.878972,Debris,Slide
Arunachal Pradesh,Tawang,27.599,91.876528,Debris,Slide
Arunachal Pradesh,Tawang,27.599806,91.876111,Debris,Slide
Arunachal Pradesh,Tirap,26.885896,95.562013,Debris,Slide
Arunachal Pradesh,Tirap,26.897502,95.542612,Rock,Fall
Arunachal Pradesh,Tirap,26.904294,95.549313,Debris,Slide
Arunachal Pradesh,Tirap,26.919823,95.545421,Debris,Slide
Arunachal Pradesh,Tirap,26.93529,95.37696,Debris,Slide
Arunachal Pradesh,Tirap,26.936043,95.370996,Debris,Slide
Arunachal Pradesh,Tirap,26.939232,95.520994,Debris,Slide
Arunachal Pradesh,Tirap,26.943433,95.385986,Debris,Slide
Arunachal Pradesh,Tirap,26.952173,95.519402,Debris,Slide
Arunachal Pradesh,Tirap,26.976731,95.423103,Debris,Slide
Arunachal Pradesh,Tirap,26.984318,95.510469,Soil,Slide
Arunachal Pradesh,Tirap,26.994618,95.486818,Debris,Slide
Arunachal Pradesh,Tirap,26.994942,95.474591,Debris,Slide
Arunachal Pradesh,Tirap,27.019379,95.555899,Debris,Slide
Arunachal Pradesh,Tirap,27.032124,95.562208,Soil,Slide
Arunachal Pradesh,Tirap,27.035069,95.56864,Debris,Slide
Arunachal Pradesh,Tirap,27.036339,95.564677,Debris,Slide
Arunachal Pradesh,Tirap,27.046252,95.592084,Debris,Slide
Arunachal Pradesh,Tirap,27.061845,95.614212,Debris,Slide
Arunachal Pradesh,Tirap,27.072206,95.634021,Rock,Slide
Arunachal Pradesh,Tirap,27.074431,95.638118,Debris,Slide
Arunachal Pradesh,Tirap,27.079176,95.638023,Rock,Slide
Arunachal Pradesh,Tirap,27.083054,95.639328,Debris,Slide
Arunachal Pradesh,Tirap,27.095969,95.634872,Debris,Slide
Arunachal Pradesh,Tirap,27.099707,95.641075,Rock,Slide
Arunachal Pradesh,Tirap,27.102163,95.644694,Rock,Slide
Arunachal Pradesh,Tirap,27.102625,95.645631,Rock,Slide
Arunachal Pradesh,Tirap,27.105748,95.654176,Rock,Slide
Arunachal Pradesh,Upper Siang,27.452833,95.239,Debris,slide
Arunachal Pradesh,Upper Siang,27.459167,95.233639,Rock,Slide
Arunachal Pradesh,Upper Siang,27.793761,94.959097,Debris,Slide
Arunachal Pradesh,Upper Siang,28.013167,95.239333,soil,slide
Arunachal Pradesh,Upper Siang,28.178861,95.228056,Debris,Slide
Arunachal Pradesh,Upper Siang,28.181139,95.225944,Rock,slide
Arunachal Pradesh,Upper Siang,28.1915,95.225917,Debris,Slide
Arunachal Pradesh,Upper Siang,28.1945,95.227917,Debris,Slide
Arunachal Pradesh,Upper Siang,28.199389,95.230278,Debris,Slide
Arunachal Pradesh,Upper Siang,28.213028,95.232528,Debris,Slide
Arunachal Pradesh,Upper Siang,28.242389,94.220861,Debris,Slide
Arunachal Pradesh,Upper Siang,28.266889,95.21425,Debris,Slide
Arunachal Pradesh,Upper Siang,28.272,95.208417,Debris,Slide
Arunachal Pradesh,Upper Siang,28.2805,95.201556,Soil,Slide
Arunachal Pradesh,Upper Siang,28.291556,95.199111,Debris,Slide
Arunachal Pradesh,Upper Siang,28.301694,95.195361,Debris,Slide
Arunachal Pradesh,Upper Siang,28.3105,95.197472,Soil,Slide
Arunachal Pradesh,Upper Siang,28.322889,95.203694,Debris,Slide
Arunachal Pradesh,Upper Siang,28.366417,95.221194,Debris,Slide
Arunachal Pradesh,Upper Siang,28.378694,95.230667,Debris,Slide
Arunachal Pradesh,Upper Siang,28.384833,95.233806,Debris,Slide
Arunachal Pradesh,Upper Siang,28.386722,95.240833,Debris,Slide
Arunachal Pradesh,Upper Siang,28.386806,95.240111,Rock,Slide
Arunachal Pradesh,Upper Siang,28.399111,95.241361,Debris,slide
Arunachal Pradesh,Upper Siang,28.402139,95.243944,Debris,slide
Arunachal Pradesh,Upper Siang,28.402417,95.245944,Debris,slide
Arunachal Pradesh,Upper Siang,28.412722,95.247722,Debris,slide
Arunachal Pradesh,Upper Siang,28.415028,95.247083,Debris,slide
Arunachal Pradesh,Upper Siang,28.452528,95.239333,Debris,Slide
Arunachal Pradesh,Upper Siang,28.470167,95.233333,Debris,Slide
Arunachal Pradesh,Upper Siang,28.484056,95.207056,Debris,Slide
Arunachal Pradesh,Upper Siang,28.4875,95.213417,Debris,Flow
Arunachal Pradesh,Upper Siang,28.490278,95.203194,Debris,Slide
Arunachal Pradesh,Upper Siang,28.4915,95.202944,Debris,Slide
Arunachal Pradesh,Upper Siang,28.497917,95.191639,Debris,Slide
Arunachal Pradesh,Upper Siang,28.509,95.177639,Debris,Slide
Arunachal Pradesh,Upper Siang,28.510528,95.177722,Debris,Slide
Arunachal Pradesh,Upper Siang,28.512056,95.1805,Debris,Slide
Arunachal Pradesh,Upper Siang,28.514083,95.178278,Rock,Slide
Arunachal Pradesh,Upper Siang,28.516083,95.178028,Rock,Slide
Arunachal Pradesh,Upper Siang,28.522806,95.172639,Rock,Slide
Arunachal Pradesh,Upper Siang,28.527722,95.173556,Rock,Fall
Arunachal Pradesh,Upper Siang,28.528778,95.173278,Rock,Slide
Arunachal Pradesh,Upper Siang,28.531528,95.050417,Debris,Slide
Arunachal Pradesh,Upper Siang,28.540139,95.168667,Debris,Slide
Arunachal Pradesh,Upper Siang,28.550472,95.06325,Debris,Slide
Arunachal Pradesh,Upper Siang,28.550694,95.158333,Debris,Slide
Arunachal Pradesh,Upper Siang,28.560139,95.149472,Debris,slide
Arunachal Pradesh,Upper Siang,28.56525,95.148333,Debris,Slide
Arunachal Pradesh,Upper Siang,28.568694,95.143556,Debris,Slide
Arunachal Pradesh,Upper Siang,28.605528,95.105528,Debris,slide
Arunachal Pradesh,Upper Siang,28.609361,95.088583,Debris,Slide
Arunachal Pradesh,Upper Siang,28.614667,95.063611,Debris,Slide
Arunachal Pradesh,Upper Siang,28.615028,95.053306,Soil,Slide
Arunachal Pradesh,Upper Siang,28.617333,95.049556,Debris,Slide
Arunachal Pradesh,Upper Siang,28.617667,95.056444,Soil,Slide
Arunachal Pradesh,Upper Siang,28.619917,95.057583,Debris,Slide
Arunachal Pradesh,Upper Siang,28.622722,95.043528,Debris,Slide
Arunachal Pradesh,Upper Siang,28.626972,95.035722,Debris,Slide
Arunachal Pradesh,Upper Siang,28.632361,95.037917,Soil,Slide
Arunachal Pradesh,Upper Siang,28.633861,95.023806,Debris,Slide
Arunachal Pradesh,Upper Siang,28.639389,95.033639,Debris,Slide
Arunachal Pradesh,Upper Siang,28.693837,94.973784,Debris,Slide
Arunachal Pradesh,Upper Siang,28.694531,95.001999,Debris,Slide
Arunachal Pradesh,Upper Siang,28.694778,95.001887,Debris,Slide
Arunachal Pradesh,Upper Siang,28.706748,94.985298,Rock-cum-Debris,Slide
Arunachal Pradesh,Upper Siang,28.716426,94.969346,Rock-cum-Debris,Slide
Arunachal Pradesh,Upper Siang,28.720187,94.971636,Rock-cum-Debris,Slide
Arunachal Pradesh,Upper Siang,28.723166,94.959687,Rock-cum-Debris,Slide
Arunachal Pradesh,Upper Siang,28.729371,94.92012,Debris,Slide
Arunachal Pradesh,Upper Siang,28.740576,94.867317,Rock-cum-Debris,Slide
Arunachal Pradesh,Upper Siang,28.740874,94.866397,Rock-cum-Debris,Slide
Arunachal Pradesh,Upper Siang,28.744078,94.86976,Rock-cum-Debris,Slide
Arunachal Pradesh,Upper Siang,28.752815,94.893869,Rock-cum-Debris,Slide
Arunachal Pradesh,Upper Siang,28.754928,94.8954,Debris,Slide
Arunachal Pradesh,Upper Siang,28.762661,94.860138,Rock-cum-Debris,Slide
Arunachal Pradesh,Upper Siang,28.779408,94.859327,Rock-cum-Debris,Slide
Arunachal Pradesh,Upper Siang,28.782426,94.810546,Rock-cum-Debris,Slide
Arunachal Pradesh,Upper Siang,28.787001,94.81686,Rock-cum-Debris,Slide
Arunachal Pradesh,Upper Siang,28.787486,94.819425,Rock-cum-Debris,Slide
Arunachal Pradesh,Upper Siang,28.787937,94.820098,Rock-cum-Debris,Slide
Arunachal Pradesh,Upper Siang,28.793279,94.848477,Rock-cum-Debris,Slide
Arunachal Pradesh,Upper Siang,28.800083,94.842265,Rock-cum-Debris,Slide
Arunachal Pradesh,Upper Siang,28.810126,94.785508,Rock-cum-Debris,Slide
Arunachal Pradesh,Upper Siang,28.816882,94.791032,Rock-cum-Debris,Slide
Arunachal Pradesh,Upper Siang,28.817009,94.791755,Rock-cum-Debris,Slide
Arunachal Pradesh,Upper Siang,28.830097,94.874715,Rock-cum-Debris,Slide
Arunachal Pradesh,Upper Subansiri,27.797806,93.96175,Debris,Slide
Arunachal Pradesh,Upper Subansiri,27.81975,93.945556,Debris,Slide
Arunachal Pradesh,Upper Subansiri,27.827472,93.972556,Debris,Slide
Arunachal Pradesh,Upper Subansiri,27.827806,93.972167,Debris,Slide
Arunachal Pradesh,Upper Subansiri,27.833306,93.978611,Debris,Slide
Arunachal Pradesh,Upper Subansiri,27.83875,93.977278,Debris,Slide
Arunachal Pradesh,Upper Subansiri,27.83975,93.977444,Debris,Slide
Arunachal Pradesh,Upper Subansiri,27.840167,93.980861,Debris,Slide
Arunachal Pradesh,Upper Subansiri,27.844444,93.973944,Debris,Slide
Arunachal Pradesh,Upper Subansiri,27.965819,94.293672,Debris,Slide
Arunachal Pradesh,Upper Subansiri,28.003861,94.201944,Debris,Slide
Arunachal Pradesh,Upper Subansiri,28.005389,94.201306,Debris,Slide
Arunachal Pradesh,West Kameng,27.018342,92.6356,Debris,Slide
Arunachal Pradesh,West Kameng,27.018583,92.635667,Soil,Slide
Arunachal Pradesh,West Kameng,27.035278,92.610556,Rock cum Debris,Slide
Arunachal Pradesh,West Kameng,27.036111,92.603333,Debris,Flow
Arunachal Pradesh,West Kameng,27.06658,92.59572,Debris,Slide
Arunachal Pradesh,West Kameng,27.086139,92.584361,Debris,Slide
Arunachal Pradesh,West Kameng,27.086667,92.585278,Debris,Unknown
Arunachal Pradesh,West Kameng,27.092028,92.597028,Rock,Slide
Arunachal Pradesh,West Kameng,27.093889,92.591389,Debris,Unknown
Arunachal Pradesh,West Kameng,27.099083,92.626306,Debris,Slide
Arunachal Pradesh,West Kameng,27.103639,92.76025,Rock,Slide
Arunachal Pradesh,West Kameng,27.105083,92.555222,Debris,Slide
Arunachal Pradesh,West Kameng,27.1055,92.556278,Debris,Slide
Arunachal Pradesh,West Kameng,27.106939,92.573544,Debris,Slide
Arunachal Pradesh,West Kameng,27.1105,92.537444,Debris,Slide
Arunachal Pradesh,West Kameng,27.112694,92.543472,Debris,Slide
Arunachal Pradesh,West Kameng,27.11375,92.537583,Debris,Slide
Arunachal Pradesh,West Kameng,27.115694,92.763028,Rock,Slide
Arunachal Pradesh,West Kameng,27.116194,92.543111,Debris,Slide
Arunachal Pradesh,West Kameng,27.134444,92.599611,Debris,Slide
Arunachal Pradesh,West Kameng,27.148056,92.613889,Debris,Slide
Arunachal Pradesh,West Kameng,27.152417,92.561778,Debris,Slide
Arunachal Pradesh,West Kameng,27.153056,92.56175,Debris,Slide
Arunachal Pradesh,West Kameng,27.166306,92.587139,Debris,Slide
Arunachal Pradesh,West Kameng,27.167139,92.587917,Debris,Slide
Arunachal Pradesh,West Kameng,27.182278,92.599889,Debris,Slide
Arunachal Pradesh,West Kameng,27.183833,92.599333,Debris,Slide
Arunachal Pradesh,West Kameng,27.190861,92.607806,Debris,Slide
Arunachal Pradesh,West Kameng,27.191667,92.610111,Debris,Slide
Arunachal Pradesh,West Kameng,27.204139,92.529278,Rock,Fall
Arunachal Pradesh,West Kameng,27.20675,92.537389,Debris,Slide
Arunachal Pradesh,West Kameng,27.206917,92.537667,Debris,Slide
Arunachal Pradesh,West Kameng,27.208222,92.55475,Debris,Slide
Arunachal Pradesh,West Kameng,27.248722,92.737722,Rock,Slide
Arunachal Pradesh,West Kameng,27.266667,92.404389,Debris,Slide
Arunachal Pradesh,West Kameng,27.277417,92.425278,Debris,Slide
Arunachal Pradesh,West Kameng,27.278417,92.426917,Debris,Slide
Arunachal Pradesh,West Kameng,27.291528,92.391778,Debris,Slide
Arunachal Pradesh,West Kameng,27.292167,92.391889,Debris,Slide
Arunachal Pradesh,West Kameng,27.292444,92.391861,Debris,Slide
Arunachal Pradesh,West Kameng,27.293806,92.391694,Debris,Slide
Arunachal Pradesh,West Kameng,27.300667,92.391833,Debris,Slide
Arunachal Pradesh,West Kameng,27.325278,92.373722,Debris,Slide
Arunachal Pradesh,West Kameng,27.340556,92.274944,Debris,Slide
Arunachal Pradesh,West Kameng,27.345556,92.266389,Debris,Flow
Arunachal Pradesh,West Kameng,27.358194,92.24325,Debris,Slide
Arunachal Pradesh,West Kameng,27.362028,92.244028,Debris,Slide
Arunachal Pradesh,West Kameng,27.362444,92.243972,Debris,Slide
Arunachal Pradesh,West Kameng,27.363417,92.24375,Debris,Slide
Arunachal Pradesh,West Kameng,27.367611,92.2415,Debris,Slide
Arunachal Pradesh,West Kameng,27.368333,92.241583,Debris,Slide
Arunachal Pradesh,West Kameng,27.394306,92.157333,Rock,Slide
Arunachal Pradesh,West Kameng,27.395444,92.164167,Debris,Slide
Arunachal Pradesh,West Kameng,27.396722,92.163861,Rock,Slide
Arunachal Pradesh,West Kameng,27.403722,92.141056,Debris,Slide
Arunachal Pradesh,West Kameng,27.405861,92.133778,Debris,Slide
Arunachal Pradesh,West Kameng,27.409778,92.132167,Soil,Slide
Arunachal Pradesh,West Kameng,27.433056,92.123583,Soil,Slide
Arunachal Pradesh,West Kameng,27.441361,92.117417,Debris,Slide
Arunachal Pradesh,West Kameng,27.456278,92.109556,Debris,Slide
Arunachal Pradesh,West Kameng,27.460278,92.110278,Rock,Fall
Arunachal Pradesh,West Kameng,27.483667,92.10925,Rock,Slide
Arunachal Pradesh,West Kameng,27.496333,92.104333,Rock,Slide
Arunachal Pradesh,West Kameng,27.497222,92.104667,Debris,Slide
Arunachal Pradesh,West Kameng,27.512278,91.875556,Unknown,Flow
Arunachal Pradesh,West Kameng,27.092699,92.58314,Debris,Slide
Arunachal Pradesh,West Kameng,27.084417,92.586622,Debris,slide
Arunachal Pradesh,West Kameng,27.08386,92.587656,rock,slide
Arunachal Pradesh,West Kameng,27.177138,92.576909,Debris,slide
Arunachal Pradesh,West Kameng,27.178567,92.583154,Debris,slide
Arunachal Pradesh,West Kameng,27.184248,92.579624,Debris,slide
Arunachal Pradesh,West Kameng,27.318647,92.77855,Debris,slide
Arunachal Pradesh,West Kameng,27.24867,92.737685,Rock,slide
Arunachal Pradesh,West Kameng,27.288425,92.769407,Rock,slide
Arunachal Pradesh,West Kameng,27.213127,92.652213,Debris,slide
Arunachal Pradesh,West Siang,27.662194,94.702667,Debris,Slide
Arunachal Pradesh,West Siang,27.664972,94.693861,Debris,Slide
Arunachal Pradesh,West Siang,27.683889,94.682444,Rock,Slide
Arunachal Pradesh,West Siang,27.688,94.67875,Rock,Slide
Arunachal Pradesh,West Siang,27.688583,94.681,Rock,Slide
Arunachal Pradesh,West Siang,27.703222,94.67275,Rock,Slide
Arunachal Pradesh,West Siang,27.70625,94.673833,Rock,Slide
Arunachal Pradesh,West Siang,27.720444,94.721528,Rock,Slide
Arunachal Pradesh,West Siang,27.752611,94.7175,Rock,Slide
Arunachal Pradesh,West Siang,27.754806,94.715444,Rock,Slide
Arunachal Pradesh,West Siang,27.757417,94.716167,Rock,Slide
Arunachal Pradesh,West Siang,27.759556,94.712333,Rock,Slide
Arunachal Pradesh,West Siang,27.760194,94.712278,Rock,Slide
Arunachal Pradesh,West Siang,27.762,94.712278,Debris,Slide
Arunachal Pradesh,West Siang,27.773972,94.7135,Rock,Slide
Arunachal Pradesh,West Siang,27.777278,94.715583,Debris,Slide
Arunachal Pradesh,West Siang,27.786833,94.720111,Rock,Slide
Arunachal Pradesh,West Siang,27.788194,94.724194,Rock,Slide
Arunachal Pradesh,West Siang,27.793917,94.728806,Rock,Slide
Arunachal Pradesh,West Siang,27.794333,94.73075,Rock,Slide
Arunachal Pradesh,West Siang,27.797389,94.735333,Rock,Slide
Arunachal Pradesh,West Siang,27.804361,94.715056,Rock,Slide
Arunachal Pradesh,West Siang,27.804944,94.719861,Rock,Slide
Arunachal Pradesh,West Siang,27.821278,94.730278,Debris,Slide
Arunachal Pradesh,West Siang,27.821889,94.730417,Debris,Slide
Arunachal Pradesh,West Siang,27.823139,94.732972,Debris,Slide
Arunachal Pradesh,West Siang,27.824889,94.739556,Debris,Slide
Arunachal Pradesh,West Siang,27.825694,94.747,Rock,Slide
Arunachal Pradesh,West Siang,27.834083,94.768972,Debris,Slide
Arunachal Pradesh,West Siang,27.839817,94.778642,Debris,Slide
Arunachal Pradesh,West Siang,27.840972,94.771167,Debris,Slide
Arunachal Pradesh,West Siang,27.847111,94.783139,Debris,Slide
Arunachal Pradesh,West Siang,27.858889,94.78875,Debris,Slide
Arunachal Pradesh,West Siang,27.858972,94.783917,Debris,Slide
Arunachal Pradesh,West Siang,27.859444,94.789222,Rock,Slide
Arunachal Pradesh,West Siang,27.868667,94.787083,Rock,Slide
Arunachal Pradesh,West Siang,27.870361,94.817861,Debris,Slide
Arunachal Pradesh,West Siang,27.893389,94.842194,Soil,Slide
Arunachal Pradesh,West Siang,27.897361,94.844111,Rock,Slide
Arunachal Pradesh,West Siang,28.021678,94.536256,Rock-cum-Debris,Slide
Arunachal Pradesh,West Siang,28.022249,94.535672,Rock-cum-Debris,Slide
Arunachal Pradesh,West Siang,28.133611,95.11125,Debris,Slide
Arunachal Pradesh,West Siang,28.133778,94.788,Soil,Slide
Arunachal Pradesh,West Siang,28.133963,94.611953,Rock-cum-Debris,Slide
Arunachal Pradesh,West Siang,28.134238,94.620133,Rock-cum-Debris,Slide
Arunachal Pradesh,West Siang,28.137762,94.62431,Rock-cum-Debris,Topple
Arunachal Pradesh,West Siang,28.141139,94.786583,Soil,Slide
Arunachal Pradesh,West Siang,28.16425,94.792417,Debris,Slide
Arunachal Pradesh,West Siang,28.174806,95.025111,Debris,Slide
Arunachal Pradesh,West Siang,28.192217,94.713927,Rock-cum-Debris,Slide
Arunachal Pradesh,West Siang,28.202667,94.828417,Debris,Slide
Arunachal Pradesh,West Siang,28.208389,94.830667,Debris,Slide
Arunachal Pradesh,West Siang,28.225583,94.889167,Debris,Slide
Arunachal Pradesh,West Siang,28.226722,94.895611,Soil,Slide
Arunachal Pradesh,West Siang,28.228528,94.904278,Soil,Slide
Arunachal Pradesh,West Siang,28.232472,94.914889,Soil,Slide
Arunachal Pradesh,West Siang,28.234833,94.972278,Rock,Slide
Arunachal Pradesh,West Siang,28.235361,94.933333,Soil,Slide
Arunachal Pradesh,West Siang,28.237361,94.954808,Debris,Slide
Arunachal Pradesh,West Siang,28.2823,94.863031,Rock-cum-Debris,Slide
Arunachal Pradesh,West Siang,28.310626,94.675637,Debris,Slide
Arunachal Pradesh,West Siang,28.355501,94.679544,Debris,Slide
Arunachal Pradesh,West Siang,28.42636,94.6774,Rock-cum-Debris,Slide
Arunachal Pradesh,West Siang,28.427393,94.674582,Debris,Slide
Arunachal Pradesh,West Siang,28.429931,94.6778,Debris,Slide
Arunachal Pradesh,West Siang,28.430622,94.674225,Rock-cum-Debris,Slide
Arunachal Pradesh,West Siang,28.436019,94.668744,Debris,Slide
Arunachal Pradesh,West Siang,28.439344,94.669332,Rock-cum-Debris,Slide
Arunachal Pradesh,West Siang,28.440082,94.66913,Rock-cum-Debris,Slide
Arunachal Pradesh,West Siang,28.443016,94.664795,Rock-cum-Debris,Slide
Arunachal Pradesh,West Siang,28.443033,94.668074,Rock-cum-Debris,Slide
Arunachal Pradesh,West Siang,28.455655,94.680282,Debris,Slide
Arunachal Pradesh,West Siang,28.455769,94.680664,Debris,Slide
Arunachal Pradesh,West Siang,28.459267,94.680108,Rock-cum-Debris,Slide
Arunachal Pradesh,West Siang,28.506306,94.873361,Debris,Slide
Arunachal Pradesh,West Siang,28.535474,94.597063,Rock-cum-Debris,Slide
Arunachal Pradesh,West Siang,28.543178,94.633991,Rock-cum-Debris,Slide
Assam,Bongaigaon,26.3733,90.5499,Rock cum debris,Slide
Assam,Bongaigaon,26.3848,90.5943,Rock,Slide
Assam,Bongaigaon,26.394,90.48,Rock cum debris,Slide
Assam,Cachar,24.51,92.9,Debris,Slide
Assam,Cachar,24.53,92.84,Debris,Slide
Assam,Cachar,24.56,92.94,Debris,Slide
Assam,Cachar,24.57025,92.685,Debris,Slide
Assam,Cachar,24.62,92.83,Debris,Slide
Assam,Cachar,24.62,92.84,Debris,Slide
Assam,Cachar,24.64,92.98,Debris,Slide
Assam,Cachar,24.645417,93.005361,Debris,Slide
Assam,Cachar,24.72192,92.90381,Debris,Slide
Assam,Cachar,24.795892,93.045425,Debris,Slide
Assam,Cachar,24.813648,93.073009,Debris,Slide
Assam,Cachar,24.92097,93.07306,Earth,Slide
Assam,Cachar,24.93,92.84,Debris,Slide
Assam,Cachar,24.95,92.73,Debris,Slide
Assam,Cachar,24.95,92.8,Debris,Slide
Assam,Cachar,24.96,92.92,Debris,Slide
Assam,Cachar,24.96,92.7,Debris,Slide
Assam,Cachar,24.96,92.95,Debris,Slide
Assam,Cachar,24.96,92.66,Debris,Slide
Assam,Cachar,24.96,92.98,Debris,Slide
Assam,Cachar,24.97,92.76,Debris,Slide
Assam,Cachar,24.97,92.72,Debris,Slide
Assam,Cachar,24.97228,93.03289,Debris,Slide
Assam,Cachar,24.97692,93.033,Rock,Fall
Assam,Cachar,24.97714,93.03344,Debris,Slide
Assam,Cachar,24.98,92.75,Debris,Slide
Assam,Cachar,24.98,92.96,Debris,Slide
Assam,Cachar,24.98,92.72,Debris,Slide
Assam,Cachar,24.99,92.6,Debris,Slide
Assam,Cachar,24.99,92.45,Debris,Slide
Assam,Cachar,24.99,92.75,Debris,Slide
Assam,Cachar,24.993,93.161583,Debris,Slide
Assam,Cachar,24.99561,93.16261,Debris,Slide
Assam,Cachar,25.0,92.43,Debris,Slide
Assam,Cachar,25.01,92.75,Debris,Slide
Assam,Cachar,25.01,92.73,Debris,Slide
Assam,Cachar,25.02,92.52,Debris,Slide
Assam,Cachar,25.029708,92.463967,Debris,Slide
Assam,Cachar,25.031431,92.463231,Debris,Slide
Assam,Cachar,25.032119,92.462636,Debris,Slide
Assam,Cachar,25.032989,92.462214,Debris,Slide
Assam,Cachar,25.037203,92.450339,Debris,Slide
Assam,Cachar,24.57257,92.70357,Debris,Slide
Assam,Cachar,24.57235,92.70536,Earth,Slide
Assam,Cachar,24.58585,92.70274,Earth,Slide
Assam,Cachar,24.96756,92.74392,Debris,Slide
Assam,Cachar,24.95794,92.73201,Debris,Slide
Assam,Cachar,24.95054,92.731458,Earth,Slide
Assam,Cachar,24.94756,92.73097,Earth,Slide
Assam,Dima Hasao,25.003,93.164,Earth,Slide
Assam,Dima Hasao,25.008,93.04,Earth,Slide
Assam,Dima Hasao,25.010379,92.75482,Debris,Slide
Assam,Dima Hasao,25.01856,92.77011,Debris,Slide
Assam,Dima Hasao,25.019029,92.770549,Debris,Slide
Assam,Dima Hasao,25.034948,92.778753,Debris,Slide
Assam,Dima Hasao,25.0365,92.780417,Debris,Slide
Assam,Dima Hasao,25.039722,92.781889,Debris,Slide
Assam,Dima Hasao,25.041083,92.783111,Debris,Slide
Assam,Dima Hasao,25.046444,92.789667,Debris,Slide
Assam,Dima Hasao,25.046778,92.790111,Debris,Slide
Assam,Dima Hasao,25.047417,92.793389,Debris,Slide
Assam,Dima Hasao,25.04783,92.78931,Debris,Slide
Assam,Dima Hasao,25.049417,92.796722,Debris,Slide
Assam,Dima Hasao,25.049444,92.79725,Soil,Slide
Assam,Dima Hasao,25.049917,92.799667,Rock cum debris,Slide
Assam,Dima Hasao,25.054917,92.800333,Soil,Slide
Assam,Dima Hasao,25.056611,92.801722,Debris,Slide
Assam,Dima Hasao,25.060088,92.807089,Debris,Slide
Assam,Dima Hasao,25.060944,92.80675,Debris,Slide
Assam,Dima Hasao,25.061375,92.795906,Debris,Slide
Assam,Dima Hasao,25.061417,92.806833,Debris,Slide
Assam,Dima Hasao,25.061847,92.79345,Debris,Slide
Assam,Dima Hasao,25.063378,92.795536,Debris,Slide
Assam,Dima Hasao,25.063472,92.807796,Debris,Slide
Assam,Dima Hasao,25.07,93.29,Debris,Slide
Assam,Dima Hasao,25.072636,92.794514,Soil,Slide
Assam,Dima Hasao,25.073228,92.814734,Debris,Slide
Assam,Dima Hasao,25.078935,92.95379,Debris,Slide
Assam,Dima Hasao,25.088389,92.958944,Debris,Slide
Assam,Dima Hasao,25.1,93.28,Rock,Slide
Assam,Dima Hasao,25.10275,92.986944,Debris,Slide
Assam,Dima Hasao,25.10292,92.986883,Rock cum debris,Slide
Assam,Dima Hasao,25.105414,92.972784,Debris,Slide
Assam,Dima Hasao,25.106,93.001,Earth,Slide
Assam,Dima Hasao,25.106956,92.991363,Debris,Slide
Assam,Dima Hasao,25.107,93.002,Earth,Slide
Assam,Dima Hasao,25.107546,92.885543,Debris,Slide
Assam,Dima Hasao,25.108,93.003,Earth,Slide
Assam,Dima Hasao,25.108759,92.978048,Debris,Slide
Assam,Dima Hasao,25.108806,92.975139,Debris,Slide
Assam,Dima Hasao,25.108877,92.929125,Soil,Slide
Assam,Dima Hasao,25.11219,92.86881,Debris,Slide
Assam,Dima Hasao,25.11286,92.87756,Soil,Slide
Assam,Dima Hasao,25.11297,92.95433,Soil,Slide
Assam,Dima Hasao,25.118,93.014,Debris,Slide
Assam,Dima Hasao,25.119,93.017,Earth,Slide
Assam,Dima Hasao,25.119,93.018,Earth,Slide
Assam,Dima Hasao,25.12,93.02,Earth,Slide
Assam,Dima Hasao,25.121,92.915028,Debris,Slide
Assam,Dima Hasao,25.122,93.025,Earth,Slide
Assam,Dima Hasao,25.122,93.026,Earth,Slide
Assam,Dima Hasao,25.123,93.034,Earth,Slide
Assam,Dima Hasao,25.123,93.033,Earth,Slide
Assam,Dima Hasao,25.124306,92.904278,Debris,Slide
Assam,Dima Hasao,25.124583,92.989111,Debris,Slide
Assam,Dima Hasao,25.12906,92.97418,Soil,Slide
Assam,Dima Hasao,25.13,93.27,Debris,Slide
Assam,Dima Hasao,25.13,93.29,Debris,Slide
Assam,Dima Hasao,25.134,93.045,Earth,Slide
Assam,Dima Hasao,25.134472,93.018972,Rock cum Debris,Slide
Assam,Dima Hasao,25.135,93.04,Earth,Slide
Assam,Dima Hasao,25.136,93.04,Earth,Slide
Assam,Dima Hasao,25.137,93.04,Earth,Slide
Assam,Dima Hasao,25.137,93.034,Earth,Flow
Assam,Dima Hasao,25.137,93.018,Earth,Slide
Assam,Dima Hasao,25.139,93.025,Earth,Slide
Assam,Dima Hasao,25.139,93.04,Earth,Slide
Assam,Dima Hasao,25.139611,93.019556,Rock cum Debris,Slide
Assam,Dima Hasao,25.14,93.31,Debris,Slide
Assam,Dima Hasao,25.14,93.3,Debris,Slide
Assam,Dima Hasao,25.140417,93.020389,Debris,Slide
Assam,Dima Hasao,25.142,93.04,Earth,Slide
Assam,Dima Hasao,25.145,93.158,Earth,Slide
Assam,Dima Hasao,25.14525,93.029167,Debris,Slide
Assam,Dima Hasao,25.145861,93.024194,Rock cum Debris,Slide
Assam,Dima Hasao,25.146306,93.942167,Debris,Slide
Assam,Dima Hasao,25.146778,93.030972,Rock cum Debris,Slide
Assam,Dima Hasao,25.148722,93.031917,Debris,Slide
Assam,Dima Hasao,25.15,93.37,Debris,Slide
Assam,Dima Hasao,25.150694,93.025833,Debris,Slide
Assam,Dima Hasao,25.155,93.067,Earth,Slide
Assam,Dima Hasao,25.155,93.073,Earth,Slide
Assam,Dima Hasao,25.155611,93.022222,Debris,Slide
Assam,Dima Hasao,25.155722,93.022778,Earth,Slide
Assam,Dima Hasao,25.156,93.018,Earth,Slide
Assam,Dima Hasao,25.156389,93.018389,Rock cum Debris,Slide
Assam,Dima Hasao,25.156583,93.019611,Rock cum Debris,Slide
Assam,Dima Hasao,25.156694,93.017667,Debris,Slide
Assam,Dima Hasao,25.157,93.062,Earth,Slide
Assam,Dima Hasao,25.157,93.066,Earth,Slide
Assam,Dima Hasao,25.157139,93.017194,Debris,Slide
Assam,Dima Hasao,25.157361,93.016083,Rock cum Debris,Slide
Assam,Dima Hasao,25.159333,93.017,Earth,Slide
Assam,Dima Hasao,25.163444,93.023167,Debris,Slide
Assam,Dima Hasao,25.164,93.040194,Debris,Slide
Assam,Dima Hasao,25.165639,93.025444,Debris,Slide
Assam,Dima Hasao,25.169,93.155,Earth,Slide
Assam,Dima Hasao,25.169,93.156,Earth,Slide
Assam,Dima Hasao,25.17,93.36,Rock,Slide
Assam,Dima Hasao,25.17,93.29,Debris,Slide
Assam,Dima Hasao,25.171889,93.003944,Debris,Slide
Assam,Dima Hasao,25.175056,93.020417,Debris,Slide
Assam,Dima Hasao,25.175972,93.020167,Debris,Slide
Assam,Dima Hasao,25.176389,93.116139,Debris,Slide
Assam,Dima Hasao,25.176917,93.026556,Earth,Slide
Assam,Dima Hasao,25.177028,93.020889,Earth,Slide
Assam,Dima Hasao,25.1775,93.026222,Earth,Slide
Assam,Dima Hasao,25.179861,93.070778,Debris,Slide
Assam,Dima Hasao,25.18,93.33,Debris,Slide
Assam,Dima Hasao,25.18,93.3,Rock,Slide
Assam,Dima Hasao,25.184528,93.125639,Debris,Slide
Assam,Dima Hasao,25.186,93.104,Earth,Slide
Assam,Dima Hasao,25.18725,93.120556,Debris,Slide
Assam,Dima Hasao,25.188,93.066,Earth,Slide
Assam,Dima Hasao,25.188444,93.019667,Rock cum Debris,Slide
Assam,Dima Hasao,25.189,93.192,Earth,Slide
Assam,Dima Hasao,25.189,93.226,Earth,Slide
Assam,Dima Hasao,25.189556,93.096417,Debris,Slide
Assam,Dima Hasao,25.19,93.191,Earth,Slide
Assam,Dima Hasao,25.19,93.3,Rock,Slide
Assam,Dima Hasao,25.191,93.192,Earth,Slide
Assam,Dima Hasao,25.193083,93.120417,Earth,Slide
Assam,Dima Hasao,25.196694,93.018583,Rock cum Debris,Slide
Assam,Dima Hasao,25.199722,93.016722,Debris,Slide
Assam,Dima Hasao,25.2,93.25,Rock,Slide
Assam,Dima Hasao,25.201,93.122,Earth,Slide
Assam,Dima Hasao,25.204,93.059,Earth,Slide
Assam,Dima Hasao,25.204556,93.138889,Debris,Slide
Assam,Dima Hasao,25.205,93.059,Earth,Slide
Assam,Dima Hasao,25.205,93.008,Earth,Slide
Assam,Dima Hasao,25.205528,93.020139,Rock cum Debris,Slide
Assam,Dima Hasao,25.206,93.126,Earth,Slide
Assam,Dima Hasao,25.207389,93.122778,Debris,Subsidence
Assam,Dima Hasao,25.208,93.121,Earth,Slide
Assam,Dima Hasao,25.21,93.25,Debris,Slide
Assam,Dima Hasao,25.21,93.31,Debris,Slide
Assam,Dima Hasao,25.214944,93.021611,Debris,Slide
Assam,Dima Hasao,25.216881,92.982245,Debris,Slide
Assam,Dima Hasao,25.216944,93.011361,Rock cum Debris,Slide
Assam,Dima Hasao,25.2185,93.013111,Debris,Slide
Assam,Dima Hasao,25.22,93.29,Debris,Slide
Assam,Dima Hasao,25.22,93.34,Debris,Slide
Assam,Dima Hasao,25.22,93.35,Debris,Slide
Assam,Dima Hasao,25.22,93.32,Debris,Slide
Assam,Dima Hasao,25.224278,93.222861,Debris,Slide
Assam,Dima Hasao,25.229556,93.1556,Debris,Slide
Assam,Dima Hasao,25.23,93.34,Debris,Slide
Assam,Dima Hasao,25.23,93.29,Debris,Slide
Assam,Dima Hasao,25.238045,92.801279,Soil,Slide
Assam,Dima Hasao,25.24,93.28,Debris,Slide
Assam,Dima Hasao,25.24,93.27,Debris,Slide
Assam,Dima Hasao,25.242,93.14,Earth,Slide
Assam,Dima Hasao,25.257696,92.809603,Earth,Slide
Assam,Dima Hasao,25.263528,93.390611,Rock,Slide
Assam,Dima Hasao,25.264056,93.409528,Rock cum debris,Slide
Assam,Dima Hasao,25.278472,93.252972,Rock cum debris,Slide
Assam,Dima Hasao,25.278917,93.253194,Rock cum debris,Slide
Assam,Dima Hasao,25.282861,93.296111,Debris,Slide
Assam,Dima Hasao,25.290089,92.799175,Debris cum earth,Slide
Assam,Dima Hasao,25.308028,93.471028,Debris,Slide
Assam,Dima Hasao,25.309111,93.470694,Debris,Slide
Assam,Dima Hasao,25.320232,92.818091,Earth,Slide
Assam,Dima Hasao,25.323731,92.80751,Earth,Slide
Assam,Dima Hasao,25.328139,93.334056,Rock cum debris,Slide
Assam,Dima Hasao,25.332083,93.334639,Debris,Slide
Assam,Dima Hasao,25.336054,92.82053,Earth,Slide
Assam,Dima Hasao,25.362583,93.257722,Debris,Slide
Assam,Dima Hasao,25.369972,93.260306,Rock cum debris,Slide
Assam,Dima Hasao,25.387,93.12,Earth,Flow
Assam,Dima Hasao,25.394111,93.410417,Rock cum debris,Slide
Assam,Dima Hasao,25.395431,92.990267,Earth,Slide
Assam,Dima Hasao,25.398083,93.297528,Soil,Slide
Assam,Dima Hasao,25.402333,93.407583,Soil,Slide
Assam,Dima Hasao,25.402472,93.390444,Debris,Slide
Assam,Dima Hasao,25.4025,93.392194,Soil,Slide
Assam,Dima Hasao,25.404,93.132,Earth,Slide
Assam,Dima Hasao,25.405,93.133,Earth,Slide
Assam,Dima Hasao,25.405,93.372194,Rock cum debris,Slide
Assam,Dima Hasao,25.40837,92.82826,Rock,Slide
Assam,Dima Hasao,25.408497,93.283436,Soil,Slide
Assam,Dima Hasao,25.410611,93.284,Soil,Slide
Assam,Dima Hasao,25.416056,93.284222,Soil,Slide
Assam,Dima Hasao,25.41616,92.778653,Debris cum earth,Slide
Assam,Dima Hasao,25.417333,93.129083,Rock,Slide
Assam,Dima Hasao,25.417528,93.372528,Soil,Slide
Assam,Dima Hasao,25.42,93.002,Earth,Slide
Assam,Dima Hasao,25.420278,93.371306,Debris,Slide
Assam,Dima Hasao,25.420806,93.371056,Rock,Fall
Assam,Dima Hasao,25.421333,93.370361,Debris,Slide
Assam,Dima Hasao,25.422535,92.989119,Debris cum earth,Slide
Assam,Dima Hasao,25.423438,92.985022,Debris cum earth,Slide
Assam,Dima Hasao,25.423806,93.369722,Debris,Slide
Assam,Dima Hasao,25.423861,93.369417,Debris,Slide
Assam,Dima Hasao,25.424,93.0,Earth,Slide
Assam,Dima Hasao,25.4255,93.363944,Debris,Slide
Assam,Dima Hasao,25.425611,93.364444,Debris,Slide
Assam,Dima Hasao,25.428597,93.312597,Debris,Slide
Assam,Dima Hasao,25.433903,93.328944,Debris,Slide
Assam,Dima Hasao,25.434031,92.885056,Debris cum earth,Slide
Assam,Dima Hasao,25.435639,93.405944,Debris,Slide
Assam,Dima Hasao,25.435917,93.455944,Debris,Slide
Assam,Dima Hasao,25.4365,93.402333,Soil,Slide
Assam,Dima Hasao,25.436528,93.4065,Debris,Slide
Assam,Dima Hasao,25.436639,93.405917,Debris,Slide
Assam,Dima Hasao,25.436694,93.402944,Soil,Slide
Assam,Dima Hasao,25.436861,93.404583,Debris,Slide
Assam,Dima Hasao,25.436972,93.454111,Debris,Slide
Assam,Dima Hasao,25.437111,93.403639,Soil,Slide
Assam,Dima Hasao,25.4375,93.404444,Debris,Slide
Assam,Dima Hasao,25.437722,93.349889,Soil,Slide
Assam,Dima Hasao,25.438694,93.362583,Debris,Slide
Assam,Dima Hasao,25.438723,92.912025,Earth,Slide
Assam,Dima Hasao,25.439372,93.354197,Debris,Slide
Assam,Dima Hasao,25.441734,92.892033,Debris cum earth,Slide
Assam,Dima Hasao,25.441757,92.907383,Earth,Slide
Assam,Dima Hasao,25.443082,92.989873,Earth,Slide
Assam,Dima Hasao,25.443417,93.421444,Debris,Slide
Assam,Dima Hasao,25.443639,93.431444,Debris,Slide
Assam,Dima Hasao,25.443861,93.426222,Debris,Slide
Assam,Dima Hasao,25.443972,93.422778,Debris,Slide
Assam,Dima Hasao,25.444028,93.4265,Debris,Slide
Assam,Dima Hasao,25.444167,93.425528,Rock cum debris,Slide
Assam,Dima Hasao,25.444194,93.424694,Debris,Slide
Assam,Dima Hasao,25.444306,93.423944,Debris,Slide
Assam,Dima Hasao,25.446056,93.408583,Debris,Slide
Assam,Dima Hasao,25.447528,93.364417,Rock cum debris,Slide
Assam,Dima Hasao,25.449056,93.370861,Debris,Slide
Assam,Dima Hasao,25.452278,93.394333,Soil,Slide
Assam,Dima Hasao,25.453167,93.394667,Soil,Slide
Assam,Dima Hasao,25.453528,93.371194,Debris,Slide
Assam,Dima Hasao,25.453611,93.371389,Debris,Slide
Assam,Dima Hasao,25.454083,93.375972,Debris,Slide
Assam,Dima Hasao,25.455333,93.374472,Debris,Slide
Assam,Dima Hasao,25.462361,93.384306,Debris,Slide
Assam,Dima Hasao,25.50669,93.10536,Debris,Slide
Assam,Dima Hasao,25.513567,92.784825,Debris cum earth,Subsidence
Assam,Dima Hasao,25.569,92.71653,Debris,Slide
Assam,Dima Hasao,25.57994,92.72822,Debris,Slide
Assam,Dima Hasao,25.61092,93.09178,Debris,Slide
Assam,Dima Hasao,25.64897,93.12083,Debris,Slide
Assam,Dima Hasao,25.65167,93.12083,Earth,Slide
Assam,Dima Hasao,25.65792,93.11811,Debris,Slide
Assam,Dima Hasao,25.65839,93.11808,Debris,Slide
Assam,Dima Hasao,25.67153,93.11522,Debris,Topple
Assam,Dima Hasao,25.72486,93.131083,Debris,Slide
Assam,Dima Hasao,25.72561,93.13075,Debris,Slide
Assam,Dima Hasao,26.098167,91.881278,Debris,Slide
Assam,Dima Hasao,26.11,94.76,Debris,Slide
Assam,Dima Hasao,26.20261,91.14528,Debris,Unknown
Assam,Dima Hasao,25.15398187,93.02361022,Debris,Slide
Assam,Dima Hasao,25.16736,93.00953,Debris,Slide
Assam,Dima Hasao,25.16023,93.01084,Debris,Slide
Assam,Dima Hasao,25.162389,93.010222,Debris,Slide
Assam,Dima Hasao,25.1625278,93.0103333,Debris,Slide
Assam,Dima Hasao,25.162472,93.01044,Debris,Slide
Assam,Dima Hasao,25.17175,93.00726,Debris,Subsidence
Assam,Dima Hasao,25.16649,93.01092,Debris,Slide
Assam,Dima Hasao,25.170194,93.007389,Debris,Slide
Assam,Dima Hasao,25.17144,93.005694,Debris,Slide
Assam,Dima Hasao,25.16579,93.00948,Debris,Slide
Assam,Dima Hasao,25.15859,93.01292,Debris,Slide
Assam,Dima Hasao,25.15556,93.021583,Debris,Slide
Assam,Dima Hasao,25.156483,93.018367,Debris,Subsidence
Assam,Dima Hasao,25.158138,93.024778,Earth,Slide
Assam,Dima Hasao,25.17044,93.025325,Debris,Slide
Assam,Dima Hasao,25.171264,93.020014,Debris,Subsidence
Assam,Dima Hasao,25.16804,93.02503,Debris,Slide
Assam,Dima Hasao,25.178006,93.022825,Earth,Subsidence
Assam,Dima Hasao,25.168083,93.024922,Earth,Slide
Assam,Dima Hasao,25.1638056,93.010861,Debris,Slide
Assam,Dima Hasao,25.175,93.01967,Debris,Slide
Assam,Dima Hasao,25.17483,93.019861,Debris,Slide
Assam,Dima Hasao,25.1568056,93.019722,Debris,Slide
Assam,Dima Hasao,25.156833,93.017694,Debris,Slide
Assam,Dima Hasao,25.1565,93.0151,Debris,Slide
Assam,Dima Hasao,25.15667,93.01275,Debris,Slide
Assam,Dima Hasao,25.16367,93.02478,Debris,Slide
Assam,Dima Hasao,25.16649,93.02289,Debris,Slide
Assam,Dima Hasao,25.16497,93.02275,Debris,Slide
Assam,Dima Hasao,25.1655,93.02556,Debris,Slide
Assam,Dima Hasao,25.16427,92.99788,Debris,Slide
Assam,Dima Hasao,25.17425,93.00244,Debris,Slide
Assam,Dima Hasao,25.162667,93.009806,Debris,Slide
Assam,Dima Hasao,25.16553,93.02172,Debris,Slide
Assam,Dima Hasao,25.15561111,93.02222222,Debris,Slide
Assam,Dima Hasao,25.15658333,93.01961111,Debris,Slide
Assam,Dima Hasao,25.15572222,93.02277778,Earth,Slide
Assam,Dima Hasao,25.23230556,93.03333333,Earth,Creep
Assam,Dima Hasao,25.14264,93.03182,Debris,Flow
Assam,Dima Hasao,25.14722,93.03128,Debris,Slide
Assam,Dima Hasao,25.143408,93.02995,Debris,Flow
Assam,Dima Hasao,25.14879,93.031636,Debris,Slide
Assam,Dima Hasao,25.15144,93.0331,Debris,Slide
Assam,Dima Hasao,25.24597222,93.02827778,Debris,Slide
Assam,Dima Hasao,25.15933333,93.017,Earth,Slide
Assam,Dima Hasao,25.23925,93.03152778,Earth,Slide
Assam,Dima Hasao,25.23297222,93.03325,Earth,Slide
Assam,Dima Hasao,25.15638889,93.01838889,Rock,Slide
Assam,Dima Hasao,25.15736111,93.01608333,Rock,Slide
Assam,Dima Hasao,25.23880556,93.03219444,Rock,Slide
Assam,Dima Hasao,25.17597222,93.02016667,Debris,Slide
Assam,Dima Hasao,25.17505556,93.02041667,Debris,Slide
Assam,Dima Hasao,25.17188889,93.02061111,Debris,Slide
Assam,Dima Hasao,25.16563889,93.02544444,Debris,Fall
Assam,Dima Hasao,25.16344444,93.02316667,Debris,Slide
Assam,Dima Hasao,25.15069444,93.02583333,Debris,slide
Assam,Dima Hasao,25.14586111,93.02419444,Debris,Slide
Assam,Dima Hasao,25.14041667,93.02038889,Debris,Slide
Assam,Dima Hasao,25.13961111,93.01955556,Debris,Slide
Assam,Dima Hasao,25.18452778,93.12563889,Debris,Slide
Assam,Dima Hasao,25.18725,93.12055556,Debris,Slide
Assam,Dima Hasao,25.17638889,93.11613889,Debris,Slide
Assam,Dima Hasao,25.17691667,93.02655556,Earth,Slide
Assam,Dima Hasao,25.17702778,93.02088889,Earth,Slide
Assam,Dima Hasao,25.19308333,93.12041667,Earth,Slide
Assam,Dima Hasao,25.13447222,93.01897222,Rock,Slide
Assam,Dima Hasao,25.32069444,93.12733333,Rock,Slide
Assam,Dima Hasao,25.17136,93.01102,Debris,Slide
Assam,Dima Hasao,25.169861,93.002528,Debris,Slide
Assam,Dima Hasao,25.18972,93.02011,Debris,Slide
Assam,Dima Hasao,25.18625,93.01629,Debris,Slide
Assam,Dima Hasao,25.177416,93.00975,Debris,Slide
Assam,Dima Hasao,25.2316944,93.1614167,Earth,Slide
Assam,Dima Hasao,25.18919,93.02118,Debris,Slide
Assam,Dima Hasao,25.17623,93.01326,Debris,Slide
Assam,Dima Hasao,25.10727778,92.88313889,Unknown,NIL
Assam,Dima Hasao,25.10622222,92.8845,Unknown,NIL
Assam,Dima Hasao,25.117665,92.847709,Debris,Slide
Assam,Dima Hasao,25.27898,93.241092,Debris,Slide
Assam,Dima Hasao,25.283672,93.301012,Debris,Slide
Assam,Dima Hasao,25.366255,92.823037,Debris,Slide
Assam,Dima Hasao,25.170425,92.989085,Debris,Slide
Assam,Dima Hasao,25.412958,93.242826,Earth,Slide
Assam,Dima Hasao,25.362612,93.216888,Debris,Slide
Assam,Dima Hasao,25.316197,93.006158,Earth,Subsidence
Assam,Dima Hasao,25.172918,92.995982,Debris,Slide
Assam,Dima Hasao,25.319717,93.123028,Debris,Slide
Assam,Dima Hasao,25.318433,93.115767,Debris,Slide
Assam,Dima Hasao,25.313791,93.10552,Debris,Slide
Assam,Dima Hasao,25.313929,93.10485,Debris,Slide
Assam,Dima Hasao,25.314558,93.094195,Debris,Slide
Assam,Dima Hasao,25.22548,93.023783,Debris,Slide
Assam,Dima Hasao,25.24612,93.028292,Debris,Slide
Assam,Dima Hasao,25.23575,93.033317,Debris,Slide
Assam,Dima Hasao,25.18846,93.003768,Debris,Slide
Assam,Dima Hasao,25.20006,92.9972,Debris,Slide
Assam,Dima Hasao,25.19509,92.9995,Debris,Slide
Assam,Dima Hasao,25.199617,92.997478,Debris,Slide
Assam,Dima Hasao,25.325408,93.037147,Earth,Slide
Assam,Dima Hasao,23.333165,93.057945,Earth,Slide
Assam,Dima Hasao,25.197888,93.02683,Earth,Slide
Assam,Dima Hasao,25.18833,93.104922,Earth,Slide
Assam,Dima Hasao,25.147883,93.085354,Debris,Slide
Assam,Dima Hasao,25.425403,92.982053,Earth,Slide
Assam,Dima Hasao,25.241135,93.007627,Debris,Slide
Assam,Dima Hasao,25.245448,93.003937,Debris,Slide
Assam,Dima Hasao,25.211625,93.00113,Debris,Slide
Assam,Dima Hasao,25.21112,92.999782,Debris,Slide
Assam,Dima Hasao,25.267553,93.191317,Earth,Slide
Assam,Dima Hasao,25.266788,93.190998,Earth,Slide
Assam,Dima Hasao,25.26676,93.1964,Earth,Slide
Assam,Dima Hasao,25.266142,93.197997,Debris,Slide
Assam,Dima Hasao,25.265743,93.21778,Earth,Slide
Assam,Dima Hasao,25.69814,93.129423,Soil,slide
Assam,Dima Hasao,25.648512,93.121528,Debris,slide
Assam,Dima Hasao,25.388977,93.121008,Debris,slide
Assam,Dima Hasao,25.341478,93.133718,Debris,slide
Assam,Dima Hasao (N.C. Hills),25.24194444,93.14319444,Debris,Slide
Assam,Dima Hasao (N.C. Hills),25.41733333,93.12908333,Rock,Slide
Assam,Dima Hasao (N.C. Hills),25.27480556,93.14555556,Rock,Slide
Assam,Dima Hasao (N.C. Hills),25.18955556,93.09641667,Debris,Slide
Assam,Dima Hasao (N.C. Hills),25.17986111,93.07077778,Debris,Slide
Assam,Dima Hasao (N.C. Hills),25.14677778,93.03097222,Debris,Slide
Assam,Dima Hasao (N.C. Hills),25.15713889,93.01719444,Debris,Slide
Assam,Dima Hasao (N.C. Hills),25.164,93.04019444,Debris,Slide
Assam,Dima Hasao (N.C. Hills),25.10638889,92.86480556,Debris,Slide
Assam,Dima Hasao (N.C. Hills),25.10941667,92.88075,Debris,Slide
Assam,Dima Hasao (N.C. Hills),25.10988889,92.89316667,Debris,Slide
Assam,Dima Hasao (N.C. Hills),25.10877778,92.92033333,Debris,Slide
Assam,Dima Hasao (N.C. Hills),25.10897222,92.92886111,Debris,Slide
Assam,Dima Hasao (N.C. Hills),25.11011111,92.99877778,Debris,Slide
Assam,Dima Hasao (N.C. Hills),25.11077778,93.00458333,Debris,Slide
Assam,Dima Hasao (N.C. Hills),25.11238889,93.00575,Debris,Slide
Assam,Dima Hasao (N.C. Hills),25.14872222,93.03191667,Debris,Creep
Assam,Dima Hasao (N.C. Hills),25.14525,93.02916667,Debris,Slide
Assam,Dima Hasao (N.C. Hills),25.15669444,93.01766667,Debris,Slide
Assam,Dima Hasao (N.C. Hills),25.20552778,93.02013889,Debris,Slide
Assam,Dima Hasao (N.C. Hills),25.21494444,93.02161111,Debris,Slide
Assam,Dima Hasao (N.C. Hills),25.2185,93.01311111,Debris,Slide
Assam,Dima Hasao (N.C. Hills),25.21694444,93.01136111,Debris,Slide
Assam,Dima Hasao (N.C. Hills),25.19972222,93.01672222,Debris,Slide
Assam,Dima Hasao (N.C. Hills),25.19669444,93.01858333,Rock,Slide
Assam,Dima Hasao (N.C. Hills),25.18844444,93.01966667,Rock,Slide
Assam,Dima Hasao (N.C. Hills),25.20738889,93.12277778,Debris,"Initially started
as a
subsidence,
now movement
of slope mass
has already
been initiated."
Assam,Dima Hasao (N.C. Hills),25.1775,93.02622222,Earth,"Shallow
rotational"
Assam,Dima Hasao (N.C. Hills),25.40586111,93.11097222,Debris,Slide
Assam,Dima Hasao (N.C. Hills),25.39155556,93.11316667,Soil,Subsidence
Assam,Goalpara,26.006,90.595,Rock cum debris,Slide
Assam,Goalpara,26.061,90.605,Rock cum debris,Slide
Assam,Goalpara,26.198,90.298,Rock cum debris,Slide
Assam,Hailakandi,24.27,92.5,Debris,Slide
Assam,Hailakandi,24.31,92.56,Debris,Slide
Assam,Hailakandi,24.32,92.51,Debris,Slide
Assam,Hailakandi,24.43,92.55,Debris,Slide
Assam,Hailakandi,24.44,92.56,Debris,Slide
Assam,Hailakandi,24.46,92.52,Debris,Slide
Assam,Hailakandi,24.478972,92.682861,Debris,Slide
Assam,Hailakandi,24.48,92.49,Debris,Slide
Assam,Hailakandi,24.51,92.64,Debris,Slide
Assam,Hailakandi,24.51,92.75,Rock,Slide
Assam,Hailakandi,24.51,92.71,Debris,Slide
Assam,Hailakandi,24.511306,92.693028,Debris,Slide
Assam,Hailakandi,24.515944,92.540889,Earth,Slide
Assam,Hailakandi,24.52,92.53,Debris,Slide
Assam,Hailakandi,24.53,92.63,Debris,Slide
Assam,Hailakandi,24.54,92.63,Debris,Slide
Assam,Hailakandi,24.55,92.74,Debris,Slide
Assam,Hailakandi,24.55,92.75,Debris,Slide
Assam,Hailakandi,24.63,92.74,Debris,Slide
Assam,Hailakandi,24.70364,92.64681,Debris,Slide
Assam,Hailakandi,24.70656,92.65008,Debris,Slide
Assam,Hailakandi,24.73117,92.64739,Debris,Slide
Assam,Hailakandi,24.79489,92.55506,Debris,Slide
Assam,Jorhat,26.54,94.37,Earth,Slide
Assam,Jorhat,26.55,94.36,Earth,Slide
Assam,Jorhat,26.56,94.36,Earth,Slide
Assam,Jorhat,26.57,94.35,Debris,Slide
Assam,Jorhat,26.58,94.35,Earth,Slide
Assam,Jorhat,26.6,94.34,Rock,Slide
Assam,Jorhat,26.6,94.35,Earth,Slide
Assam,Kamrup,26.0405,92.0355,Debris,Slide
Assam,Kamrup,26.043267,92.055531,Earth,Slide
Assam,Kamrup,26.050286,91.880072,Debris,Slide
Assam,Kamrup,26.061861,92.147889,Debris,Slide
Assam,Kamrup,26.0641,91.889136,Rock cum Debris,Slide
Assam,Kamrup,26.065167,92.150639,Debris,Slide
Assam,Kamrup,26.071556,91.734028,Debris,Slide
Assam,Kamrup,26.077653,91.982292,Debris,Slide
Assam,Kamrup,26.077806,92.170389,Debris,Slide
Assam,Kamrup,26.077844,92.035022,Debris,Slide
Assam,Kamrup,26.080139,92.032667,Debris,Slide
Assam,Kamrup,26.083972,92.14525,Debris,Slide
Assam,Kamrup,26.094578,92.135144,Earth,Slide
Assam,Kamrup,26.097986,91.980589,Debris,Slide
Assam,Kamrup,26.099975,91.876625,Earth,Slide
Assam,Kamrup,26.10175,92.040222,Debris,Slide
Assam,Kamrup,26.102944,91.862111,Debris,Slide
Assam,Kamrup,26.105806,91.62275,Rock cum Debris,Slide
Assam,Kamrup,26.109222,91.939,Rock cum Debris,Slide
Assam,Kamrup,26.110056,91.908944,Debris,Slide
Assam,Kamrup,26.110944,91.887917,Earth,Slide
Assam,Kamrup,26.112083,92.091028,Debris,Slide
Assam,Kamrup,26.112667,91.853889,Debris,Slide
Assam,Kamrup,26.115139,91.837833,Debris,Slide
Assam,Kamrup,26.121056,91.716389,Rock cum Debris,Slide
Assam,Kamrup,26.129583,91.938306,Debris,Slide
Assam,Kamrup,26.13222,91.83972,Rock,Fall
Assam,Kamrup,26.13611,91.74056,Unknown,Topple
Assam,Kamrup,26.149444,91.748,Debris,Subsidence
Assam,Kamrup,26.153556,92.038694,Debris,Slide
Assam,Kamrup,26.155,91.798167,Debris,Slide
Assam,Kamrup,26.158639,91.921889,Earth,Slide
Assam,Kamrup,26.159139,91.915583,Debris,Slide
Assam,Kamrup,26.159333,91.917611,Rock cum Debris,Slide
Assam,Kamrup,26.1625,91.71444,Debris,Flow
Assam,Kamrup,26.166583,91.714806,Rock,Slide
Assam,Kamrup,26.171972,92.002611,Debris,Slide
Assam,Kamrup,26.17806,91.76083,Unknown,Unknown
Assam,Kamrup,26.18917,91.80111,Unknown,Unknown
Assam,Kamrup,26.189306,91.787944,Debris,Slide
Assam,Kamrup,26.19025,91.806472,Debris,Slide
Assam,Kamrup,26.191667,91.803611,Debris,Slide
Assam,Kamrup,26.19167,91.79028,Unknown,Unknown
Assam,Kamrup,26.195306,91.765639,Debris,Slide
Assam,Kamrup,26.205583,91.963222,Debris,Slide
Assam,Kamrup,26.211111,91.684167,Rock cum Debris,Topple
Assam,Kamrup,26.256139,91.711583,Rock cum Debris,Slide
Assam,Kamrup,26.09961111,91.87811111,Earth,"Slide the loose
soil from top
(already cut in
the area) due
to heavy rain."
Assam,Kamrup,26.14944444,91.748,Earth,Slide
Assam,Kamrup,26.16658333,91.71480556,Rock,Slide
Assam,Kamrup,26.11266667,91.85388889,Debris,Slide
Assam,Kamrup,26.19530556,91.76563889,Debris,Slide
Assam,Kamrup,26.21111111,91.68416667,Debris,"Toppled the
wedged
weathered
rocks blocks."
Assam,Kamrup,26.14988889,91.77394444,Unknown,NIL
Assam,Kamrup,26.10891667,91.74175,Unknown,NIL
Assam,Kamrup,26.12911111,91.74911111,Unknown,NIL
Assam,Kamrup,26.15333333,91.77711111,Unknown,NIL
Assam,Kamrup,26.15052778,91.72766667,Unknown,NIL
Assam,Kamrup,26.16405556,91.72827778,Unknown,NIL
Assam,Kamrup,26.19113889,91.82961111,Earth,Slide
Assam,Kamrup,26.158193,91.755807,Debris,Slide
Assam,Kamrup,26.166185,91.7147,Earth,Slide
Assam,Kamrup,26.16616,91.713803,Earth,Slide
Assam,Kamrup,26.16297,91.7059,Earth,Slide
Assam,Kamrup,26.17027,91.698,Debris,Slide
Assam,Kamrup,25.757752,91.252285,Debris,flow
Assam,Kamrup,25.872268,91.213965,Debris,flow
Assam,Kamrup,26.2272613,91.6922458,Debris,slide
Assam,Kamrup,26.24698,91.964383,Debris,slide
Assam,Kamrup (Metro),26.10711,91.78917,Earth,Flow
Assam,Kamrup (Metro),26.13442,91.7501,Earth,Flow
Assam,Kamrup (Metro),26.1505375,91.72798139,Earth,Slide
Assam,Kamrup (Metro),26.15428,91.79264,Debris,Slide
Assam,Kamrup (Metro),26.15461,91.80086,Earth,Flow
Assam,Kamrup (Metro),26.15478,91.77411,Earth,Flow
Assam,Kamrup (Metro),26.1755,91.76175,Debris,Slide
Assam,Kamrup (Metro),26.17672,91.78672,Earth,Flow
Assam,Kamrup (Metro),26.17672,91.76525,Debris,Slide
Assam,Kamrup (Metro),26.17756,91.76589,Debris,Slide
Assam,Kamrup (Metro),26.18842,91.85125,Earth,Slide
Assam,Kamrup (Metro),26.18867,91.76694,Earth,Flow
Assam,Kamrup (Metro),26.1895,91.787167,Earth,Slide
Assam,Kamrup (Metro),26.190389,91.809944,Earth,Slide
Assam,Kamrup (Metro),26.19081,91.84528,Earth,Slide
Assam,Kamrup (Metro),26.192444,91.764222,Earth,Slide
Assam,Kamrup (Metro),26.195528,91.780556,Earth,Slide
Assam,Kamrup (Metro),26.19622,91.76336,Earth,Flow
Assam,Kamrup (Metro),26.20536,91.86497,Debris,Slide
Assam,Kamrup (Metro),26.37456,91.84561,Earth,Slide
Assam,Kamrup (Metro),26.11464,91.83886,Earth,Slide
Assam,Kamrup (Metro),26.19044,91.77502,Earth,Slide
Assam,Kamrup (Metro),26.13441667,91.74875,Debris,Flow
Assam,Kamrup (Metro),26.15461111,91.80086111,Earth,Flow
Assam,Kamrup (Metro),26.10711111,91.78916667,Earth,Flow
Assam,Kamrup (Metro),26.19552778,91.78055556,Earth,Slide
Assam,Kamrup (Metro),26.146,91.756,Debris,Slide
Assam,Kamrup (Metro),26.21083333,91.68944444,Debris,Slide
Assam,Kamrup (Metro),26.18841667,91.85125,Earth,Slide
Assam,Kamrup (Metro),26.19244444,91.76422222,Earth,Slide
Assam,Kamrup (Metro),26.19236111,91.78080556,Debris,Subsidence
Assam,Kamrup (Metro),26.15805556,91.71258333,Debris,Slide
Assam,Kamrup (Metro),26.19038889,91.80994444,Earth,Slide
Assam,Kamrup (Metro),26.18866667,91.76694444,Earth,Flow
Assam,Kamrup (Metro),26.19622222,91.76336111,Earth,Flow
Assam,Kamrup (Metro),26.10591667,91.62283333,Rock,Slide
Assam,Kamrup (Metro),26.11816667,91.71330556,Rock,Slide
Assam,Kamrup (Metro),26.17755556,91.76588889,Debris,Slide
Assam,Kamrup (Metro),26.17672222,91.76525,Debris,Slide
Assam,Kamrup (Metro),26.15427778,91.79263889,Debris,Slide
Assam,Kamrup (Metro),26.15477778,91.77411111,Earth,Flow
Assam,Kamrup (Metro),26.17672222,91.78672222,Earth,Flow
Assam,Kamrup (Metro),26.1895,91.78716667,Earth,Slide
Assam,Kamrup (Metro),26.09150556,91.87898611,Earth,Slide
Assam,Kamrup (Metro),26.21305556,91.6925,Rock,Fall
Assam,Kamrup (Metro),26.1916,91.80361,Debris,Slide
Assam,Kamrup (Metro),26.19322,91.77033,Earth,Slide
Assam,Kamrup (Metro),26.18789,91.79493,Earth,Slide
Assam,Kamrup (Metro),26.15958333,91.72388889,Unknown,NIL
Assam,Kamrup (Metro),26.15166667,91.73138889,Unknown,NIL
Assam,Kamrup (Metro),26.15544444,91.679,Unknown,NIL
Assam,Kamrup (Metro),26.238016,91.945953,Soil,slide
Assam,Kamrup (Metro),26.184324,91.855395,Soil,slide
Assam,Kamrup (Metro),26.11956,92.052125,Soil,slide
Assam,Kamrup (Metro),26.156633,91.938576,Soil,slide
Assam,Kamrup (Metro),26.1445,91.7362,Soil and Rock,Flow
Assam,Kamrup (Rural),25.79,91.24,Debris,Slide
Assam,Kamrup (Rural),25.84,91.35,Debris,Slide
Assam,Kamrup (Rural),25.91,91.4,Debris,Slide
Assam,Kamrup (Rural),25.95,91.28,Debris,Slide
Assam,Karbi Anglong,25.81044,93.58616,Soil,Slide
Assam,Karbi Anglong,25.82522,93.4243,Soil cum debris,Slide
Assam,Karbi Anglong,25.83128,93.45257,Soil cum debris,Slide
Assam,Karbi Anglong,25.84152,93.45138,Soil,Slide
Assam,Karbi Anglong,25.84267,93.45244,Soil cum debris,Slide
Assam,Karbi Anglong,25.84444,93.45331,Soil cum debris,Slide
Assam,Karbi Anglong,25.84512,93.56682,Debris,Slide
Assam,Karbi Anglong,25.84516,93.68408,Debris,Slide
Assam,Karbi Anglong,25.84541,93.68312,Debris,Slide
Assam,Karbi Anglong,25.8465,93.687,Debris,Slide
Assam,Karbi Anglong,25.84782,93.70174,Rock cum debris,Slide
Assam,Karbi Anglong,25.85072,93.56682,Debris,Slide
Assam,Karbi Anglong,25.85189,93.56633,Debris,Slide
Assam,Karbi Anglong,25.85487,93.56583,Debris,Slide
Assam,Karbi Anglong,25.85498,93.56638,Debris,Slide
Assam,Karbi Anglong,25.88494,93.45792,Soil,Slide
Assam,Karbi Anglong,25.95514,93.72997,Debris,Slide
Assam,Karbi Anglong,25.96256,93.46922,Soil cum debris,Slide
Assam,Karbi Anglong,25.96272,93.46964,Soil,Slide
Assam,Karbi Anglong,26.056083,93.406528,Soil,Slide
Assam,Karbi Anglong,26.058972,93.406972,Soil,Slide
Assam,Karbi Anglong,26.297306,93.211833,Debris,Slide
Assam,Karbi Anglong,26.297778,93.211111,Debris,Slide
Assam,Karbi Anglong,26.298389,93.21625,Debris,Slide
Assam,Karbi Anglong,26.302944,93.225389,Debris,Slide
Assam,Karbi Anglong,26.303333,93.225694,Debris,Slide
Assam,Karbi Anglong,26.307972,93.275722,Soil,Slide
Assam,Karbi Anglong,26.314847,93.256125,Debris,Slide
Assam,Karbi Anglong,26.314964,93.256408,Debris,Slide
Assam,Karbi Anglong,26.323083,93.093167,Soil,Slide
Assam,Karbi Anglong,26.32685,93.267639,Soil,Slide
Assam,Karbi Anglong,26.3287,93.269194,Soil,Slide
Assam,Karbi Anglong,26.339833,93.099972,Debris,Slide
Assam,Karbi Anglong,26.34075,93.78861,Soil,Slide
Assam,Karbi Anglong,26.3466,93.7356,Soil,Slide
Assam,Karbi Anglong,26.347417,93.2982,Soil,Slide
Assam,Karbi Anglong,26.3477,93.7399,Debris,Slide
Assam,Karbi Anglong,26.3478,93.7417,Soil,Slide
Assam,Karbi Anglong,26.34838,93.78208,Soil,Slide
Assam,Karbi Anglong,26.34938,93.78091,Debris,Slide
Assam,Karbi Anglong,26.35622,93.77941,Debris,Slide
Assam,Karbi Anglong,26.483278,93.181306,Debris,Slide
Assam,Karbi Anglong,26.51925,93.47147,Soil,Slide
Assam,Karbi Anglong,26.5235,93.28166,Debris,Slide
Assam,Karbi Anglong,26.57447,93.66297,Soil,Slide
Assam,Karbi Anglong,26.57708,93.65836,Soil,Slide
Assam,Karbi Anglong,26.57719,93.10008,Debris,Slide
Assam,Karbi Anglong,26.59011,93.57466,Debris,Slide
Assam,Karbi Anglong,26.59041,93.47616,Debris,Slide
Assam,Karbi Anglong,26.59416,93.547361,Debris,Slide
Assam,Karbi Anglong,26.60275,93.48408,Debris,Slide
Assam,Karbi Anglong,26.60358,93.481,Debris,Slide
Assam,Karimganj,24.44,92.5,Rock,Slide
Assam,Karimganj,24.659389,92.497361,Earth,Slide
Assam,Karimganj,24.70619,92.28997,Earth,Flow
Assam,Karimganj,24.710833,92.481167,Debris,Slide
Assam,Karimganj,24.78002778,92.45372222,Earth,Slide
Assam,Karimganj,24.78380556,92.45563889,Earth,Slide
Assam,Karimganj,24.70619444,92.28997222,Earth,Flow
Assam,Morigaon,26.250333,91.976694,Debris,Slide
Assam,Nagaon,25.81756,93.10886,Rock,Fall
Assam,Nagaon,26.096722,92.43875,Rock,Fall
Assam,Nagaon,26.098222,92.439389,Rock,Slide
Assam,Nagaon,26.101333,92.440556,Debris,Slide
Assam,Nagaon,26.102167,92.440472,Earth,Slide
Assam,Nagaon,26.102333,92.4415,Rock cum Debris,Slide
Assam,Nagaon,26.102667,92.441639,Rock cum Debris,Slide
Assam,Nagaon,26.103028,92.440889,Earth,Slide
Assam,Nagaon,26.105667,92.441,Rock cum Debris,Slide
Assam,Nagaon,26.10725,92.44,Rock cum Debris,Slide
Assam,Nagaon,26.107667,92.44003,Debris,Slide
Assam,Nagaon,26.108417,92.440222,Debris,Slide
Assam,Nagaon,26.110139,92.439333,Debris,Slide
Assam,Nagaon,26.113639,92.441222,Debris,Slide
Assam,Nagaon,26.116972,92.440083,Rock cum Debris,Slide
Assam,Nagaon,26.117111,92.441028,Debris,Slide
Assam,Nagaon,26.117417,92.438667,Rock cum Debris,Slide
Assam,Nagaon,26.118167,92.440944,Earth,Slide
Assam,Nagaon,26.119417,92.439972,Earth,Slide
Assam,Nagaon,26.172917,92.762778,Debris,Slide
Assam,Nagaon,26.56111,93.04925,Debris,Slide
Assam,Nagaon,26.56252,93.05658,Soil,Slide
Assam,Nagaon,26.57411,93.09811,Debris,Slide
Assam,Nagaon,26.57436,93.10647,Debris,Slide
Assam,Nagaon,26.57455,93.11244,Debris,Slide
Assam,Nagaon,26.57463,93.11297,Debris,Slide
Assam,Sonitpur,26.9174,92.77163,Debris,Slide
Assam,Sonitpur,26.92013,92.75994,Debris,Slide
Assam,Sonitpur,26.92088,92.75933,Debris,Slide
Assam,Sonitpur,26.92216,92.7678,Debris,Slide
Assam,Sonitpur,26.9231,92.76755,Debris,Slide
Assam,Sonitpur,26.92666,92.73966,Debris,Slide
Assam,Sonitpur,26.93362,92.70757,Soil,Slide
Assam,Sonitpur,26.93438,92.729,Debris,Slide
Assam,Sonitpur,26.9358,92.70369,Debris,Slide
Assam,Sonitpur,26.93586,92.70441,Debris,Slide
Assam,Sonitpur,26.93597,92.70455,Debris,Slide
Assam,Sonitpur,26.93641,92.70308,Debris,Slide
Assam,Sonitpur,26.93819,92.70402,Debris,Slide
Assam,Sonitpur,26.93855,92.70336,Debris,Slide
Assam,Sonitpur,26.94755,93.257521,Debris,Slide
Assam,Sonitpur,26.9498,93.45291,Debris,Slide
Assam,Sonitpur,26.95052,93.45136,Debris,Slide
Assam,Sonitpur,26.95266,93.44166,Debris,Slide
Assam,Sonitpur,26.9693,92.634,Debris,Slide
Assam,Sonitpur,26.97013,92.63363,Debris,Slide
Assam,Sonitpur,26.97041,92.63436,Debris,Slide
Assam,Sonitpur,26.972889,92.632833,Debris,Slide
Assam,Udalguri,26.88969,92.12266,Rock-cum- debris,Falls
Assam,Udalguri,26.89074,92.12068,Rock-cum- debris,Falls
Assam,West Karbi Anglong,25.75933,92.52258,Earth cum Rock,Slide
Assam,West Karbi Anglong,25.79939,92.52653,Earth,Slide
Assam,West Karbi Anglong,25.809417,92.474833,Rock cum Debris,Slide
Assam,West Karbi Anglong,25.81175,92.55003,Earth,Slide
Assam,West Karbi Anglong,25.812,92.55069,Debris,Slide
Assam,West Karbi Anglong,25.81236,92.55156,Earth,Slide
Assam,West Karbi Anglong,25.81428,92.55422,Debris,Slide
Assam,West Karbi Anglong,25.81542,92.5535,Debris,Slide
Assam,West Karbi Anglong,25.81678,92.71878,Earth,Slide
Assam,West Karbi Anglong,25.81689,92.71744,Earth,Slide
Assam,West Karbi Anglong,25.81806,92.74872,Earth,Slide
Assam,West Karbi Anglong,25.82108,92.544,Debris,Slide
Assam,West Karbi Anglong,25.822458,92.546381,Debris,Slide
Assam,West Karbi Anglong,25.82528,92.54775,Rock cum Debris,Slide
Assam,West Karbi Anglong,25.82769,92.55658,Earth cum Rock,Slide
Assam,West Karbi Anglong,25.84494,92.61514,Debris,Slide
Assam,West Karbi Anglong,25.84875,92.68328,Rock cum Debris,Slide
Assam,West Karbi Anglong,25.84967,92.69042,Earth cum Rock,Slide
Assam,West Karbi Anglong,25.84992,92.69072,Earth cum Rock,Slide
Assam,West Karbi Anglong,25.8515,92.69203,Earth cum Rock,Slide
Assam,West Karbi Anglong,25.85167,92.58089,Debris,Slide
Assam,West Karbi Anglong,25.85544,92.57369,Debris,Slide
Assam,West Karbi Anglong,25.85992,92.72558,Debris,Slide
Assam,West Karbi Anglong,25.864186,92.571047,Debris,Slide
Assam,West Karbi Anglong,25.86958,92.59411,Rock cum Debris,Slide
Assam,West Karbi Anglong,25.88692,92.61347,Debris,Slide
Assam,West Karbi Anglong,25.90653,92.65819,Debris cum earth,Slide
Assam,West Karbi Anglong,25.90692,92.64714,Debris,Slide
Assam,West Karbi Anglong,25.945,92.66358,Debris,Slide
Assam,West Karbi Anglong,25.946611,92.305361,Debris,Slide
Assam,West Karbi Anglong,25.95381,92.60444,Debris,Slide
Assam,West Karbi Anglong,25.95386,92.60367,Debris,Slide
Assam,West Karbi Anglong,25.95931,92.51753,Debris,Slide
Assam,West Karbi Anglong,25.96094,92.60122,Debris,Slide
Assam,West Karbi Anglong,25.961444,92.341333,Rock cum Debris,Slide
Assam,West Karbi Anglong,25.965731,92.59267,Earth,Slide
Assam,West Karbi Anglong,25.96667,92.356917,Earth,Slide
Assam,West Karbi Anglong,25.968083,92.3575,Debris,Slide
Assam,West Karbi Anglong,25.977194,92.354778,Debris,Slide
Assam,West Karbi Anglong,25.98219,92.51892,Rock,Slide
Assam,West Karbi Anglong,26.012,92.264167,Debris,Slide
Assam,West Karbi Anglong,26.013528,92.266083,Debris,Slide
Assam,West Karbi Anglong,26.016389,92.48225,Earth,Slide
Assam,West Karbi Anglong,26.022833,92.274028,Earth,Slide
Assam,West Karbi Anglong,26.024167,92.475,Earth,Slide
Assam,West Karbi Anglong,26.030972,92.474139,Earth,Slide
Assam,West Karbi Anglong,26.031528,92.472778,Earth,Slide
Assam,West Karbi Anglong,26.031583,92.47375,Earth,Slide
Assam,West Karbi Anglong,26.03275,92.271861,Debris,Slide
Assam,West Karbi Anglong,26.033556,92.468056,Debris,Slide
Assam,West Karbi Anglong,26.035278,92.470861,Debris,Slide
Assam,West Karbi Anglong,26.036583,92.273056,Debris,Slide
Assam,West Karbi Anglong,26.039194,92.4595,Debris,Slide
Assam,West Karbi Anglong,26.039361,92.273806,Rock cum Debris,Slide
Assam,West Karbi Anglong,26.042139,92.27525,Rock cum Debris,Slide
Assam,West Karbi Anglong,26.043583,92.440528,Debris,Slide
Assam,West Karbi Anglong,26.043583,92.452222,Debris,Slide
Assam,West Karbi Anglong,26.043611,92.440944,Debris,Slide
Assam,West Karbi Anglong,26.043722,92.441472,Debris,Slide
Assam,West Karbi Anglong,26.045472,92.457417,Earth,Slide
Assam,West Karbi Anglong,26.045806,92.450778,Earth,Slide
Assam,West Karbi Anglong,26.048611,92.432194,Earth,Slide
Assam,West Karbi Anglong,25.91286,92.49797,Debris,Slide
Assam,West Karbi Anglong,25.96664,92.51636,Earth,Slide
Assam,West Karbi Anglong,25.967,92.51617,Debris,Slide
Assam,West Karbi Anglong,25.96458,92.52081,Debris,Slide
Assam,West Karbi Anglong,25.96886,92.51572,Earth,Slide
Assam,West Karbi Anglong,25.97461,92.51375,Earth,Slide
Assam,West Karbi Anglong,25.97664,92.51283,Earth,Slide
Assam,West Karbi Anglong,25.98214,92.51139,Rock,Fall
Assam,West Karbi Anglong,25.91608,92.50203,Debris,Slide
Assam,West Karbi Anglong,25.92153,92.50753,Debris,Slide
Assam,West Karbi Anglong,25.92525,92.51031,Debris,Slide
Assam,West Karbi Anglong,25.91936,92.50556,Earth,Slide
Assam,West Karbi Anglong,25.92103,92.50708,Earth,Slide
Assam,West Karbi Anglong,25.92233,92.50819,Earth,Slide
Assam,West Karbi Anglong,25.924,92.50939,Earth,Slide
Assam,West Karbi Anglong,25.95825,92.51414,Earth,Slide
Assam,West Karbi Anglong,25.96403,92.51631,Earth,Slide
Assam,West Karbi Anglong,25.91406,92.49897,Debris,Slide
Assam,West Karbi Anglong,25.91422,92.49972,Debris,Slide
Assam,West Karbi Anglong,25.95478,92.51386,Rock,Slide
Assam,West Karbi Anglong,25.95317,92.51353,Debris,Slide
Assam,West Karbi Anglong,25.888959,92.61669,Debris,slide
Assam,West Karbi Anglong,25.890032,92.621245,Debris,slide
Assam,West Khasi Hills,25.740148,91.224044,Soil,slide
Manipur,Bishnupur,24.3,93.84,Debris,Slide
Manipur,Bishnupur,24.32,93.75,Debris,Slide
Manipur,Bishnupur,24.32,93.76,Debris,Slide
Manipur,Bishnupur,24.32,93.79,Debris,Slide
Manipur,Bishnupur,24.52,93.8,Debris,Slide
Manipur,Bishnupur,24.524125,93.816333,Debris,Slide
Manipur,Bishnupur,24.517056,93.817056,Debris,Slide
Manipur,Chandel,23.95,94.07,Rock,Slide
Manipur,Chandel,23.95,94.06,Rock,Slide
Manipur,Chandel,23.96,94.06,Rock,Slide
Manipur,Chandel,23.97,93.95,Rock,Fall
Manipur,Chandel,23.97,94.04,Rock,Slide
Manipur,Chandel,23.98,93.99,Debris,Slide
Manipur,Chandel,23.98,94.02,Rock,Slide
Manipur,Chandel,23.98,94.03,Rock,Slide
Manipur,Chandel,23.99,93.94,Debris,Slide
Manipur,Chandel,23.99,94.04,Rock,Slide
Manipur,Chandel,23.99,94.0,Rock,Slide
Manipur,Chandel,24.0,93.97,Rock,Slide
Manipur,Chandel,24.0,93.99,Rock,Fall
Manipur,Chandel,24.0,93.98,Rock,Slide
Manipur,Chandel,24.0,94.0,Rock,Slide
Manipur,Chandel,24.0,93.82,Rock,Slide
Manipur,Chandel,24.01,93.99,Rock,Slide
Manipur,Chandel,24.01,93.96,Rock,Slide
Manipur,Chandel,24.01,93.98,Rock,Slide
Manipur,Chandel,24.01,93.97,Rock,Fall
Manipur,Chandel,24.02,93.97,Rock,Slide
Manipur,Chandel,24.03,93.81,Rock,Slide
Manipur,Chandel,24.04,94.08,Rock,Slide
Manipur,Chandel,24.05,94.07,Rock,Slide
Manipur,Chandel,24.06,94.05,Rock,Slide
Manipur,Chandel,24.06,94.04,Rock,Slide
Manipur,Chandel,24.06,94.02,Rock,Slide
Manipur,Chandel,24.06,94.03,Rock,Slide
Manipur,Chandel,24.07,94.03,Rock,Slide
Manipur,Chandel,24.08,93.89,Rock,Slide
Manipur,Chandel,24.08,94.03,Rock,Slide
Manipur,Chandel,24.09,93.9,Earth,Slide
Manipur,Chandel,24.09,93.91,Rock,Slide
Manipur,Chandel,24.09,94.02,Rock,Slide
Manipur,Chandel,24.09,94.15,Debris,Slide
Manipur,Chandel,24.09,94.03,Rock,Slide
Manipur,Chandel,24.09,94.04,Rock,Slide
Manipur,Chandel,24.1,93.96,Rock,Fall
Manipur,Chandel,24.1,93.9,Debris,Flow
Manipur,Chandel,24.1,93.95,Rock,Slide
Manipur,Chandel,24.1,94.04,Rock,Slide
Manipur,Chandel,24.1,94.02,Rock,Slide
Manipur,Chandel,24.1,94.03,Rock,Slide
Manipur,Chandel,24.1,94.07,Rock,Slide
Manipur,Chandel,24.11,93.91,Debris,Slide
Manipur,Chandel,24.11,94.13,Earth,Slide
Manipur,Chandel,24.11,94.02,Rock,Slide
Manipur,Chandel,24.12,94.13,Rock,Slide
Manipur,Chandel,24.12,94.07,Rock,Slide
Manipur,Chandel,24.12,94.05,Rock,Slide
Manipur,Chandel,24.12,94.02,Rock,Slide
Manipur,Chandel,24.13,93.99,Rock,Slide
Manipur,Chandel,24.13,94.0,Rock,Slide
Manipur,Chandel,24.13,94.13,Rock,Slide
Manipur,Chandel,24.13,94.12,Rock,Slide
Manipur,Chandel,24.13,94.11,Rock,Slide
Manipur,Chandel,24.13,94.07,Rock,Slide
Manipur,Chandel,24.13,94.06,Rock,Slide
Manipur,Chandel,24.14,93.93,Earth,Slide
Manipur,Chandel,24.14,94.07,Rock,Slide
Manipur,Chandel,24.14,94.01,Rock,Slide
Manipur,Chandel,24.15,94.1,Rock,Slide
Manipur,Chandel,24.15,94.08,Rock,Slide
Manipur,Chandel,24.16,93.97,Rock,Slide
Manipur,Chandel,24.16,93.96,Rock,Slide
Manipur,Chandel,24.16,93.95,Rock,Slide
Manipur,Chandel,24.17,93.93,Rock,Slide
Manipur,Chandel,24.18,93.9,Earth,Slide
Manipur,Chandel,24.18,93.99,Rock,Slide
Manipur,Chandel,24.18,94.07,Earth,Slide
Manipur,Chandel,24.19,93.97,Rock,Slide
Manipur,Chandel,24.19,94.11,Debris,Slide
Manipur,Chandel,24.19,94.02,Rock,Slide
Manipur,Chandel,24.19,94.2,Rock,Slide
Manipur,Chandel,24.19,94.19,Debris,Slide
Manipur,Chandel,24.19,94.01,Rock,Slide
Manipur,Chandel,24.2,94.1,Debris,Slide
Manipur,Chandel,24.2,94.2,Rock,Slide
Manipur,Chandel,24.21,94.22,Rock,Slide
Manipur,Chandel,24.22,93.88,Earth,Slide
Manipur,Chandel,24.22,94.24,Rock,Slide
Manipur,Chandel,24.22,94.09,Rock,Slide
Manipur,Chandel,24.22,94.11,Rock,Slide
Manipur,Chandel,24.22,94.07,Debris,Slide
Manipur,Chandel,24.22,94.08,Debris,Slide
Manipur,Chandel,24.22,94.26,Earth,Slide
Manipur,Chandel,24.23,93.93,Rock,Slide
Manipur,Chandel,24.23,93.94,Rock,Slide
Manipur,Chandel,24.24,94.08,Earth,Slide
Manipur,Chandel,24.246228,94.070389,Debris,Slide
Manipur,Chandel,24.25,94.08,Rock,Slide
Manipur,Chandel,24.25,94.07,Rock,Slide
Manipur,Chandel,24.2504,94.096483,Debris,Slide
Manipur,Chandel,24.250722,94.073861,Rock,Slide
Manipur,Chandel,24.251011,94.0873,Debris,Slide
Manipur,Chandel,24.253611,94.100258,Debris,Slide
Manipur,Chandel,24.256583,94.093111,Rock,Slide
Manipur,Chandel,24.25806,94.28722,Debris,Slide
Manipur,Chandel,24.264317,94.096472,Rock,Slide
Manipur,Chandel,24.267194,94.111889,Debris,Slide
Manipur,Chandel,24.267658,94.117506,Debris,Slide
Manipur,Chandel,24.267872,94.117978,Debris,Slide
Manipur,Chandel,24.268022,94.120806,Rock,Slide
Manipur,Chandel,24.268528,94.103861,Rock,Fall
Manipur,Chandel,24.269144,94.107397,Debris,Slide
Manipur,Chandel,24.272667,94.075083,Debris,Slide
Manipur,Chandel,24.272722,94.075111,Debris,Slide
Manipur,Chandel,24.27705,94.070089,Debris,Slide
Manipur,Chandel,24.279575,94.077164,Debris,Slide
Manipur,Chandel,24.280472,94.073833,Debris,Slide
Manipur,Chandel,24.285722,94.128222,Debris,Slide
Manipur,Chandel,24.28575,94.128222,Rock,Slide
Manipur,Chandel,24.287361,94.022917,Rock,Slide
Manipur,Chandel,24.289019,94.073331,Debris,Slide
Manipur,Chandel,24.290714,94.038094,Debris,Slide
Manipur,Chandel,24.291028,94.124056,Debris,Slide
Manipur,Chandel,24.298028,94.123583,Debris,Slide
Manipur,Chandel,24.301528,94.017972,Debris,Slide
Manipur,Chandel,24.301806,94.059917,Rock,Slide
Manipur,Chandel,24.314194,93.928861,Debris,Slide
Manipur,Chandel,24.314333,93.931361,Debris,Slide
Manipur,Chandel,24.317619,94.003678,Debris,Slide
Manipur,Chandel,24.3225,94.23361,Debris,Slide
Manipur,Chandel,24.34,94.22444,Debris,Slide
Manipur,Chandel,24.340028,93.977472,Rock,Slide
Manipur,Chandel,24.346028,93.954583,Rock,Fall
Manipur,Chandel,24.391583,94.085806,Rock,Slide
Manipur,Chandel,24.40639,94.06583,Debris,Slide
Manipur,Chandel,24.444067,94.169767,Debris,Slide
Manipur,Chandel,24.491667,94.160889,Rock cum debris,Slide
Manipur,Chandel,24.506528,94.180389,Rock cum debris,Slide
Manipur,Chandel,24.528778,94.156667,Soil,Slide
Manipur,Churachandpur,23.98,93.55,Rock,Slide
Manipur,Churachandpur,23.99,93.55,Debris,Slide
Manipur,Churachandpur,24.0,93.56,Rock,Slide
Manipur,Churachandpur,24.0,93.55,Debris,Slide
Manipur,Churachandpur,24.01,93.55,Debris,Slide
Manipur,Churachandpur,24.02,93.57,Rock,Slide
Manipur,Churachandpur,24.02,93.56,Debris,Slide
Manipur,Churachandpur,24.03,93.57,Debris,Slide
Manipur,Churachandpur,24.05,93.57,Debris,Slide
Manipur,Churachandpur,24.06,93.28,Debris,Slide
Manipur,Churachandpur,24.06,93.57,Rock,Slide
Manipur,Churachandpur,24.1,93.28,Debris,Slide
Manipur,Churachandpur,24.1,93.29,Debris,Slide
Manipur,Churachandpur,24.1,93.57,Rock,Slide
Manipur,Churachandpur,24.1,93.5,Debris,Slide
Manipur,Churachandpur,24.1,93.51,Debris,Slide
Manipur,Churachandpur,24.11,93.32,Debris,Slide
Manipur,Churachandpur,24.11,93.53,Rock,Slide
Manipur,Churachandpur,24.11,93.52,Debris,Slide
Manipur,Churachandpur,24.11,93.58,Debris,Slide
Manipur,Churachandpur,24.12,93.29,Debris,Slide
Manipur,Churachandpur,24.12,93.58,Debris,Slide
Manipur,Churachandpur,24.13,93.48,Debris,Slide
Manipur,Churachandpur,24.13,93.29,Debris,Subsidence
Manipur,Churachandpur,24.14,93.38,Debris,Slide
Manipur,Churachandpur,24.14,93.47,Debris,Slide
Manipur,Churachandpur,24.14,93.45,Debris,Slide
Manipur,Churachandpur,24.14,93.42,Debris,Slide
Manipur,Churachandpur,24.14,93.57,Debris,Slide
Manipur,Churachandpur,24.15,93.3,Debris,Slide
Manipur,Churachandpur,24.15,93.58,Debris,Slide
Manipur,Churachandpur,24.15,93.55,Debris,Slide
Manipur,Churachandpur,24.16,93.3,Debris,Slide
Manipur,Churachandpur,24.16,93.31,Debris,Slide
Manipur,Churachandpur,24.17,93.3,Debris,Slide
Manipur,Churachandpur,24.17,93.58,Debris,Slide
Manipur,Churachandpur,24.17,93.59,Rock,Slide
Manipur,Churachandpur,24.18,93.6,Debris,Slide
Manipur,Churachandpur,24.18,93.56,Debris,Slide
Manipur,Churachandpur,24.18,93.59,Debris,Slide
Manipur,Churachandpur,24.19,93.4,Debris,Slide
Manipur,Churachandpur,24.21,93.3,Debris,Slide
Manipur,Churachandpur,24.21,93.29,Debris,Slide
Manipur,Churachandpur,24.21,93.28,Debris,Slide
Manipur,Churachandpur,24.22,93.3,Rock,Fall
Manipur,Churachandpur,24.24,93.85,Rock,Slide
Manipur,Churachandpur,24.25,93.66,Debris,Slide
Manipur,Churachandpur,24.27,93.67,Debris,Slide
Manipur,Churachandpur,24.28,93.68,Debris,Slide
Manipur,Churachandpur,24.29,93.68,Debris,Slide
Manipur,Churachandpur,24.3,93.69,Debris,Slide
Manipur,Churachandpur,24.32,93.36,Debris,Slide
Manipur,Churachandpur,24.32,93.28,Debris,Slide
Manipur,Churachandpur,24.32,93.74,Debris,Slide
Manipur,Churachandpur,24.33,93.3,Debris,Slide
Manipur,Churachandpur,24.33,93.66,Earth,Fall
Manipur,Churachandpur,24.33,93.55,Debris,Slide
Manipur,Churachandpur,24.33,93.67,Debris,Slide
Manipur,Churachandpur,24.33,93.53,Debris,Slide
Manipur,Churachandpur,24.34,93.31,Debris,Slide
Manipur,Churachandpur,24.34,93.32,Debris,Slide
Manipur,Churachandpur,24.34,93.66,Debris,Slide
Manipur,Churachandpur,24.35,93.28,Debris,Slide
Manipur,Churachandpur,24.35,93.51,Debris,Slide
Manipur,Churachandpur,24.35,93.66,Debris,Slide
Manipur,Churachandpur,24.35,93.67,Debris,Slide
Manipur,Churachandpur,24.35,93.54,Debris,Slide
Manipur,Churachandpur,24.35,93.53,Debris,Slide
Manipur,Churachandpur,24.36,93.27,Debris,Slide
Manipur,Churachandpur,24.36,93.54,Debris,Slide
Manipur,Churachandpur,24.36,93.65,Debris,Slide
Manipur,Churachandpur,24.37,93.52,Debris,Slide
Manipur,Churachandpur,24.37,93.26,Debris,Slide
Manipur,Churachandpur,24.37,93.5,Debris,Slide
Manipur,Churachandpur,24.37,93.72,Debris,Slide
Manipur,Churachandpur,24.42,93.84,Debris,Slide
Manipur,Churachandpur,24.43,93.85,Debris,Slide
Manipur,Churachandpur,24.53,93.08,Debris,Slide
Manipur,Churachandpur,24.53,93.07,Rock,Slide
Manipur,Churachandpur,24.534017,93.680433,Debris,Slide
Manipur,Churachandpur,24.536556,93.670047,Debris,Slide
Manipur,Churachandpur,24.538817,93.676767,Debris,Slide
Manipur,Churachandpur,24.543806,93.676528,Debris,Slide
Manipur,Churachandpur,24.544361,93.674917,Debris,Slide
Manipur,Churachandpur,24.5465,93.671667,Debris,Slide
Manipur,Churachandpur,24.548053,93.709739,Debris,Slide
Manipur,Churachandpur,24.549256,93.667681,Debris,Slide
Manipur,Churachandpur,24.549944,93.668361,Debris,Slide
Manipur,Churachandpur,24.553572,93.711317,Debris,Slide
Manipur,Churachandpur,24.595972,93.721889,Rock,Slide
Manipur,Churachandpur,24.599333,93.689722,Debris,Slide
Manipur,Churachandpur,24.599858,93.725225,Debris,Slide
Manipur,Churachandpur,24.600083,93.725528,Debris,Slide
Manipur,Churachandpur,24.600231,93.695483,Debris,Slide
Manipur,Churachandpur,24.607528,93.713778,Debris,Slide
Manipur,Churachandpur,24.612372,93.670775,Debris,Slide
Manipur,Churachandpur,24.612992,93.670236,Debris,Slide
Manipur,Imphal East,24.769556,94.116778,Soil,Slide
Manipur,Imphal East,24.833944,94.08125,Rock,Slide
Manipur,Jiribam,24.62,93.17,Debris,Slide
Manipur,Jiribam,24.68,93.11,Debris,Slide
Manipur,Jiribam,24.69,93.12,Rock,Slide
Manipur,Jiribam,24.72,93.18,Rock,Slide
Manipur,Jiribam,24.72,93.14,Debris,Slide
Manipur,Jiribam,24.72,93.13,Debris,Slide
Manipur,Jiribam,24.73,93.18,Debris,Slide
Manipur,Jiribam,24.73,93.19,Debris,Slide
Manipur,Jiribam,24.73,93.13,Earth,Slide
Manipur,Jiribam,24.73,93.17,Rock,Slide
Manipur,Jiribam,24.73,93.15,Debris,Slide
Manipur,Jiribam,24.74,93.15,Rock,Slide
Manipur,Jiribam,24.74,93.16,Rock,Slide
Manipur,Jiribam,24.74,93.12,Debris,Slide
Manipur,Kamjong,24.599639,94.358694,Debris,Slide
Manipur,Kamjong,24.607745,94.342873,Debris,Slide
Manipur,Kamjong,24.613545,94.33124,Debris,Slide
Manipur,Kamjong,24.618157,94.309379,Debris,Slide
Manipur,Kamjong,24.618583,94.308778,Debris,Slide
Manipur,Kamjong,24.645686,94.38249,Rock,Fall
Manipur,Kamjong,24.652556,94.389194,Debris,Slide
Manipur,Kamjong,24.655226,94.292756,Debris,Slide
Manipur,Kamjong,24.664707,94.29025,Debris,Slide
Manipur,Kamjong,24.664737,94.290345,Debris,Slide
Manipur,Kamjong,24.668389,94.285472,Debris,Slide
Manipur,Kamjong,24.672316,94.26374,Debris,Slide
Manipur,Kamjong,24.6735,94.270702,Debris,Slide
Manipur,Kamjong,24.673582,94.270534,Debris,Slide
Manipur,Kamjong,24.676078,94.253133,Debris,Slide
Manipur,Kamjong,24.676323,94.253976,Debris,Slide
Manipur,Kamjong,24.677303,94.253445,Debris,Slide
Manipur,Kamjong,24.67916,94.252632,Debris,Slide
Manipur,Kamjong,24.682833,94.269306,Debris,Subsidence
Manipur,Kamjong,24.683139,94.400917,Debris,Slide
Manipur,Kamjong,24.683238,94.267283,Debris,Subsidence
Manipur,Kamjong,24.684625,94.264253,Debris,Slide
Manipur,Kamjong,24.686651,94.258667,Debris,Slide
Manipur,Kamjong,24.686833,94.2605,Debris,Slide
Manipur,Kamjong,24.687667,94.267306,Debris,Slide
Manipur,Kamjong,24.691389,94.255917,Debris,Slide
Manipur,Kamjong,24.691944,94.250333,Debris,Slide
Manipur,Kamjong,24.692373,94.257477,Debris,Slide
Manipur,Kamjong,24.692906,94.258355,Debris,Slide
Manipur,Kamjong,24.69325,94.259444,Debris,Slide
Manipur,Kamjong,24.714343,94.360864,Rock,Slide
Manipur,Kamjong,24.745805,94.348327,Debris,Slide
Manipur,Kamjong,24.776694,94.599472,Debris,Slide
Manipur,Kamjong,24.777306,94.601889,Soil,Slide
Manipur,Kamjong,24.777333,94.602278,Soil,Slide
Manipur,Kamjong,24.796417,94.398786,Debris,Slide
Manipur,Kamjong,24.796722,94.40925,Rock,Slide
Manipur,Kamjong,24.797,94.409028,Debris,Slide
Manipur,Kamjong,24.798077,94.406137,Rock,Slide
Manipur,Kamjong,24.805342,94.322356,Debris,Slide
Manipur,Kamjong,24.806278,94.377056,Debris,Slide
Manipur,Kamjong,24.806417,94.505778,Debris,Slide
Manipur,Kamjong,24.808874,94.368466,Debris,Slide
Manipur,Kamjong,24.811301,94.355581,Debris,Slide
Manipur,Kamjong,24.812017,94.356051,Debris,Subsidence
Manipur,Kamjong,24.812611,94.581278,Debris,Slide
Manipur,Kamjong,24.81425,94.552028,Debris,Slide
Manipur,Kamjong,24.814386,94.32344,Debris,Slide
Manipur,Kamjong,24.814778,94.549639,Soil,Slide
Manipur,Kamjong,24.8155,94.572222,Soil,Slide
Manipur,Kamjong,24.817028,94.534528,Debris,Slide
Manipur,Kamjong,24.817944,94.504472,Debris,Subsidence
Manipur,Kamjong,24.818713,94.355182,Debris,Slide
Manipur,Kamjong,24.819694,94.352611,Debris,Slide
Manipur,Kamjong,24.820222,94.352889,Rock,Slide
Manipur,Kamjong,24.820833,94.504167,Debris,Slide
Manipur,Kamjong,24.821028,94.50425,Debris,Slide
Manipur,Kamjong,24.823283,94.322722,Rock,Slide
Manipur,Kamjong,24.823296,94.358767,Debris,Slide
Manipur,Kamjong,24.824278,94.322472,Debris,Slide
Manipur,Kamjong,24.825889,94.348861,Debris,Slide
Manipur,Kamjong,24.826361,94.5255,Debris,Slide
Manipur,Kamjong,24.830202,94.357821,Debris,Slide
Manipur,Kamjong,24.831028,94.334833,Rock,Slide
Manipur,Kamjong,24.831167,94.334111,Rock,Fall
Manipur,Kamjong,24.83125,94.339194,Debris,Slide
Manipur,Kamjong,24.831526,94.32757,Debris,Slide
Manipur,Kamjong,24.831859,94.335718,Debris,Slide
Manipur,Kamjong,24.832817,94.330448,Rock,Fall
Manipur,Kamjong,24.833278,94.349639,Debris,Slide
Manipur,Kamjong,24.833889,94.346417,Rock,Slide
Manipur,Kamjong,24.834083,94.353028,Debris,Slide
Manipur,Kamjong,24.834921,94.365211,Debris,Slide
Manipur,Kamjong,24.835145,94.340419,Debris,Slide
Manipur,Kamjong,24.835611,94.519722,Debris,Slide
Manipur,Kamjong,24.83636,94.37622,Debris,Slide
Manipur,Kamjong,24.836588,94.354848,Rock,Slide
Manipur,Kamjong,24.837576,94.337593,Debris,Slide
Manipur,Kamjong,24.838167,94.357139,Debris,Slide
Manipur,Kamjong,24.8385,94.357083,Debris,Slide
Manipur,Kamjong,24.839028,94.357083,Debris,Slide
Manipur,Kamjong,24.8415,94.361167,Debris,Slide
Manipur,Kamjong,24.841944,94.512972,Debris,Slide
Manipur,Kamjong,24.842538,94.325233,Rock,Slide
Manipur,Kamjong,24.842778,94.357583,Debris,Slide
Manipur,Kamjong,24.846167,94.323778,Debris,Slide
Manipur,Kamjong,24.847417,94.358028,Debris,Slide
Manipur,Kamjong,24.847436,94.325861,Debris,Slide
Manipur,Kamjong,24.847611,94.357889,Debris,Slide
Manipur,Kamjong,24.849667,94.365306,Debris,Slide
Manipur,Kamjong,24.851194,94.361722,Debris,Slide
Manipur,Kamjong,24.851806,94.366083,Debris,Slide
Manipur,Kamjong,24.852,94.366303,Rock,Slide
Manipur,Kamjong,24.852222,94.369333,Debris,Slide
Manipur,Kamjong,24.853139,94.369875,Debris,Slide
Manipur,Kamjong,24.867139,94.566889,Debris,Slide
Manipur,Kamjong,24.869917,94.592417,Debris,Slide
Manipur,Kamjong,24.870028,94.588778,Debris,Slide
Manipur,Kamjong,24.8705,94.589944,Debris,Slide
Manipur,Kamjong,24.870806,94.591111,Debris,Slide
Manipur,Kamjong,24.871889,94.580417,Soil,Slide
Manipur,Kamjong,24.883132,94.31281,Debris,Slide
Manipur,Kamjong,24.884389,94.601306,Debris,Slide
Manipur,Kamjong,24.884889,94.613222,Debris,Slide
Manipur,Kamjong,24.8852,94.313301,Rock,Slide
Manipur,Kamjong,24.887722,94.610194,Debris,Slide
Manipur,Kamjong,24.888528,94.601694,Soil,Slide
Manipur,Kamjong,24.889031,94.306125,Debris,Slide
Manipur,Kamjong,24.8905,94.607056,Debris,Slide
Manipur,Kamjong,24.890806,94.319308,Debris,Slide
Manipur,Kamjong,24.894359,94.320541,Debris,Slide
Manipur,Kamjong,24.894944,94.323111,Debris,Slide
Manipur,Kamjong,24.897722,94.328472,Rock,Topple
Manipur,Kamjong,24.901194,94.342444,Debris,Slide
Manipur,Kamjong,24.901444,94.338306,Soil,Slide
Manipur,Kamjong,24.901861,94.341944,Debris,Slide
Manipur,Kamjong,24.906333,94.482917,Debris,Slide
Manipur,Kamjong,24.908389,94.335056,Rock,Topple
Manipur,Kamjong,24.908778,94.333417,Rock,Fall
Manipur,Kamjong,24.909542,94.316778,Debris,Slide
Manipur,Kamjong,24.909889,94.486778,Rock,Slide
Manipur,Kamjong,24.910619,94.321092,Debris,Slide
Manipur,Kamjong,24.91475,94.464944,Debris,Slide
Manipur,Kamjong,24.9155,94.578333,Debris,Slide
Manipur,Kamjong,24.915806,94.578222,Soil,Slide
Manipur,Kamjong,24.916083,94.486889,Debris,Slide
Manipur,Kamjong,24.917611,94.576556,Soil,Slide
Manipur,Kamjong,24.9179,94.0,Rock,Slide
Manipur,Kamjong,24.919751,94.461919,Debris,Slide
Manipur,Kamjong,24.919917,94.567111,Soil,Slide
Manipur,Kamjong,24.920056,94.568778,Debris,Slide
Manipur,Kamjong,24.921167,94.563361,Debris,Slide
Manipur,Kamjong,24.924528,94.559833,Debris,Slide
Manipur,Kamjong,24.932631,94.417417,Debris,Slide
Manipur,Kamjong,24.934336,94.460091,Debris,Slide
Manipur,Kamjong,24.938361,94.549556,Debris,Slide
Manipur,Kamjong,24.938806,94.549278,Rock,Slide
Manipur,Kamjong,24.939167,94.548889,Rock,Slide
Manipur,Kamjong,24.94225,94.541056,Soil,Slide
Manipur,Kamjong,24.943258,94.457787,Rock,Slide
Manipur,Kamjong,24.944083,94.538667,Soil,Slide
Manipur,Kamjong,24.948056,94.534778,Soil,Slide
Manipur,Kamjong,24.948083,94.535556,Debris,Slide
Manipur,Kamjong,24.948667,94.4835,Debris,Slide
Manipur,Kamjong,24.949274,94.473427,Debris,Slide
Manipur,Kamjong,24.952,94.529028,Soil,Slide
Manipur,Kamjong,24.954887,94.493465,Debris,Slide
Manipur,Kamjong,24.956083,94.522278,Debris,Slide
Manipur,Kamjong,24.95625,94.520083,Soil,Slide
Manipur,Kamjong,24.957209,94.473616,Debris,Slide
Manipur,Kamjong,24.957303,94.473342,Debris,Slide
Manipur,Kamjong,24.957333,94.50075,Debris,Slide
Manipur,Kamjong,24.958261,94.473862,Debris,Slide
Manipur,Kamjong,24.958833,94.618917,Soil,Slide
Manipur,Kamjong,24.964694,94.6175,Soil,Slide
Manipur,Kamjong,24.969479,94.483082,Debris,Slide
Manipur,Kamjong,24.970167,94.618,Debris,Slide
Manipur,Kamjong,24.978139,94.614861,Debris,Slide
Manipur,Kamjong,24.98025,94.613972,Soil,Slide
Manipur,Kamjong,24.985833,94.60825,Debris,Slide
Manipur,Kamjong,24.991833,94.603306,Debris,Slide
Manipur,Kangpokpi,24.682167,94.138111,Rock cum debris,Slide
Manipur,Kangpokpi,24.682778,94.140056,Rock,Slide
Manipur,Kangpokpi,24.683944,94.172778,Rock cum debris,Slide
Manipur,Kangpokpi,24.685,94.171278,Rock cum debris,Slide
Manipur,Kangpokpi,24.686028,94.145444,Rock cum debris,Slide
Manipur,Kangpokpi,24.68625,94.170694,Rock cum debris,Slide
Manipur,Kangpokpi,24.686417,94.153333,Rock cum debris,Slide
Manipur,Kangpokpi,24.700278,94.197611,Rock cum debris,Slide
Manipur,Kangpokpi,24.700417,94.199306,Rock cum debris,Slide
Manipur,Kangpokpi,24.702722,94.198722,Rock cum debris,Slide
Manipur,Kangpokpi,24.704083,94.187361,Rock cum debris,Slide
Manipur,Kangpokpi,24.708417,94.198278,Rock cum debris,Slide
Manipur,Kangpokpi,24.709111,94.198528,Rock cum debris,Slide
Manipur,Kangpokpi,24.7135,94.199417,Soil,Slide
Manipur,Kangpokpi,24.71475,94.217917,Rock cum debris,Slide
Manipur,Kangpokpi,24.717889,94.2235,Debris,Slide
Manipur,Kangpokpi,24.777667,93.782806,Rock,Slide
Manipur,Kangpokpi,24.778778,93.782778,Soil,Slide
Manipur,Kangpokpi,24.77925,93.781,Rock cum debris,Slide
Manipur,Kangpokpi,24.782139,93.777611,Soil,Slide
Manipur,Kangpokpi,24.783194,93.774694,Soil,Slide
Manipur,Kangpokpi,24.784556,93.777972,Soil,Slide
Manipur,Kangpokpi,24.788639,93.772167,Rock,Slide
Manipur,Kangpokpi,24.7895,93.774222,Soil,Slide
Manipur,Kangpokpi,24.82058,94.137,Rock,Subsidence
Manipur,Kangpokpi,24.864833,93.772583,Rock cum debris,Slide
Manipur,Kangpokpi,24.866972,93.7745,Rock cum debris,Slide
Manipur,Kangpokpi,24.869889,93.779444,Soil cum debris,Slide
Manipur,Kangpokpi,24.871361,93.778667,Rock cum debris,Slide
Manipur,Kangpokpi,24.871694,93.776861,Rock cum debris,Slide
Manipur,Kangpokpi,24.871861,93.778111,Rock cum debris,Slide
Manipur,Kangpokpi,24.872917,93.779167,Rock cum debris,Slide
Manipur,Kangpokpi,24.927139,93.789333,Rock cum debris,Slide
Manipur,Kangpokpi,24.930056,93.797167,Debris,Slide
Manipur,Kangpokpi,24.940583,94.008889,Rock cum debris,Slide
Manipur,Kangpokpi,24.940611,94.009083,Rock cum debris,Slide
Manipur,Kangpokpi,24.996444,94.021444,Rock cum debris,Slide
Manipur,Kangpokpi,24.997972,94.020444,Rock cum debris,Slide
Manipur,Kangpokpi,25.13109,93.97215,Earth,Subsidence
Manipur,Kangpokpi,25.146528,93.941722,Debris,Slide
Manipur,Kangpokpi,25.201083,93.140806,Debris,Slide
Manipur,Kangpokpi,25.24868889,93.85251111,"Rock, detrital",Slide
Manipur,Kangpokpi,24.791125,93.72522,Debris,slide
Manipur,Moirang,24.33,93.55,Debris,Slide
Manipur,Moirang,24.34,93.62,Debris,Slide
Manipur,Noney,24.614883,93.696186,Debris,Slide
Manipur,Noney,24.615033,93.695917,Debris,Slide
Manipur,Noney,24.615083,93.696844,Debris,Slide
Manipur,Noney,24.618889,93.705833,Debris,Slide
Manipur,Noney,24.624944,93.691556,Debris,Slide
Manipur,Noney,24.62595,93.692953,Debris,Slide
Manipur,Noney,24.626389,93.604389,Soil,Slide
Manipur,Noney,24.626833,93.709444,Debris,Slide
Manipur,Noney,24.62775,93.604611,Debris,Slide
Manipur,Noney,24.628,93.603944,Debris,Slide
Manipur,Noney,24.628361,93.604917,Debris,Slide
Manipur,Noney,24.629861,93.695278,Debris,Slide
Manipur,Noney,24.630083,93.606139,Debris,Slide
Manipur,Noney,24.631861,93.721889,Debris,Slide
Manipur,Noney,24.633083,93.610222,Debris,Slide
Manipur,Noney,24.634278,93.719639,Debris,Slide
Manipur,Noney,24.635389,93.719194,Debris,Slide
Manipur,Noney,24.636444,93.606694,Debris,Slide
Manipur,Noney,24.637769,93.612292,Debris,Slide
Manipur,Noney,24.637806,93.69075,Debris,Slide
Manipur,Noney,24.63875,93.611278,Debris,Slide
Manipur,Noney,24.639,93.611556,Debris,Slide
Manipur,Noney,24.639311,93.691111,Debris,Slide
Manipur,Noney,24.639361,93.659444,Debris,Slide
Manipur,Noney,24.639722,93.612222,Debris,Slide
Manipur,Noney,24.639806,93.691333,Debris,Slide
Manipur,Noney,24.640072,93.627392,Debris,Slide
Manipur,Noney,24.640639,93.620311,Debris,Slide
Manipur,Noney,24.641194,93.594472,Debris,Slide
Manipur,Noney,24.641369,93.623008,Debris,Slide
Manipur,Noney,24.641417,93.596611,Debris,Slide
Manipur,Noney,24.641444,93.691639,Debris,Slide
Manipur,Noney,24.641528,93.623694,Debris,Slide
Manipur,Noney,24.641747,93.640183,Debris,Subsidence
Manipur,Noney,24.64175,93.623222,Debris,Slide
Manipur,Noney,24.642722,93.602083,Debris,Slide
Manipur,Noney,24.644889,93.619583,Debris,Slide
Manipur,Noney,24.645275,93.628828,Debris,Slide
Manipur,Noney,24.646197,93.671856,Debris,Slide
Manipur,Noney,24.646969,93.672364,Debris,Slide
Manipur,Noney,24.647011,93.672828,Debris,Slide
Manipur,Noney,24.649492,93.679522,Debris,Creep
Manipur,Noney,24.6525,93.676,Debris,Slide
Manipur,Noney,24.653156,93.646406,Debris,Slide
Manipur,Noney,24.656306,93.580806,Soil,Slide
Manipur,Noney,24.658206,93.625503,Debris,Slide
Manipur,Noney,24.660825,93.632156,Debris,Slide
Manipur,Noney,24.662664,93.62825,Debris,Slide
Manipur,Noney,24.663889,93.679056,Debris,Slide
Manipur,Noney,24.664694,93.532361,Debris,Slide
Manipur,Noney,24.667778,93.676944,Debris,Slide
Manipur,Noney,24.672406,93.696858,Debris,Slide
Manipur,Noney,24.672569,93.6973,Debris,Slide
Manipur,Noney,24.679639,93.669667,Debris,Slide
Manipur,Noney,24.683139,93.696258,Debris,Slide
Manipur,Noney,24.685056,93.669,Debris,Slide
Manipur,Noney,24.689806,93.522583,Debris,Slide
Manipur,Noney,24.698392,93.644183,Debris,Slide
Manipur,Noney,24.699761,93.650047,Debris,Slide
Manipur,Noney,24.718567,93.500017,Debris,Slide
Manipur,Noney,24.718914,93.508378,Debris,Slide
Manipur,Noney,24.719214,93.508903,Debris,Slide
Manipur,Noney,24.719397,93.509003,Debris,Slide
Manipur,Noney,24.720167,93.496944,Debris,Slide
Manipur,Noney,24.722472,93.492806,Debris,Slide
Manipur,Noney,24.723056,93.491833,Debris,Slide
Manipur,Noney,24.724406,93.514431,Debris,Slide
Manipur,Noney,24.729944,93.485833,Debris,Slide
Manipur,Noney,24.730139,93.485389,Debris,Slide
Manipur,Noney,24.732139,93.479194,Soil,Slide
Manipur,Noney,24.732417,93.483139,Soil,Slide
Manipur,Noney,24.733256,93.701856,Debris,Slide
Manipur,Noney,24.747694,93.462667,Debris,Slide
Manipur,Noney,24.747778,93.424528,Soil,Slide
Manipur,Noney,24.747833,93.462778,Debris,Slide
Manipur,Noney,24.75,93.427528,Rock,Slide
Manipur,Noney,24.75075,93.464944,Rock,Slide
Manipur,Noney,24.751111,93.459361,Debris,Slide
Manipur,Noney,24.751139,93.462806,Debris,Slide
Manipur,Noney,24.751222,93.459722,Debris,Slide
Manipur,Noney,24.751667,93.461667,Debris,Slide
Manipur,Noney,24.756089,93.622039,Debris,Slide
Manipur,Noney,24.7585,93.459139,Debris,Slide
Manipur,Noney,24.758778,93.456889,Debris,Slide
Manipur,Noney,24.759667,93.462694,Debris,Slide
Manipur,Noney,24.764917,93.45875,Debris,Slide
Manipur,Noney,24.764917,93.46125,Debris,Slide
Manipur,Noney,24.765361,93.460889,Debris,Slide
Manipur,Noney,24.766389,93.457722,Debris,Slide
Manipur,Noney,24.766472,93.434167,Debris,Slide
Manipur,Noney,24.766667,93.458111,Debris,Slide
Manipur,Noney,24.767,93.458139,Debris,Slide
Manipur,Noney,24.768472,93.457389,Debris,Slide
Manipur,Noney,24.768694,93.45725,Debris,Slide
Manipur,Noney,24.768917,93.457306,Rock,Slide
Manipur,Noney,24.769333,93.653722,Debris,Slide
Manipur,Noney,24.772806,93.457417,Rock,Slide
Manipur,Noney,24.775167,93.440722,Debris,Slide
Manipur,Noney,24.775917,93.453139,Debris,Slide
Manipur,Noney,24.775917,93.432611,Debris,Slide
Manipur,Noney,24.775972,93.457139,Debris,Slide
Manipur,Noney,24.776028,93.457083,Debris,Slide
Manipur,Noney,24.776583,93.456056,Debris,Slide
Manipur,Noney,24.779889,93.663889,Debris,Creep
Manipur,Noney,24.783806,93.455556,Rock,Fall
Manipur,Noney,24.784611,93.462278,Debris,Slide
Manipur,Noney,24.784611,93.659528,Debris,Subsidence
Manipur,Noney,24.785889,93.736861,Debris,Slide
Manipur,Noney,24.78725,93.696694,Debris,Slide
Manipur,Noney,24.787667,93.666667,Debris,Slide
Manipur,Noney,24.788889,93.441889,Debris,Slide
Manipur,Noney,24.789917,93.459806,Soil,Slide
Manipur,Noney,24.790386,93.657044,Debris,Slide
Manipur,Noney,24.791389,93.735417,Debris,Slide
Manipur,Noney,24.794722,93.655778,Debris,Slide
Manipur,Noney,24.7955,93.736056,Rock,Fall
Manipur,Noney,24.796319,93.737025,Debris,Slide
Manipur,Noney,24.796944,93.737583,Debris,Slide
Manipur,Noney,24.797278,93.737778,Debris,Slide
Manipur,Noney,24.798,93.736,Debris,Slide
Manipur,Noney,24.798028,93.735972,Debris,Slide
Manipur,Noney,24.798042,93.722439,Debris,Slide
Manipur,Noney,24.79825,93.724083,Debris,Slide
Manipur,Noney,24.798333,93.655056,Debris,Slide
Manipur,Noney,24.798806,93.464667,Debris,Slide
Manipur,Noney,24.799333,93.435417,Debris,Slide
Manipur,Noney,24.799689,93.706336,Debris,Slide
Manipur,Noney,24.8,93.472222,Debris,Slide
Manipur,Noney,24.800125,93.700025,Debris,Slide
Manipur,Noney,24.800556,93.674222,Rock,Slide
Manipur,Noney,24.800778,93.702611,Debris,Slide
Manipur,Noney,24.801111,93.653111,Debris,Slide
Manipur,Noney,24.801389,93.469444,Debris,Slide
Manipur,Noney,24.801681,93.736408,Debris,Slide
Manipur,Noney,24.802417,93.699175,Debris,Slide
Manipur,Noney,24.804167,93.471667,Debris,Slide
Manipur,Noney,24.80425,93.732861,Debris,Slide
Manipur,Noney,24.804586,93.655719,Debris,Slide
Manipur,Noney,24.806064,93.735478,Debris,Slide
Manipur,Noney,24.808611,93.729078,Debris,Slide
Manipur,Noney,24.808619,93.651094,Debris,Slide
Manipur,Noney,24.808639,93.735722,Debris,Slide
Manipur,Noney,24.809917,93.736111,Debris,Slide
Manipur,Noney,24.811139,93.417,Debris,Slide
Manipur,Noney,24.811333,93.42275,Debris,Slide
Manipur,Noney,24.812083,93.433917,Debris,Slide
Manipur,Noney,24.812167,93.423,Debris,Slide
Manipur,Noney,24.814333,93.428306,Debris,Slide
Manipur,Noney,24.815361,93.441528,Debris,Slide
Manipur,Noney,24.815528,93.43725,Debris,Slide
Manipur,Noney,24.815617,93.686672,Soil,Slide
Manipur,Noney,24.815833,93.740194,Debris,Slide
Manipur,Noney,24.816111,93.443917,Debris,Slide
Manipur,Noney,24.816242,93.523119,Debris,Slide
Manipur,Noney,24.817939,93.688678,Debris,Slide
Manipur,Noney,24.818,93.45,Debris,Slide
Manipur,Noney,24.818936,93.688939,Debris,Slide
Manipur,Noney,24.819722,93.459972,Soil,Slide
Manipur,Noney,24.819975,93.576653,Debris,Slide
Manipur,Noney,24.820667,93.525444,Debris,Slide
Manipur,Noney,24.820728,93.575906,Debris,Slide
Manipur,Noney,24.822953,93.710756,Debris,Slide
Manipur,Noney,24.824111,93.474139,Debris,Slide
Manipur,Noney,24.824611,93.476528,Debris,Slide
Manipur,Noney,24.826694,93.467944,Soil,Slide
Manipur,Noney,24.827,93.478472,Debris,Slide
Manipur,Noney,24.827778,93.479167,Debris,Slide
Manipur,Noney,24.829225,93.720472,Soil,Slide
Manipur,Noney,24.829333,93.507056,Debris,Slide
Manipur,Noney,24.83025,93.466972,Debris,Slide
Manipur,Noney,24.831719,93.514025,Debris,Slide
Manipur,Noney,24.834028,93.644,Rock,Slide
Manipur,Noney,24.834069,93.578039,Debris,Slide
Manipur,Noney,24.834386,93.715025,Debris,Slide
Manipur,Noney,24.834694,93.459167,Debris,Slide
Manipur,Noney,24.834917,93.459083,Debris,Slide
Manipur,Noney,24.836222,93.482111,Debris,Slide
Manipur,Noney,24.83725,93.494528,Debris,Slide
Manipur,Noney,24.841472,93.495917,Debris,Slide
Manipur,Noney,24.841611,93.498556,Debris,Slide
Manipur,Noney,24.842444,93.499333,Debris,Slide
Manipur,Noney,24.845611,93.498778,Debris,Slide
Manipur,Noney,24.85,93.497583,Debris,Slide
Manipur,Noney,24.854044,93.585331,Debris,Slide
Manipur,Noney,24.854806,93.573444,Debris,Slide
Manipur,Noney,24.85536111,93.62402778,Debris,Slide
Manipur,Noney,24.860347,93.572383,Debris,Slide
Manipur,Noney,24.860639,93.62675,Debris,Slide
Manipur,Noney,24.861264,93.627742,Debris,Slide
Manipur,Noney,24.862444,93.598194,Debris,Slide
Manipur,Noney,24.86269444,93.62405556,Rock,Slide
Manipur,Noney,24.862778,93.585333,Debris,Slide
Manipur,Noney,24.862903,93.616397,Debris,Slide
Manipur,Noney,24.863272,93.574044,Debris,Slide
Manipur,Noney,24.863414,93.598719,Rock,Fall
Manipur,Noney,24.86375,93.598917,Debris,Slide
Manipur,Noney,24.864739,93.625244,Debris,Slide
Manipur,Noney,24.867694,93.625858,Debris,Subsidence
Manipur,Noney,24.872153,93.623861,Debris,Slide
Manipur,Noney,24.888556,93.641472,Debris,Slide
Manipur,Noney,24.890167,93.707572,Debris,Slide
Manipur,Noney,24.922861,93.633144,Debris,Slide
Manipur,Noney,24.9252,94.3371,Rock,Slide
Manipur,Noney,24.935611,93.654444,Debris,Slide
Manipur,Noney,24.943778,93.706472,Debris,Slide
Manipur,Noney,24.965053,93.731514,Debris,Slide
Manipur,Noney,24.974128,93.666128,Debris,Slide
Manipur,Noney,24.975175,93.652939,Debris,Slide
Manipur,Noney,24.981031,93.654678,Debris,Slide
Manipur,Noney,24.983194,93.500417,Debris,Slide
Manipur,Noney,24.987986,93.671258,Debris,Slide
Manipur,Noney,24.85397,93.61937,"Debris/overburden
materials",Slide
Manipur,Noney,24.8587,93.61439,"Debris/overburden
materials",Slide
Manipur,Noney,24.85534,93.62409,"Debris/overburden
materials",Slide
Manipur,Noney,24.80111111,93.65311111,Debris,Slide
Manipur,Noney,24.79833333,93.65505556,Debris,Slide
Manipur,Noney,24.79472222,93.65577778,Debris,Slide
Manipur,Noney,24.78766667,93.66666667,Debris,Slide
Manipur,Noney,24.79825,93.72408333,Debris,Slide
Manipur,Noney,24.7955,93.73605556,Rock,Fall
Manipur,Noney,24.79727778,93.73777778,Debris,Slide
Manipur,Noney,24.80425,93.73286111,Debris,Slide
Manipur,Noney,24.80863889,93.73572222,Debris,Slide
Manipur,Noney,24.80991667,93.73611111,Debris,Slide
Manipur,Noney,24.81583333,93.74019444,Debris,Slide
Manipur,Noney,24.80664722,93.66738056,"Rock, detrital",Slide
Manipur,Noney,24.786938,93.657893,Debris,Slide
Manipur,Noney,24.788159,93.663215,Debris,fall
Manipur,Noney,24.786357,93.657951,Debris,slide
Manipur,Noney,24.794493,93.652745,Debris,slide
Manipur,Noney,24.787526,93.662891,Debris,Slide
Manipur,Noney,24.789504,93.66385,Debris,Slide
Manipur,Noney,24.846509,93.573533,Debris,slide
Manipur,Noney,24.863924,93.617853,Debris,slide
Manipur,Noney,24.862146,93.595644,Debris,slide
Manipur,Noney,24.859576,93.576244,Debris,slide
Manipur,Pherzawl,24.2,93.53,Debris,Slide
Manipur,Pherzawl,24.2,93.22,Debris,Slide
Manipur,Pherzawl,24.21,93.21,Rock,Slide
Manipur,Pherzawl,24.22,93.2,Debris,Slide
Manipur,Pherzawl,24.23,93.09,Debris,Slide
Manipur,Pherzawl,24.23,93.08,Debris,Slide
Manipur,Pherzawl,24.23,93.19,Debris,Slide
Manipur,Pherzawl,24.24,93.1,Earth,Slide
Manipur,Pherzawl,24.24,93.18,Debris,Slide
Manipur,Pherzawl,24.24,93.19,Debris,Slide
Manipur,Pherzawl,24.26,93.1,Debris,Slide
Manipur,Pherzawl,24.27,93.18,Debris,Slide
Manipur,Pherzawl,24.27,93.11,Debris,Slide
Manipur,Pherzawl,24.28,93.18,Debris,Slide
Manipur,Pherzawl,24.28,93.11,Debris,Slide
Manipur,Pherzawl,24.29,93.12,Rock,Fall
Manipur,Pherzawl,24.29,93.11,Debris,Slide
Manipur,Pherzawl,24.31,93.13,Debris,Slide
Manipur,Pherzawl,24.31,93.12,Debris,Slide
Manipur,Pherzawl,24.31,93.18,Debris,Slide
Manipur,Pherzawl,24.32,93.15,Debris,Slide
Manipur,Pherzawl,24.32,93.14,Debris,Slide
Manipur,Pherzawl,24.32,93.16,Debris,Slide
Manipur,Pherzawl,24.33,93.15,Debris,Slide
Manipur,Pherzawl,24.33,93.16,Debris,Slide
Manipur,Pherzawl,24.5,93.12,Debris,Slide
Manipur,Pherzawl,24.51,93.12,Debris,Slide
Manipur,Pherzawl,24.52,93.09,Debris,Slide
Manipur,Pherzawl,24.52,93.08,Rock,Slide
Manipur,Pherzawl,24.52,93.1,Debris,Slide
Manipur,Pherzawl,24.52,93.07,Debris,Slide
Manipur,Pherzawl,24.52,93.11,Debris,Slide
Manipur,Pherzawl,24.54,93.11,Debris,Slide
Manipur,Ri-Bhoi,25.67469444,91.88652778,Unknown,Nil
Manipur,Senapati,25.016375,94.021711,Debris,Slide
Manipur,Senapati,25.028456,94.015522,Debris,Slide
Manipur,Senapati,25.038753,94.152236,Debris,Slide
Manipur,Senapati,25.042333,94.241111,Debris,Slide
Manipur,Senapati,25.044111,94.233778,Debris,Slide
Manipur,Senapati,25.080161,94.114939,Debris,Slide
Manipur,Senapati,25.085833,94.107222,Rock,Fall
Manipur,Senapati,25.086525,94.078197,Debris,Slide
Manipur,Senapati,25.110417,93.791806,Debris,Slide
Manipur,Senapati,25.124639,93.92575,Debris,Slide
Manipur,Senapati,25.126361,93.901333,Rock cum Debris,Slide
Manipur,Senapati,25.173056,94.136261,Debris,Slide
Manipur,Senapati,25.188578,94.139278,Debris,Slide
Manipur,Senapati,25.198756,94.136078,Rock cum Debris,Slide
Manipur,Senapati,25.200853,94.134506,Debris,Slide
Manipur,Senapati,25.218022,94.107603,Debris,Slide
Manipur,Senapati,25.236142,94.101983,Debris,Slide
Manipur,Senapati,25.2375,94.113889,Rock cum Debris,Slide
Manipur,Senapati,25.238611,94.009189,Debris,Slide
Manipur,Senapati,25.240539,94.114492,Debris,Slide
Manipur,Senapati,25.245869,94.014442,Debris,Slide
Manipur,Senapati,25.255931,94.1254,Debris,Slide
Manipur,Senapati,25.257919,94.091564,Debris,Slide
Manipur,Senapati,25.259722,94.03715,Debris,Slide
Manipur,Senapati,25.261617,94.079422,Debris,Slide
Manipur,Senapati,25.262947,94.079353,Debris,Slide
Manipur,Senapati,25.264639,94.062167,Debris,Slide
Manipur,Senapati,25.265492,94.098872,Debris,Slide
Manipur,Senapati,25.265578,94.064836,Debris,Slide
Manipur,Senapati,25.268519,94.047614,Rock,Fall
Manipur,Senapati,25.268703,94.045883,Rock,Slide
Manipur,Senapati,25.268825,94.048439,Debris,Slide
Manipur,Senapati,25.268942,94.044694,Debris,Slide
Manipur,Senapati,25.269014,94.046367,Debris,Slide
Manipur,Senapati,25.269097,94.022569,Debris,Slide
Manipur,Senapati,25.279389,94.032194,Debris,Slide
Manipur,Senapati,25.286369,94.036492,Debris,Slide
Manipur,Senapati,25.289444,94.309472,Earth,Slide
Manipur,Senapati,25.289833,94.036647,Debris,Slide
Manipur,Senapati,25.297797,94.044722,Debris,Slide
Manipur,Senapati,25.302639,94.014617,Debris,Slide
Manipur,Senapati,25.304917,94.011444,Rock,Slide
Manipur,Senapati,25.311458,94.058922,Rock,Fall
Manipur,Senapati,25.317628,94.070336,Debris,Slide
Manipur,Senapati,25.317878,94.069389,Debris,Slide
Manipur,Senapati,25.318206,94.091428,Debris,Slide
Manipur,Senapati,25.318628,94.092053,Debris,Slide
Manipur,Senapati,25.321019,94.067142,Debris,Slide
Manipur,Senapati,25.322717,94.067492,Debris,Slide
Manipur,Senapati,25.322822,94.088994,Debris,Slide
Manipur,Senapati,25.324731,94.086558,Debris,Slide
Manipur,Senapati,25.332489,94.080258,Debris,Slide
Manipur,Senapati,25.334333,94.08275,Debris,Slide
Manipur,Senapati,25.335364,94.169247,Debris,Slide
Manipur,Senapati,25.337239,94.039708,Debris,Fall
Manipur,Senapati,25.337428,94.184525,Debris,Slide
Manipur,Senapati,25.338556,94.158806,Debris,Slide
Manipur,Senapati,25.339872,94.168736,Debris,Slide
Manipur,Senapati,25.340433,94.166631,Debris,Slide
Manipur,Senapati,25.340833,94.160528,Debris,Slide
Manipur,Senapati,25.342472,94.161667,Debris,Slide
Manipur,Senapati,25.344389,94.199722,Debris,Slide
Manipur,Senapati,25.346653,94.159475,Debris,Slide
Manipur,Senapati,25.346747,94.215264,Debris,Slide
Manipur,Senapati,25.346964,94.198264,Debris,Slide
Manipur,Senapati,25.34725,94.334444,Debris,Slide
Manipur,Senapati,25.350061,94.220711,Debris,Slide
Manipur,Senapati,25.350764,94.222161,Debris,Slide
Manipur,Senapati,25.351311,94.222514,Debris,Slide
Manipur,Senapati,25.363278,94.228389,Debris,Slide
Manipur,Senapati,25.379611,94.146667,Debris,Slide
Manipur,Senapati,25.379878,94.214606,Debris,Slide
Manipur,Senapati,25.381389,94.279306,Earth,Slide
Manipur,Senapati,25.392444,94.29875,Earth,Slide
Manipur,Senapati,25.416389,94.067894,Debris,Slide
Manipur,Senapati,25.416419,94.077794,Debris,Slide
Manipur,Senapati,25.416483,94.079214,Debris,Slide
Manipur,Senapati,25.417653,94.084694,Debris,Slide
Manipur,Senapati,25.417778,94.077222,Debris,Slide
Manipur,Senapati,25.421028,94.070472,Debris,Slide
Manipur,Senapati,25.421111,94.077,Debris,Slide
Manipur,Senapati,25.421656,94.071,Debris,Slide
Manipur,Senapati,25.427231,94.048914,Debris,Slide
Manipur,Senapati,25.428889,94.043861,Debris,Slide
Manipur,Senapati,25.429097,94.108439,Debris,Slide
Manipur,Senapati,25.42955,94.053333,Debris,Slide
Manipur,Senapati,25.430853,94.043697,Debris,Slide
Manipur,Senapati,25.433231,94.070986,Debris,Slide
Manipur,Senapati,25.4351,94.071111,Debris,Slide
Manipur,Senapati,25.435444,94.061928,Debris,Slide
Manipur,Senapati,25.437203,94.042989,Debris,Slide
Manipur,Senapati,25.439367,94.025864,Debris,Slide
Manipur,Senapati,25.440961,94.046264,Debris,Slide
Manipur,Senapati,25.443264,94.0392,Debris,Slide
Manipur,Senapati,25.444322,94.046858,Debris,Slide
Manipur,Senapati,25.444333,94.006631,Debris,Slide
Manipur,Senapati,25.444722,94.0414,Debris,Slide
Manipur,Senapati,25.446611,94.049511,Debris,Slide
Manipur,Senapati,25.447378,94.049444,Debris,Slide
Manipur,Senapati,25.447664,94.041483,Debris,Slide
Manipur,Senapati,25.448389,94.003139,Debris,Slide
Manipur,Senapati,25.448506,94.031956,Debris,Slide
Manipur,Senapati,25.450353,94.129017,Debris,Subsidence
Manipur,Senapati,25.450653,94.046667,Debris,Slide
Manipur,Senapati,25.451814,94.049944,Debris,Slide
Manipur,Senapati,25.452369,94.128022,Debris,Flow
Manipur,Senapati,25.452417,94.018919,Debris,Slide
Manipur,Senapati,25.453942,94.048881,Debris,Slide
Manipur,Senapati,25.454017,94.124572,Rock,Fall
Manipur,Senapati,25.47217,94.15433,Debris,Slide
Manipur,Senapati,25.5,94.389,Debris,Slide
Manipur,Senapati,25.508,94.135,Rock cum Debris,Composite
Manipur,Senapati,25.51378,94.14089,Debris,Slide
Manipur,Senapati,25.514,94.137,Debris,Slide
Manipur,Senapati,25.51591667,94.13652778,"Debris with minor
bed rock",Rotational
Manipur,Senapati,25.517,93.957,Debris,Slide
Manipur,Senapati,25.52,93.958,Rock,Slide
Manipur,Senapati,25.521,93.964,Rock,Slide
Manipur,Senapati,25.521,94.134,Debris,Composite
Manipur,Senapati,25.52103,94.13783,Debris,Slide
Manipur,Senapati,25.523,93.873,Rock,Slide
Manipur,Senapati,25.523,93.898,Rock,Fall
Manipur,Senapati,25.523,93.899,Rock,Fall
Manipur,Senapati,25.523,93.955,Debris,Slide
Manipur,Senapati,25.523,94.135,Debris,Composite
Manipur,Senapati,25.525,94.146,Debris,Slide
Manipur,Senapati,25.527,93.953,Debris,Slide
Manipur,Senapati,25.528,93.871,Rock,Slide
Manipur,Senapati,25.528,93.872,Debris,Slide
Manipur,Senapati,25.529,93.952,Debris,Slide
Manipur,Senapati,25.529,93.87,Rock,Slide
Manipur,Senapati,25.53128,94.16536,Debris,Slide
Manipur,Senapati,25.532,93.927,Debris,Slide
Manipur,Senapati,25.54039,94.16989,Rock,Slide
Manipur,Senapati,25.451978,94.137142,Debris,Slide
Manipur,Senapati,25.471526,94.151784,Debris,Slide
Manipur,Senapati,25.6495419,94.1068683,Debris,Slide
Manipur,Senapati,25.476047,94.146074,Earth,Slide
Manipur,Senapati,25.35366667,94.06508333,"Debris with minor
bed rock",Unknown
Manipur,Senapati,25.415678,94.085361,Debris,slide
Manipur,Senapati,25.417312,94.080514,Debris,slide
Manipur,Senapati,25.46333,93.987388,Rock,slide
Manipur,TAMENGLONG,24.985,93.52113889,Earth,Slide
Manipur,TAMENGLONG,24.79083333,93.72333333,Rock,Slide
Manipur,Tamenglong,24.724333,93.273111,Debris,Slide
Manipur,Tamenglong,24.728917,93.256389,Debris,Slide
Manipur,Tamenglong,24.734233,93.293194,Debris,Slide
Manipur,Tamenglong,24.734806,93.296306,Debris,Slide
Manipur,Tamenglong,24.734861,93.296,Debris,Slide
Manipur,Tamenglong,24.761056,93.255167,Debris,Slide
Manipur,Tamenglong,24.762667,93.255556,Rock,Fall
Manipur,Tamenglong,24.766556,93.319833,Debris,Slide
Manipur,Tamenglong,24.768556,93.314358,Debris,Slide
Manipur,Tamenglong,24.768778,93.386806,Debris,Slide
Manipur,Tamenglong,24.7825,93.19944,Debris,Slide
Manipur,Tamenglong,24.792333,93.658222,Debris,Slide
Manipur,Tamenglong,24.795814,93.230263,Debris,Slide
Manipur,Tamenglong,24.797951,93.214998,Debris,Slide
Manipur,Tamenglong,24.798278,93.394306,Soil,Slide
Manipur,Tamenglong,24.79847,93.21583,Debris,Slide
Manipur,Tamenglong,24.804448,93.235711,Debris,Slide
Manipur,Tamenglong,24.805138,93.23716,Debris,Slide
Manipur,Tamenglong,24.80592,93.23789,Debris,Slide
Manipur,Tamenglong,24.806806,93.404806,Debris,Slide
Manipur,Tamenglong,24.80831,93.24264,Rock cum debris,Slide
Manipur,Tamenglong,24.8133,93.5472,Debris,Unknown
Manipur,Tamenglong,24.813889,93.245222,Debris,Slide
Manipur,Tamenglong,24.8145,93.246,Debris,Slide
Manipur,Tamenglong,24.81722,93.51722,Unknown,Unknown
Manipur,Tamenglong,24.8175,93.54908,Unknown,Unknown
Manipur,Tamenglong,24.81778,93.51583,Debris,Slide
Manipur,Tamenglong,24.81867,93.54819,Unknown,Slide
Manipur,Tamenglong,24.82375,93.523861,Rock cum Debris,Unknown
Manipur,Tamenglong,24.83278,93.46333,Debris,Slide
Manipur,Tamenglong,24.836194,93.481992,Debris,Slide
Manipur,Tamenglong,24.842944,93.439972,Soil,Slide
Manipur,Tamenglong,24.846028,93.43875,Debris,Slide
Manipur,Tamenglong,24.84833,93.45917,Rock,Fall
Manipur,Tamenglong,24.851722,93.449389,Debris,Slide
Manipur,Tamenglong,24.85225,93.449639,Debris,Slide
Manipur,Tamenglong,24.85325,93.2449,Debris,Slide
Manipur,Tamenglong,24.8545,93.449036,Debris,Slide
Manipur,Tamenglong,24.860889,93.463222,Debris,Slide
Manipur,Tamenglong,24.862444,93.610639,Unknown,Slide
Manipur,Tamenglong,24.874222,93.466667,Debris,Slide
Manipur,Tamenglong,24.877417,93.460583,Rock,Slide
Manipur,Tamenglong,24.883194,93.465667,Debris,Slide
Manipur,Tamenglong,24.888472,93.473028,Debris,Slide
Manipur,Tamenglong,24.890333,93.466667,Debris,Slide
Manipur,Tamenglong,24.898,93.487722,Debris,Slide
Manipur,Tamenglong,24.90139,93.45389,Debris,Slide
Manipur,Tamenglong,24.911722,93.484361,Debris,Slide
Manipur,Tamenglong,24.916444,93.481556,Debris,Slide
Manipur,Tamenglong,24.917278,93.471167,Debris,Slide
Manipur,Tamenglong,24.930806,93.444833,Debris,Slide
Manipur,Tamenglong,24.942778,93.495333,Debris,Slide
Manipur,Tamenglong,24.943833,93.488917,Debris,Slide
Manipur,Tamenglong,24.94775,93.492889,Rock,Fall
Manipur,Tamenglong,24.950139,93.481278,Debris,Slide
Manipur,Tamenglong,24.950278,93.481917,Debris,Slide
Manipur,Tamenglong,24.950361,93.482333,Rock,Slide
Manipur,Tamenglong,24.952611,93.487611,Debris,Slide
Manipur,Tamenglong,24.971389,93.559056,Debris,Slide
Manipur,Tamenglong,24.975961,93.567983,Debris,Slide
Manipur,Tamenglong,24.97775,93.502639,Debris,Slide
Manipur,Tamenglong,24.978389,93.502278,Debris,Slide
Manipur,Tamenglong,24.978444,93.5,Debris,Slide
Manipur,Tamenglong,24.978611,93.528278,Soil,Slide
Manipur,Tamenglong,24.982611,93.52,Debris,Slide
Manipur,Tamenglong,24.982694,93.507,Debris,Slide
Manipur,Tamenglong,24.983806,93.497528,Debris,Slide
Manipur,Tamenglong,24.984528,93.509861,Soil,Slide
Manipur,Tamenglong,24.984722,93.524917,Rock,Slide
Manipur,Tamenglong,24.985167,93.508306,Debris,Slide
Manipur,Tamenglong,24.985389,93.49275,Debris,Slide
Manipur,Tamenglong,24.98575,93.497389,Soil,Slide
Manipur,Tamenglong,24.985806,93.492972,Soil,Slide
Manipur,Tamenglong,24.985944,93.504944,Soil,Slide
Manipur,Tamenglong,24.98611,93.50583,Debris,Slide
Manipur,Tamenglong,24.986333,93.494361,Debris,Slide
Manipur,Tamenglong,24.986444,93.494,Debris,Slide
Manipur,Tamenglong,24.986472,93.49425,Soil,Slide
Manipur,Tamenglong,24.986861,93.506028,Debris,Slide
Manipur,Tamenglong,24.98722,93.50361,Debris,Slide
Manipur,Tamenglong,24.987361,93.525333,Rock,Slide
Manipur,Tamenglong,24.987464,93.506244,Soil,Slide
Manipur,Tamenglong,24.987583,93.506167,Debris,Slide
Manipur,Tamenglong,24.987667,93.494361,Debris,Slide
Manipur,Tamenglong,24.989697,93.507075,Debris,Slide
Manipur,Tamenglong,24.99083,93.50583,Debris,Slide
Manipur,Tamenglong,24.99306,93.4975,Debris,Slide
Manipur,Tamenglong,24.99694,93.50222,Unknown,Unknown
Manipur,Tamenglong,25.006694,93.523444,Rock,Slide
Manipur,Tamenglong,25.013083,93.530111,Debris,Slide
Manipur,Tamenglong,25.013161,93.529758,Debris,Slide
Manipur,Tamenglong,25.013472,93.530472,Rock,Slide
Manipur,Tamenglong,25.025472,93.537028,Rock,Slide
Manipur,Tamenglong,25.025639,93.537222,Rock,Slide
Manipur,Tamenglong,25.029333,93.586167,Debris,Slide
Manipur,Tamenglong,25.047833,92.789306,Soil,Slide
Manipur,Tamenglong,25.049861,93.602389,Debris,Slide
Manipur,Tamenglong,25.054083,93.603694,Debris,Slide
Manipur,Tamenglong,25.055139,93.603778,Debris,Slide
Manipur,Tamenglong,25.057194,93.603028,Debris,Slide
Manipur,Tamenglong,25.058833,93.604028,Debris,Slide
Manipur,Tamenglong,25.059167,93.604222,Debris,Slide
Manipur,Tamenglong,25.059861,93.604639,Debris,Slide
Manipur,Tamenglong,25.061417,93.604889,Debris,Slide
Manipur,Tamenglong,25.061861,93.605361,Debris,Slide
Manipur,Tamenglong,25.067306,93.604861,Debris,Slide
Manipur,Tamenglong,25.07,93.43,Debris,Slide
Manipur,Tamenglong,25.072528,93.6075,Rock,Slide
Manipur,Tamenglong,25.077361,93.611028,Debris,Slide
Manipur,Tamenglong,25.077778,93.611583,Debris,Slide
Manipur,Tamenglong,25.08025,93.612278,Debris,Slide
Manipur,Tamenglong,25.080389,93.611889,Debris,Slide
Manipur,Tamenglong,25.083083,93.613583,Debris,Slide
Manipur,Tamenglong,25.087417,93.618333,Debris,Slide
Manipur,Tamenglong,25.088639,93.619722,Rock,Slide
Manipur,Tamenglong,25.091778,92.354694,Soil,Slide
Manipur,Tamenglong,25.09225,93.619972,Rock,Slide
Manipur,Tamenglong,25.096333,93.61925,Rock,Slide
Manipur,Tamenglong,25.098639,93.620778,Debris,Slide
Manipur,Tamenglong,25.101083,93.620333,Rock,Fall
Manipur,Tamenglong,25.105108,93.621136,Rock,Fall
Manipur,Tamenglong,25.106472,93.623472,Rock,Fall
Manipur,Tamenglong,25.107694,93.623556,Rock,Fall
Manipur,Tamenglong,25.109944,93.626528,Rock,Slide
Manipur,Tamenglong,25.11,93.37,Debris,Slide
Manipur,Tamenglong,25.110389,93.624056,Rock,Fall
Manipur,Tamenglong,25.110389,93.625583,Rock,Fall
Manipur,Tamenglong,25.110472,93.625389,Debris,Slide
Manipur,Tamenglong,25.110667,93.62275,Rock,Fall
Manipur,Tamenglong,25.110917,93.622361,Rock,Fall
Manipur,Tamenglong,25.111556,93.629972,Debris,Slide
Manipur,Tamenglong,25.113472,93.636917,Debris,Slide
Manipur,Tamenglong,25.115111,93.642361,Debris,Slide
Manipur,Tamenglong,25.115194,93.645,Debris,Slide
Manipur,Tamenglong,25.115417,93.63925,Debris,Slide
Manipur,Tamenglong,25.115444,93.638778,Debris,Slide
Manipur,Tamenglong,25.115833,93.645833,Debris,Slide
Manipur,Tamenglong,25.115889,93.639611,Debris,Slide
Manipur,Tamenglong,25.116,93.643278,Debris,Slide
Manipur,Tamenglong,25.116083,93.639889,Debris,Slide
Manipur,Tamenglong,25.116111,93.640417,Debris,Slide
Manipur,Tamenglong,25.116556,93.645944,Debris,Slide
Manipur,Tamenglong,25.116833,93.645889,Debris,Slide
Manipur,Tamenglong,25.11775,93.647222,Debris,Slide
Manipur,Tamenglong,25.117806,93.647528,Debris,Slide
Manipur,Tamenglong,25.118,93.64775,Debris,Slide
Manipur,Tamenglong,25.118056,93.648556,Debris,Slide
Manipur,Tamenglong,25.118083,93.649472,Debris,Slide
Manipur,Tamenglong,25.119917,93.653333,Debris,Slide
Manipur,Tamenglong,25.12,93.37,Debris,Slide
Manipur,Tamenglong,25.120444,93.653778,Debris,Slide
Manipur,Tamenglong,25.121111,93.654694,Debris,Slide
Manipur,Tamenglong,25.121417,93.654972,Debris,Slide
Manipur,Tamenglong,25.123361,93.656306,Debris,Slide
Manipur,Tamenglong,25.124917,93.657333,Debris,Slide
Manipur,Tamenglong,25.129639,93.661806,Debris,Slide
Manipur,Tamenglong,25.130361,93.6625,Debris,Slide
Manipur,Tamenglong,25.130722,93.663583,Debris,Slide
Manipur,Tamenglong,25.1345,93.666417,Debris,Slide
Manipur,Tamenglong,25.134944,93.666667,Debris,Slide
Manipur,Tamenglong,25.135333,93.667,Debris,Slide
Manipur,Tamenglong,25.135861,93.6675,Debris,Slide
Manipur,Tamenglong,25.136222,93.667639,Debris,Slide
Manipur,Tamenglong,25.138306,93.669028,Debris,Slide
Manipur,Tamenglong,25.139167,93.669444,Rock,Fall
Manipur,Tamenglong,25.139639,93.669639,Rock,Fall
Manipur,Tamenglong,25.14625,93.671194,Debris,Slide
Manipur,Tamenglong,25.151417,93.672833,Debris,Slide
Manipur,Tamenglong,25.152167,93.713083,Debris,Slide
Manipur,Tamenglong,25.152361,93.67325,Rock,Slide
Manipur,Tamenglong,25.152389,93.712833,Debris,Slide
Manipur,Tamenglong,25.152472,93.673667,Debris,Slide
Manipur,Tamenglong,25.153472,93.712444,Debris,Slide
Manipur,Tamenglong,25.154917,93.711278,Debris,Slide
Manipur,Tamenglong,25.155611,93.676639,Debris,Slide
Manipur,Tamenglong,25.155861,93.677306,Debris,Slide
Manipur,Tamenglong,25.155917,93.681583,Rock,Slide
Manipur,Tamenglong,25.156306,93.678917,Rock,Slide
Manipur,Tamenglong,25.156722,93.723889,Debris,Slide
Manipur,Tamenglong,25.156833,93.703222,Debris,Slide
Manipur,Tamenglong,25.157092,93.682686,Debris,Slide
Manipur,Tamenglong,25.157528,93.68425,Rock,Slide
Manipur,Tamenglong,25.157667,93.6845,Earth,Slide
Manipur,Tamenglong,25.15775,93.72275,Debris,Slide
Manipur,Tamenglong,25.158083,93.684944,Debris,Slide
Manipur,Tamenglong,25.158667,93.685222,Debris,Slide
Manipur,Tamenglong,25.158828,93.720131,Debris,Slide
Manipur,Tamenglong,25.159,93.712056,Debris,Slide
Manipur,Tamenglong,25.159028,93.699833,Debris,Slide
Manipur,Tamenglong,25.159386,93.720417,Debris,Slide
Manipur,Tamenglong,25.159778,93.7065,Debris,Slide
Manipur,Tamenglong,25.160306,93.689306,Debris,Slide
Manipur,Tamenglong,25.160333,93.688528,Debris,Slide
Manipur,Tamenglong,25.160389,93.688167,Debris,Slide
Manipur,Tamenglong,25.160583,93.7055,Debris,Slide
Manipur,Tamenglong,25.161361,93.732333,Debris,Slide
Manipur,Tamenglong,25.161667,93.730361,Debris,Slide
Manipur,Tamenglong,25.161694,93.731306,Debris,Slide
Manipur,Tamenglong,25.161861,93.729917,Debris,Slide
Manipur,Tamenglong,25.162028,93.733306,Debris,Slide
Manipur,Tamenglong,25.162306,93.691111,Rock,Fall
Manipur,Tamenglong,25.162583,93.703972,Debris,Slide
Manipur,Tamenglong,25.163167,93.735556,Debris,Slide
Manipur,Tamenglong,25.163333,93.691194,Rock,Fall
Manipur,Tamenglong,25.163528,93.736222,Debris,Slide
Manipur,Tamenglong,25.163722,93.700556,Debris,Slide
Manipur,Tamenglong,25.163917,93.73625,Debris,Slide
Manipur,Tamenglong,25.164056,93.692861,Debris,Slide
Manipur,Tamenglong,25.164222,93.736361,Debris,Slide
Manipur,Tamenglong,25.164278,93.691361,Debris,Slide
Manipur,Tamenglong,25.164472,93.693944,Debris,Slide
Manipur,Tamenglong,25.164847,93.696828,Debris,Slide
Manipur,Tamenglong,25.16485,93.697303,Debris,Slide
Manipur,Tamenglong,25.165222,93.697722,Debris,Slide
Manipur,Tamenglong,25.165222,93.69575,Debris,Slide
Manipur,Tamenglong,25.165472,93.695528,Debris,Slide
Manipur,Tamenglong,25.165833,93.699611,Debris,Slide
Manipur,Tamenglong,25.167444,93.735472,Debris,Slide
Manipur,Tamenglong,25.167806,93.749222,Debris,Slide
Manipur,Tamenglong,25.167917,93.749083,Debris,Slide
Manipur,Tamenglong,25.168028,93.748972,Debris,Slide
Manipur,Tamenglong,25.16875,93.742306,Debris,Slide
Manipur,Tamenglong,25.168806,93.742111,Rock,Slide
Manipur,Tamenglong,25.168928,93.739886,Debris,Slide
Manipur,Tamenglong,25.169,93.74075,Rock,Slide
Manipur,Tamenglong,25.169028,93.741083,Debris,Slide
Manipur,Tamenglong,24.979,93.496,Earth,Slide
Manipur,Tamenglong,24.82908333,93.50694444,Unknown,Nil
Manipur,Tamenglong,24.84563889,93.50202778,Unknown,Nil
Manipur,Tamenglong,24.86461111,93.59888889,Unknown,Nil
Manipur,Tamenglong,24.86469444,93.62116667,Unknown,Nil
Manipur,Tamenglong,24.86297222,93.62397222,Unknown,Nil
Manipur,Tamenglong,24.73133333,93.92738889,Unknown,Nil
Manipur,Tengnoupal,24.264333,94.283806,Debris,Slide
Manipur,Tengnoupal,24.267944,94.111556,Debris,Slide
Manipur,Tengnoupal,24.270806,94.125139,Rock,Slide
Manipur,Tengnoupal,24.271528,94.125667,Debris,Slide
Manipur,Tengnoupal,24.277639,94.127278,Debris,Slide
Manipur,Tengnoupal,24.284222,94.2805,Debris,Slide
Manipur,Tengnoupal,24.289333,94.277139,Debris,Slide
Manipur,Tengnoupal,24.291139,94.276139,Debris,Slide
Manipur,Tengnoupal,24.303083,94.245056,Debris,Slide
Manipur,Tengnoupal,24.304417,94.243889,Debris,Slide
Manipur,Tengnoupal,24.309861,94.234639,Debris,Slide
Manipur,Tengnoupal,24.313111,94.230444,Debris,Slide
Manipur,Tengnoupal,24.316528,94.138083,Debris,Slide
Manipur,Tengnoupal,24.316639,94.138139,Debris,Slide
Manipur,Tengnoupal,24.317833,94.144667,Debris,Slide
Manipur,Tengnoupal,24.321889,94.147306,Debris,Slide
Manipur,Tengnoupal,24.322917,94.151,Debris,Slide
Manipur,Tengnoupal,24.323361,94.143556,Rock,Slide
Manipur,Tengnoupal,24.354814,94.258094,Debris,Slide
Manipur,Tengnoupal,24.364861,94.174139,Debris,Slide
Manipur,Tengnoupal,24.365611,94.1665,Debris,Slide
Manipur,Tengnoupal,24.366806,94.163389,Rock,Slide
Manipur,Tengnoupal,24.379417,94.154139,Rock,Slide
Manipur,Tengnoupal,24.381906,94.213136,Debris,Slide
Manipur,Tengnoupal,24.387658,94.151683,Debris,Slide
Manipur,Tengnoupal,24.387708,94.155764,Debris,Slide
Manipur,Tengnoupal,24.391361,94.154361,Debris,Slide
Manipur,Tengnoupal,24.404167,94.156667,Debris,Slide
Manipur,Tengnoupal,24.407989,94.240544,Debris,Slide
Manipur,Tengnoupal,24.408672,94.245139,Debris,Slide
Manipur,Tengnoupal,24.416167,94.176167,Debris,Slide
Manipur,Tengnoupal,24.4165,94.176944,Rock,Slide
Manipur,Tengnoupal,24.417667,94.176806,Debris,Slide
Manipur,Tengnoupal,24.419611,94.182722,Rock,Slide
Manipur,Tengnoupal,24.431056,94.259028,Debris,Slide
Manipur,Tengnoupal,24.433611,94.249544,Rock,Slide
Manipur,Tengnoupal,24.433611,94.250611,Debris,Slide
Manipur,Tengnoupal,24.433972,94.249278,Debris,Slide
Manipur,Tengnoupal,24.437169,94.18495,Debris,Slide
Manipur,Tengnoupal,24.439842,94.184347,Debris,Slide
Manipur,Tengnoupal,24.440033,94.184122,Debris,Slide
Manipur,Tengnoupal,24.441683,94.179211,Debris,Slide
Manipur,Tengnoupal,24.444011,94.173489,Debris,Slide
Manipur,Tengnoupal,24.445222,94.230583,Debris,Slide
Manipur,Tengnoupal,24.4455,94.229722,Debris,Slide
Manipur,Tengnoupal,24.449306,94.221778,Rock,Slide
Manipur,Tengnoupal,24.454953,94.225406,Debris,Slide
Manipur,Tengnoupal,24.456464,94.226856,Debris,Slide
Manipur,Tengnoupal,24.4588,94.223469,Rock,Slide
Manipur,Tengnoupal,24.462958,94.233667,Rock,Slide
Manipur,Tengnoupal,24.489728,94.191686,Debris,Slide
Manipur,Tengnoupal,24.490983,94.16515,Debris,Slide
Manipur,Tengnoupal,24.491669,94.163786,Debris,Slide
Manipur,Tengnoupal,24.492333,94.143361,Rock,Slide
Manipur,Tengnoupal,24.493294,94.179533,Rock,Slide
Manipur,Tengnoupal,24.495,94.186181,Rock,Slide
Manipur,Tengnoupal,24.496792,94.141878,Rock,Slide
Manipur,Tengnoupal,24.497622,94.180403,Rock,Slide
Manipur,Tengnoupal,24.499014,94.154514,Debris,Slide
Manipur,Tengnoupal,24.499972,94.195769,Debris,Slide
Manipur,Tengnoupal,24.501367,94.192292,Debris,Slide
Manipur,Tengnoupal,24.506317,94.180147,Debris,Slide
Manipur,Tengnoupal,24.813306,93.243417,Rock,Slide
Manipur,Thoubal,24.553917,94.091167,Rock cum debris,Slide
Manipur,Thoubal,24.773472,94.078972,Soil,Slide
Manipur,Ukhrul,22.873558,92.755953,Debris,Slide
Manipur,Ukhrul,24.637278,94.1725,Soil,Slide
Manipur,Ukhrul,24.689139,94.165472,Soil,Slide
Manipur,Ukhrul,24.728611,94.224861,Debris,Slide
Manipur,Ukhrul,24.742139,94.221333,Debris,Slide
Manipur,Ukhrul,24.833889,94.220167,Rock cum debris,Slide
Manipur,Ukhrul,24.839306,94.22575,Rock cum debris,Slide
Manipur,Ukhrul,24.839722,94.224944,Soil cum debris,Slide
Manipur,Ukhrul,24.858778,94.233139,Rock cum debris,Slide
Manipur,Ukhrul,24.869028,94.234611,Debris,Slide
Manipur,Ukhrul,24.871528,94.234056,Debris,Slide
Manipur,Ukhrul,24.8745,94.235833,Debris,Slide
Manipur,Ukhrul,24.892028,94.238389,Rock cum debris,Slide
Manipur,Ukhrul,24.895,94.242972,Rock cum debris,Slide
Manipur,Ukhrul,24.895806,94.243944,Rock cum debris,Slide
Manipur,Ukhrul,24.898438,94.328686,Debris,Slide
Manipur,Ukhrul,24.90725,94.335333,Debris,Slide
Manipur,Ukhrul,24.911194,94.242111,Rock cum debris,Slide
Manipur,Ukhrul,24.913611,94.242028,Rock cum debris,Slide
Manipur,Ukhrul,24.914778,94.242583,Rock cum debris,Slide
Manipur,Ukhrul,24.925194,94.337056,Debris,Slide
Manipur,Ukhrul,24.930278,94.149361,Rock cum debris,Slide
Manipur,Ukhrul,24.930944,94.151639,Soil,Slide
Manipur,Ukhrul,24.931167,94.227111,Rock,Slide
Manipur,Ukhrul,24.931333,94.228917,Rock cum debris,Slide
Manipur,Ukhrul,24.934833,94.184944,Rock,Slide
Manipur,Ukhrul,24.936361,94.160028,Soil,Slide
Manipur,Ukhrul,24.93875,94.181861,Soil cum debris,Slide
Manipur,Ukhrul,24.940333,94.202556,Rock cum debris,Slide
Manipur,Ukhrul,24.940611,94.1515,Soil,Slide
Manipur,Ukhrul,24.940944,94.201889,Rock cum debris,Slide
Manipur,Ukhrul,24.940972,94.151528,Soil,Slide
Manipur,Ukhrul,24.94125,94.220861,Rock cum debris,Slide
Manipur,Ukhrul,24.946889,94.155111,Soil,Slide
Manipur,Ukhrul,24.946944,94.191194,Soil cum debris,Slide
Manipur,Ukhrul,24.9475,94.188889,Soil cum debris,Slide
Manipur,Ukhrul,24.947972,94.187972,Soil cum debris,Slide
Manipur,Ukhrul,24.948444,94.1555,Soil,Slide
Manipur,Ukhrul,24.949167,94.155389,Soil,Slide
Manipur,Ukhrul,24.950583,94.177778,Soil cum debris,Slide
Manipur,Ukhrul,24.950583,94.186028,Soil cum debris,Slide
Manipur,Ukhrul,24.951444,94.179278,Rock cum debris,Slide
Manipur,Ukhrul,24.955167,94.157778,Soil,Slide
Manipur,Ukhrul,24.955972,94.157889,Soil,Slide
Manipur,Ukhrul,24.956472,94.155694,Rock cum debris,Fall
Manipur,Ukhrul,24.957833,94.162444,Rock cum debris,Slide
Manipur,Ukhrul,24.969056,94.173528,Rock cum debris,Slide
Manipur,Ukhrul,24.9755,94.155,Soil cum debris,Slide
Manipur,Ukhrul,24.982917,94.162639,Rock cum debris,Slide
Manipur,Ukhrul,24.983528,94.158333,Soil cum debris,Slide
Manipur,Ukhrul,24.983722,94.158306,Soil,Slide
Manipur,Ukhrul,24.989944,94.233611,Soil cum debris,Slide
Manipur,Ukhrul,24.991444,94.2345,Rock cum debris,Slide
Manipur,Ukhrul,24.992889,94.230583,Rock,Slide
Manipur,Ukhrul,24.994278,94.205917,Rock cum debris,Slide
Manipur,Ukhrul,25.002611,94.330278,Earth,Subsidence
Manipur,Ukhrul,25.007917,94.452972,Debris,Slide
Manipur,Ukhrul,25.010139,94.317306,Earth,Subsidence
Manipur,Ukhrul,25.012111,94.464833,Debris,Slide
Manipur,Ukhrul,25.019139,94.332472,Debris,Subsidence
Manipur,Ukhrul,25.020361,94.4095,Debris,Subsidence
Manipur,Ukhrul,25.023056,94.449306,Debris,Slide
Manipur,Ukhrul,25.023111,94.449361,Debris,Slide
Manipur,Ukhrul,25.027333,94.423583,Debris,Slide
Manipur,Ukhrul,25.027528,94.316806,Debris,Slide
Manipur,Ukhrul,25.033278,94.431806,Debris,Subsidence
Manipur,Ukhrul,25.033778,94.43625,Debris,Slide
Manipur,Ukhrul,25.034611,94.31925,Debris,Subsidence
Manipur,Ukhrul,25.048417,94.332389,Debris,Subsidence
Manipur,Ukhrul,25.049,94.551028,Soil,Slide
Manipur,Ukhrul,25.050417,94.551167,Debris,Slide
Manipur,Ukhrul,25.050694,94.555139,Debris,Slide
Manipur,Ukhrul,25.05125,94.556111,Debris,Slide
Manipur,Ukhrul,25.051944,94.551111,Soil,Slide
Manipur,Ukhrul,25.052833,94.551083,Soil,Slide
Manipur,Ukhrul,25.054,94.550972,Soil,Slide
Manipur,Ukhrul,25.054722,94.526528,Debris,Slide
Manipur,Ukhrul,25.054917,94.551306,Debris,Slide
Manipur,Ukhrul,25.054944,94.530528,Debris,Slide
Manipur,Ukhrul,25.055186,94.599525,Debris,Slide
Manipur,Ukhrul,25.055278,94.567861,Debris,Slide
Manipur,Ukhrul,25.055278,94.56436,Soil,Slide
Manipur,Ukhrul,25.056,94.600667,Debris,Slide
Manipur,Ukhrul,25.0565,94.551528,Soil,Slide
Manipur,Ukhrul,25.057167,94.532194,Debris,Slide
Manipur,Ukhrul,25.057361,94.533083,Debris,Slide
Manipur,Ukhrul,25.058833,94.55125,Soil,Slide
Manipur,Ukhrul,25.059361,94.586361,Soil,Slide
Manipur,Ukhrul,25.059556,94.550611,Soil,Slide
Manipur,Ukhrul,25.059861,94.584889,Debris,Slide
Manipur,Ukhrul,25.060389,94.535472,Debris,Slide
Manipur,Ukhrul,25.061472,94.549694,Debris,Slide
Manipur,Ukhrul,25.062222,94.61475,Debris,Slide
Manipur,Ukhrul,25.062833,94.577722,Debris,Slide
Manipur,Ukhrul,25.063167,94.614389,Debris,Slide
Manipur,Ukhrul,25.063778,94.615,Debris,Slide
Manipur,Ukhrul,25.063861,94.614972,Debris,Slide
Manipur,Ukhrul,25.063972,94.336,Debris,Slide
Manipur,Ukhrul,25.064444,94.620278,Soil,Slide
Manipur,Ukhrul,25.064639,94.534,Debris,Slide
Manipur,Ukhrul,25.064833,94.643917,Debris,Slide
Manipur,Ukhrul,25.065056,94.544583,Debris,Slide
Manipur,Ukhrul,25.065889,94.632139,Debris,Slide
Manipur,Ukhrul,25.066861,94.6325,Debris,Slide
Manipur,Ukhrul,25.067194,94.632972,Soil,Slide
Manipur,Ukhrul,25.069306,94.536528,Debris,Slide
Manipur,Ukhrul,25.069806,94.541667,Debris,Slide
Manipur,Ukhrul,25.077417,94.352444,Earth,Subsidence
Manipur,Ukhrul,25.079361,94.549667,Debris,Slide
Manipur,Ukhrul,25.079667,94.296361,Debris,Slide
Manipur,Ukhrul,25.079806,94.294111,Debris,Slide
Manipur,Ukhrul,25.079944,94.294667,Debris,Slide
Manipur,Ukhrul,25.081361,94.552278,Debris,Slide
Manipur,Ukhrul,25.081611,94.506333,Soil,Slide
Manipur,Ukhrul,25.082306,94.551722,Debris,Slide
Manipur,Ukhrul,25.082778,94.550694,Soil,Slide
Manipur,Ukhrul,25.08325,94.503639,Soil,Slide
Manipur,Ukhrul,25.083694,94.502278,Soil,Slide
Manipur,Ukhrul,25.090556,94.387389,Earth,Slide
Manipur,Ukhrul,25.091667,94.550056,Debris,Slide
Manipur,Ukhrul,25.091742,94.550444,Debris,Slide
Manipur,Ukhrul,25.091858,94.550786,Debris,Slide
Manipur,Ukhrul,25.092033,94.640664,Soil,Slide
Manipur,Ukhrul,25.092111,94.370444,Debris,Subsidence
Manipur,Ukhrul,25.093167,94.516611,Debris,Slide
Manipur,Ukhrul,25.094333,94.522528,Debris,Slide
Manipur,Ukhrul,25.0948,94.547461,Soil,Slide
Manipur,Ukhrul,25.095056,94.547722,Debris,Slide
Manipur,Ukhrul,25.095611,94.384778,Rock,Fall
Manipur,Ukhrul,25.095611,94.522944,Debris,Slide
Manipur,Ukhrul,25.095972,94.375944,Earth,Slide
Manipur,Ukhrul,25.096083,94.515806,Debris,Slide
Manipur,Ukhrul,25.096417,94.531778,Debris,Slide
Manipur,Ukhrul,25.096611,94.551028,Debris,Slide
Manipur,Ukhrul,25.09825,94.513778,Debris,Slide
Manipur,Ukhrul,25.098667,94.390222,Debris,Slide
Manipur,Ukhrul,25.099194,94.460722,Debris,Slide
Manipur,Ukhrul,25.100889,94.526556,Debris,Slide
Manipur,Ukhrul,25.10125,94.510806,Debris,Slide
Manipur,Ukhrul,25.101972,94.5125,Soil,Slide
Manipur,Ukhrul,25.103111,94.532083,Debris,Slide
Manipur,Ukhrul,25.103528,94.531722,Soil,Slide
Manipur,Ukhrul,25.113278,94.352722,Rock,Slide
Manipur,Ukhrul,25.114444,94.354694,Debris,Slide
Manipur,Ukhrul,25.116333,94.356833,Debris,Slide
Manipur,Ukhrul,25.116778,94.353917,Debris,Slide
Manipur,Ukhrul,25.126167,94.456278,Debris,Slide
Manipur,Ukhrul,25.126222,94.456278,Debris,Slide
Manipur,Ukhrul,25.127556,94.338583,Debris,Slide
Manipur,Ukhrul,25.127722,94.449417,Earth,Slide
Manipur,Ukhrul,25.128194,94.440417,Debris,Slide
Manipur,Ukhrul,25.128222,94.321722,Debris,Slide
Manipur,Ukhrul,25.128417,94.440639,Debris,Slide
Manipur,Ukhrul,25.131889,94.322667,Debris,Slide
Manipur,Ukhrul,25.131917,94.338583,Debris,Slide
Manipur,Ukhrul,25.134611,94.460722,Debris,Slide
Manipur,Ukhrul,25.14275,94.320139,Debris,Slide
Manipur,Ukhrul,25.145583,94.320444,Earth,Slide
Manipur,Ukhrul,25.151917,94.312167,Debris,Slide
Manipur,Ukhrul,25.153722,94.461917,Earth,Slide
Manipur,Ukhrul,25.155194,94.461278,Debris,Slide
Manipur,Ukhrul,25.158361,94.461472,Debris,Slide
Manipur,Ukhrul,25.16525,94.354611,Debris,Slide
Manipur,Ukhrul,25.166833,94.354889,Debris,Slide
Manipur,Ukhrul,25.167528,94.294861,Debris,Slide
Manipur,Ukhrul,25.168528,94.288333,Earth,Slide
Manipur,Ukhrul,25.172194,94.3485,Debris,Slide
Manipur,Ukhrul,25.172806,94.347694,Debris,Slide
Manipur,Ukhrul,25.174667,94.347306,Debris,Slide
Manipur,Ukhrul,25.176639,94.297361,Debris,Slide
Manipur,Ukhrul,25.178194,94.527444,Soil,Slide
Manipur,Ukhrul,25.178417,94.52725,Debris,Slide
Manipur,Ukhrul,25.179194,94.526528,Debris,Slide
Manipur,Ukhrul,25.179306,94.526333,Debris,Slide
Manipur,Ukhrul,25.180611,94.525278,Soil,Slide
Manipur,Ukhrul,25.180889,94.504611,Soil,Slide
Manipur,Ukhrul,25.181194,94.524861,Debris,Slide
Manipur,Ukhrul,25.181222,94.524611,Rock,Slide
Manipur,Ukhrul,25.181528,94.523694,Debris,Slide
Manipur,Ukhrul,25.181583,94.304444,Debris,Slide
Manipur,Ukhrul,25.181639,94.342667,Debris,Slide
Manipur,Ukhrul,25.181722,94.504917,Soil,Slide
Manipur,Ukhrul,25.181806,94.522556,Rock,Slide
Manipur,Ukhrul,25.181917,94.522306,Rock,Slide
Manipur,Ukhrul,25.182222,94.522333,Debris,Slide
Manipur,Ukhrul,25.182306,94.523333,Soil,Slide
Manipur,Ukhrul,25.182417,94.523556,Soil,Slide
Manipur,Ukhrul,25.182472,94.523722,Rock,Slide
Manipur,Ukhrul,25.182861,94.505167,Debris,Slide
Manipur,Ukhrul,25.184194,94.522694,Debris,Slide
Manipur,Ukhrul,25.18425,94.522667,Debris,Slide
Manipur,Ukhrul,25.185167,94.308972,Rock,Fall
Manipur,Ukhrul,25.185889,94.520944,Debris,Slide
Manipur,Ukhrul,25.186167,94.342889,Debris,Slide
Manipur,Ukhrul,25.186389,94.52025,Soil,Slide
Manipur,Ukhrul,25.188611,94.520917,Soil,Slide
Manipur,Ukhrul,25.259222,94.547417,Debris,Slide
Manipur,Ukhrul,25.259972,94.543806,Debris,Slide
Manipur,Ukhrul,25.261806,94.546944,Debris,Slide
Manipur,Ukhrul,25.263722,94.544833,Soil,Slide
Manipur,Ukhrul,25.264278,94.543611,Soil,Slide
Manipur,Ukhrul,25.265389,94.541472,Soil,Slide
Manipur,Ukhrul,25.27325,94.555417,Debris,Slide
Manipur,Ukhrul,25.276222,94.555889,Soil,Slide
Manipur,Ukhrul,25.286944,94.531361,Debris,Slide
Manipur,Ukhrul,25.287306,94.539833,Debris,Slide
Manipur,Ukhrul,25.287333,94.528333,Debris,Slide
Manipur,Ukhrul,25.287361,94.528472,Debris,Slide
Manipur,Ukhrul,25.287611,94.5295,Debris,Slide
Manipur,Ukhrul,25.287722,94.530583,Debris,Slide
Manipur,Ukhrul,25.28775,94.527667,Debris,Slide
Manipur,Ukhrul,25.288056,94.527806,Soil,Slide
Manipur,Ukhrul,25.288417,94.539528,Debris,Slide
Manipur,Ukhrul,25.289139,94.539417,Debris,Slide
Manipur,Ukhrul,25.28925,94.526861,Debris,Slide
Manipur,Ukhrul,25.289806,94.525639,Soil,Slide
Manipur,Ukhrul,25.289889,94.525306,Debris,Slide
Manipur,Ukhrul,25.289944,94.525111,Soil,Slide
Manipur,Ukhrul,25.312667,94.509111,Debris,Slide
Manipur,Ukhrul,25.313,94.50975,Debris,Slide
Manipur,Ukhrul,25.314972,94.5065,Debris,Slide
Manipur,Ukhrul,25.315444,94.504417,Soil,Slide
Manipur,Ukhrul,25.315861,94.504139,Soil,Slide
Manipur,Ukhrul,25.316056,94.504306,Soil,Slide
Manipur,Ukhrul,25.316639,94.504278,Soil,Slide
Manipur,Ukhrul,25.319389,94.50425,Soil,Slide
Manipur,Ukhrul,25.320194,94.504472,Soil,Slide
Manipur,Ukhrul,25.321861,94.523839,Debris,Slide
Manipur,Ukhrul,25.323556,94.525583,Soil,Slide
Manipur,Ukhrul,25.324194,94.520278,Debris,Slide
Manipur,Ukhrul,25.324861,94.509861,Soil,Flow
Manipur,Ukhrul,25.325194,94.511861,Soil,Slide
Manipur,Ukhrul,25.325778,94.515694,Soil,Slide
Manipur,Ukhrul,25.325889,94.511306,Soil,Slide
Manipur,Ukhrul,25.326722,94.510083,Soil,Slide
Manipur,Ukhrul,25.329306,94.524639,Soil,Slide
Manipur,Ukhrul,25.332083,94.526639,Soil,Slide
Manipur,Ukhrul,25.3375,94.52825,Soil,Slide
Manipur,Ukhrul,25.3375,94.527806,Debris,Slide
Manipur,Ukhrul,25.356306,94.525222,Debris,Slide
Manipur,Ukhrul,25.356583,94.525306,Soil,Slide
Manipur,Ukhrul,25.359278,94.527806,Soil,Slide
Manipur,Ukhrul,25.360389,94.529917,Debris,Slide
Manipur,Ukhrul,25.373639,94.555333,Debris,Slide
Manipur,Ukhrul,25.388056,94.550083,Debris,Slide
Manipur,Ukhrul,25.389639,94.457028,Debris,Subsidence
Manipur,Ukhrul,25.392389,94.454333,Debris,Slide
Manipur,Ukhrul,25.394361,94.628222,Debris,Slide
Manipur,Ukhrul,25.394667,94.548917,Soil,Slide
Manipur,Ukhrul,25.394917,94.630111,Debris,Slide
Manipur,Ukhrul,25.396222,94.450472,Debris,Slide
Manipur,Ukhrul,25.39625,94.548444,Soil,Slide
Manipur,Ukhrul,25.397944,94.551083,Debris,Slide
Manipur,Ukhrul,25.400639,94.620639,Debris,Slide
Manipur,Ukhrul,25.407667,94.587222,Debris,Slide
Manipur,Ukhrul,25.407972,94.596917,Soil,Slide
Manipur,Ukhrul,25.408417,94.587083,Soil,Slide
Manipur,Ukhrul,25.409139,94.592139,Debris,Slide
Manipur,Ukhrul,25.409167,94.599278,Debris,Slide
Manipur,Ukhrul,25.409222,94.589389,Debris,Slide
Manipur,Ukhrul,25.409306,94.596417,Soil,Slide
Manipur,Ukhrul,25.409417,94.599722,Debris,Slide
Manipur,Ukhrul,25.410278,94.600389,Soil,Slide
Manipur,Ukhrul,25.410333,94.542028,Debris,Slide
Manipur,Ukhrul,25.410389,94.579361,Debris,Slide
Manipur,Ukhrul,25.410667,94.598361,Soil,Slide
Manipur,Ukhrul,25.410694,94.500056,Debris,Slide
Manipur,Ukhrul,25.413,94.541333,Debris,Slide
Manipur,Ukhrul,25.413086,94.526303,Debris,Slide
Manipur,Ukhrul,25.414028,94.58,Soil,Slide
Manipur,Ukhrul,25.415583,94.558778,Debris,Slide
Manipur,Ukhrul,25.415639,94.559361,Debris,Slide
Manipur,Ukhrul,25.416,94.579028,Soil,Slide
Manipur,Ukhrul,25.416778,94.577472,Debris,Slide
Manipur,Ukhrul,25.417167,94.578556,Soil,Slide
Manipur,Ukhrul,25.418361,94.578528,Soil,Slide
Manipur,Ukhrul,25.419,94.578639,Soil,Slide
Manipur,Ukhrul,25.419444,94.5775,Debris,Slide
Manipur,Ukhrul,25.419639,94.578556,Soil,Slide
Manipur,Ukhrul,25.42025,94.578222,Soil,Slide
Manipur,Ukhrul,25.420722,94.577722,Soil,Subsidence
Manipur,Ukhrul,25.429639,94.556472,Debris,Slide
Manipur,Ukhrul,25.431361,94.560861,Debris,Slide
Manipur,Ukhrul,25.432833,94.575444,Soil,Spread
Manipur,Ukhrul,25.442278,94.563833,Soil,Slide
Manipur,Ukhrul,25.45475,94.552583,Soil,Slide
Manipur,Ukhrul,25.465167,94.543694,Debris,Slide
Manipur,Ukhrul,25.466083,94.552889,Soil,Slide
Manipur,Ukhrul,25.466278,94.552528,Debris,Slide
Manipur,Ukhrul,25.466528,94.552028,Soil,Slide
Manipur,Ukhrul,25.466611,94.537861,Debris,Slide
Manipur,Ukhrul,25.467167,94.551528,Debris,Slide
Manipur,Ukhrul,25.467169,94.54755,Debris,Slide
Manipur,Ukhrul,25.467772,94.549483,Soil,Slide
Manipur,Ukhrul,25.468,94.545083,Soil,Slide
Manipur,Ukhrul,25.468389,94.544917,Debris,Slide
Manipur,Ukhrul,25.471806,94.543,Debris,Slide
Manipur,Ukhrul,25.476722,94.534806,Debris,Slide
Manipur,Ukhrul,25.477056,94.534528,Debris,Slide
Manipur,Ukhrul,25.478194,94.535111,Debris,Slide
Manipur,Ukhrul,25.480722,94.532861,Debris,Subsidence
Manipur,Ukhrul,25.483694,94.530194,Rock,Slide
Manipur,Ukhrul,25.485861,94.544528,Debris,Subsidence
Manipur,Ukhrul,25.489611,94.553306,Soil,Slide
Manipur,Ukhrul,25.492333,94.555444,Debris,Slide
Manipur,Ukhrul,25.493694,94.555833,Debris,Slide
Manipur,Ukhrul,25.49625,94.554722,Debris,Slide
Manipur,Ukhrul,25.497078,94.553583,Rock,Slide
Manipur,Ukhrul,25.499542,94.552992,Debris,Slide
Manipur,Ukhrul,25.587167,94.514361,Debris,Slide
Manipur,Ukhrul,24.82022222,94.35255556,Debris,"Deep
translational"
Manipur,Ukhrul,25.07849444,94.23608333,Soil,Slide
Manipur,Ukhrul,25.066715,94.349728,Soil,slide
Manipur,Ukhrul,24.984331,94.228244,Soil,slide
Manipur,West Imphal,24.82,93.89,Debris,Slide
Manipur,West Imphal,24.83,93.9,Debris,Slide
Manipur,West Imphal,24.83,93.88,Rock,Slide
Manipur,West Imphal,24.84,93.9,Debris,Slide
Manipur,West Imphal,24.84,93.91,Rock,Slide
Manipur,West Khasi Hills,25.67341667,91.06625,Unknown,Nil
Meghalaya,East Garo hills,25.5014,90.68972,Debris,Slide
Meghalaya,East Garo hills,25.50781,90.68,Rock,Slide
Meghalaya,East Garo hills,25.512611,90.658611,Debris,Slide
Meghalaya,East Garo hills,25.557833,90.818103,Soil,Slide
Meghalaya,East Garo hills,25.558058,90.809919,Soil,Slide
Meghalaya,East Garo hills,25.635556,90.807778,Soil,Slide
Meghalaya,East Garo hills,25.716594,90.822539,Soil,Slide
Meghalaya,East Jaintia Hills,25.033514,92.435539,Rock,Slide
Meghalaya,East Jaintia Hills,25.033628,92.439331,Debris,Slide
Meghalaya,East Jaintia Hills,25.034289,92.435222,Debris,Slide
Meghalaya,East Jaintia Hills,25.037722,92.439556,Debris,Slide
Meghalaya,East Jaintia Hills,25.037833,92.440417,Debris,Slide
Meghalaya,East Jaintia Hills,25.038186,92.440725,Debris,Slide
Meghalaya,East Jaintia Hills,25.038361,92.43675,Debris,Slide
Meghalaya,East Jaintia Hills,25.039097,92.436869,Debris,Slide
Meghalaya,East Jaintia Hills,25.040511,92.446119,Debris,Slide
Meghalaya,East Jaintia Hills,25.042189,92.441964,Debris,Slide
Meghalaya,East Jaintia Hills,25.042408,92.434525,Rock,Slide
Meghalaya,East Jaintia Hills,25.042556,92.435028,Rock,Slide
Meghalaya,East Jaintia Hills,25.042778,92.432472,Rock,Slide
Meghalaya,East Jaintia Hills,25.043667,92.425444,Rock,Slide
Meghalaya,East Jaintia Hills,25.043914,92.423556,Rock,Slide
Meghalaya,East Jaintia Hills,25.044056,92.418778,Debris,Slide
Meghalaya,East Jaintia Hills,25.044136,92.430244,Rock,Slide
Meghalaya,East Jaintia Hills,25.044417,92.423908,Debris,Slide
Meghalaya,East Jaintia Hills,25.044442,92.427761,Debris,Slide
Meghalaya,East Jaintia Hills,25.044733,92.423675,Rock,Slide
Meghalaya,East Jaintia Hills,25.044778,92.430333,Debris,Slide
Meghalaya,East Jaintia Hills,25.044833,92.429333,Debris,Slide
Meghalaya,East Jaintia Hills,25.044947,92.420261,Debris,Slide
Meghalaya,East Jaintia Hills,25.045111,92.4215,Debris,Slide
Meghalaya,East Jaintia Hills,25.045386,92.420764,Debris,Slide
Meghalaya,East Jaintia Hills,25.045389,92.410444,Debris,Slide
Meghalaya,East Jaintia Hills,25.046181,92.408878,Debris,Slide
Meghalaya,East Jaintia Hills,25.047194,92.404806,Debris,Slide
Meghalaya,East Jaintia Hills,25.047444,92.409156,Debris,Slide
Meghalaya,East Jaintia Hills,25.047556,92.405806,Debris,Slide
Meghalaya,East Jaintia Hills,25.047906,92.404822,Debris,Slide
Meghalaya,East Jaintia Hills,25.049744,92.400678,Debris,Slide
Meghalaya,East Jaintia Hills,25.052236,92.399047,Debris,Slide
Meghalaya,East Jaintia Hills,25.056022,92.394119,Debris,Slide
Meghalaya,East Jaintia Hills,25.062025,92.386975,Debris,Slide
Meghalaya,East Jaintia Hills,25.068158,92.380058,Debris,Slide
Meghalaya,East Jaintia Hills,25.073,92.368778,Debris,Slide
Meghalaya,East Jaintia Hills,25.073217,92.372161,Debris,Slide
Meghalaya,East Jaintia Hills,25.073731,92.370786,Rock,Slide
Meghalaya,East Jaintia Hills,25.074439,92.371186,Rock,Slide
Meghalaya,East Jaintia Hills,25.075167,92.370953,Debris,Slide
Meghalaya,East Jaintia Hills,25.075567,92.363317,Debris,Slide
Meghalaya,East Jaintia Hills,25.079,92.361667,Rock,Slide
Meghalaya,East Jaintia Hills,25.079028,92.359111,Rock,Slide
Meghalaya,East Jaintia Hills,25.079722,92.359361,Debris,Slide
Meghalaya,East Jaintia Hills,25.081381,92.359972,Debris,Slide
Meghalaya,East Jaintia Hills,25.083061,92.360322,Debris,Slide
Meghalaya,East Jaintia Hills,25.083361,92.361083,Debris,Slide
Meghalaya,East Jaintia Hills,25.084611,92.335667,Rock,Slide
Meghalaya,East Jaintia Hills,25.087917,92.357906,Rock,Slide
Meghalaya,East Jaintia Hills,25.091361,92.356889,Rock,Slide
Meghalaya,East Jaintia Hills,25.09178,92.35469,Rock,Slide
Meghalaya,East Jaintia Hills,25.092083,92.35925,Rock,Composite
Meghalaya,East Jaintia Hills,25.092178,92.353564,Rock cum Debris,Slide
Meghalaya,East Jaintia Hills,25.092981,92.353708,Debris,Slide
Meghalaya,East Jaintia Hills,25.093078,92.348025,Rock,Slide
Meghalaya,East Jaintia Hills,25.095131,92.350111,Rock,Slide
Meghalaya,East Jaintia Hills,25.096592,92.351017,Debris,Slide
Meghalaya,East Jaintia Hills,25.097997,92.355972,Debris,Slide
Meghalaya,East Jaintia Hills,25.104417,92.365028,Rock,Slide
Meghalaya,East Jaintia Hills,25.111331,92.351128,Debris,Slide
Meghalaya,East Jaintia Hills,25.112806,92.350194,Debris,Slide
Meghalaya,East Jaintia Hills,25.112861,92.877556,Rock,Slide
Meghalaya,East Jaintia Hills,25.11303,92.37394,Debris,Slide
Meghalaya,East Jaintia Hills,25.113475,92.350506,Debris,Slide
Meghalaya,East Jaintia Hills,25.113586,92.370594,Debris,Slide
Meghalaya,East Jaintia Hills,25.114997,92.358378,Debris,Slide
Meghalaya,East Jaintia Hills,25.117453,92.35705,Debris,Slide
Meghalaya,East Jaintia Hills,25.122381,92.243069,Debris,Slide
Meghalaya,East Jaintia Hills,25.126972,92.388083,Debris,Slide
Meghalaya,East Jaintia Hills,25.129169,92.388306,Rock,Slide
Meghalaya,East Jaintia Hills,25.133289,92.225272,Debris,Slide
Meghalaya,East Jaintia Hills,25.133911,92.222392,Debris,Slide
Meghalaya,East Jaintia Hills,25.134293,92.38155,Debris,Slide
Meghalaya,East Jaintia Hills,25.134972,92.380278,Rock,Slide
Meghalaya,East Jaintia Hills,25.136047,92.222064,Debris,Slide
Meghalaya,East Jaintia Hills,25.143969,92.217497,Debris,Slide
Meghalaya,East Jaintia Hills,25.14775,92.375528,Debris,Slide
Meghalaya,East Jaintia Hills,25.149603,92.367964,Debris,Slide
Meghalaya,East Jaintia Hills,25.14965,92.214519,Debris,Slide
Meghalaya,East Jaintia Hills,25.157592,92.239928,Debris,Slide
Meghalaya,East Jaintia Hills,25.16400556,92.38702778,Debris,Slide
Meghalaya,East Jaintia Hills,25.164133,92.417747,Debris,Slide
Meghalaya,East Jaintia Hills,25.165028,92.388056,Rock,Slide
Meghalaya,East Jaintia Hills,25.165222,92.388389,Debris,Slide
Meghalaya,East Jaintia Hills,25.192422,92.37705,Debris,Slide
Meghalaya,East Jaintia Hills,25.258603,92.38555,Debris,Slide
Meghalaya,East Jaintia Hills,25.261117,92.385231,Debris,Slide
Meghalaya,East Jaintia Hills,25.2625,92.384639,Debris,Slide
Meghalaya,East Jaintia Hills,25.264575,92.381497,Debris,Slide
Meghalaya,East Jaintia Hills,25.274,92.373944,Debris,Slide
Meghalaya,East Jaintia Hills,25.280528,92.380042,Debris,Slide
Meghalaya,East Jaintia Hills,25.281122,92.345397,Debris,Slide
Meghalaya,East Jaintia Hills,25.282267,92.341433,Debris,Slide
Meghalaya,East Jaintia Hills,25.297628,92.387525,Debris,Slide
Meghalaya,East Jaintia Hills,25.309969,92.69525,Rock,Slide
Meghalaya,East Jaintia Hills,25.316069,92.685461,Rock,Slide
Meghalaya,East Jaintia Hills,25.316519,92.692311,Debris,Slide
Meghalaya,East Jaintia Hills,25.316519,92.692,Soil,Fall
Meghalaya,East Jaintia Hills,25.316589,92.687186,Soil,Slide
Meghalaya,East Jaintia Hills,25.318161,92.687219,Rock,Slide
Meghalaya,East Jaintia Hills,25.321975,92.504228,Soil,Slide
Meghalaya,East Jaintia Hills,25.333758,92.589778,Soil,Slide
Meghalaya,East Jaintia Hills,25.339339,92.584781,Rock,Fall
Meghalaya,East Jaintia Hills,25.342269,92.58225,Debris,Slide
Meghalaya,East Jaintia Hills,25.343111,92.584269,Rock,Slide
Meghalaya,East Jaintia Hills,25.343939,92.5849,Rock,Slide
Meghalaya,East Jaintia Hills,25.35093,92.51236,Rock,Slide
Meghalaya,East Jaintia Hills,25.352431,92.513478,Soil,Slide
Meghalaya,East Jaintia Hills,25.354239,92.572861,Rock,Slide
Meghalaya,East Jaintia Hills,25.35465,92.5735,Debris,Slide
Meghalaya,East Jaintia Hills,25.363156,92.618839,Rock,Slide
Meghalaya,East Jaintia Hills,25.36565,92.5314,Soil,Slide
Meghalaya,East Jaintia Hills,25.37539167,92.431275,Debris,Slide
Meghalaya,East Jaintia Hills,25.375719,92.610181,Soil,Slide
Meghalaya,East Jaintia Hills,25.375806,92.609725,Soil,Slide
Meghalaya,East Jaintia Hills,25.484178,92.510928,Rock,Slide
Meghalaya,East Jaintia Hills,25.563472,92.329689,Rock,Slide
Meghalaya,East Jaintia Hills,25.048054,92.409245,Debris,Slide
Meghalaya,East Khasi Hills,25.158643,91.525222,Rock,Slide
Meghalaya,East Khasi Hills,25.159469,91.528337,Rock,Slide
Meghalaya,East Khasi Hills,25.160222,91.527843,Rock,Slide
Meghalaya,East Khasi Hills,25.160398,91.489558,Rock,Slide
Meghalaya,East Khasi Hills,25.169159,91.690014,Rock,Slide
Meghalaya,East Khasi Hills,25.180032,91.65815,Rock,Slide
Meghalaya,East Khasi Hills,25.180536,91.576839,Rock,Slide
Meghalaya,East Khasi Hills,25.18092,91.570335,Rock,Slide
Meghalaya,East Khasi Hills,25.181759,91.573658,Rock,Slide
Meghalaya,East Khasi Hills,25.181969,91.637545,Debris,Slide
Meghalaya,East Khasi Hills,25.182254,91.618979,Rock,Slide
Meghalaya,East Khasi Hills,25.184381,92.029531,Debris,Slide
Meghalaya,East Khasi Hills,25.18676,91.396515,Debris,Slide
Meghalaya,East Khasi Hills,25.188327,91.761486,Rock,Slide
Meghalaya,East Khasi Hills,25.18955,91.453997,Rock,Slide
Meghalaya,East Khasi Hills,25.191111,92.003389,Debris,Slide
Meghalaya,East Khasi Hills,25.196781,91.574727,Rock,Slide
Meghalaya,East Khasi Hills,25.199311,91.858857,Debris,Slide
Meghalaya,East Khasi Hills,25.200934,91.63449,Debris,Slide
Meghalaya,East Khasi Hills,25.20111,91.640451,Rock,Slide
Meghalaya,East Khasi Hills,25.204882,91.742535,Debris,Slide
Meghalaya,East Khasi Hills,25.205078,91.57517,Debris,Slide
Meghalaya,East Khasi Hills,25.205307,91.755686,Debris,Slide
Meghalaya,East Khasi Hills,25.205465,91.755789,Debris,Slide
Meghalaya,East Khasi Hills,25.205623,91.736208,Debris,Slide
Meghalaya,East Khasi Hills,25.205651,91.599771,Rock,Slide
Meghalaya,East Khasi Hills,25.206426,91.75498,Rock,Slide
Meghalaya,East Khasi Hills,25.20655,91.744914,Debris,Slide
Meghalaya,East Khasi Hills,25.206573,91.738428,Debris,Slide
Meghalaya,East Khasi Hills,25.206686,91.73898,Debris,Slide
Meghalaya,East Khasi Hills,25.206885,91.740497,Debris,Slide
Meghalaya,East Khasi Hills,25.206892,91.736341,Debris,Slide
Meghalaya,East Khasi Hills,25.2071,91.741225,Debris,Slide
Meghalaya,East Khasi Hills,25.207314,91.592357,Rock,Slide
Meghalaya,East Khasi Hills,25.207515,91.746839,Debris,Slide
Meghalaya,East Khasi Hills,25.208256,91.69041,Debris,Slide
Meghalaya,East Khasi Hills,25.208313,91.606889,Rock,Slide
Meghalaya,East Khasi Hills,25.20836,91.725397,Debris,Slide
Meghalaya,East Khasi Hills,25.208593,91.742294,Debris,Slide
Meghalaya,East Khasi Hills,25.209427,91.646032,Rock,Slide
Meghalaya,East Khasi Hills,25.209456,91.646315,Rock,Slide
Meghalaya,East Khasi Hills,25.209568,91.745894,Rock,Slide
Meghalaya,East Khasi Hills,25.209703,91.646662,Rock,Slide
Meghalaya,East Khasi Hills,25.212554,91.747962,Debris,Slide
Meghalaya,East Khasi Hills,25.214783,91.590875,Rock,Slide
Meghalaya,East Khasi Hills,25.216078,91.738387,Debris,Slide
Meghalaya,East Khasi Hills,25.216169,91.389142,Rock,Slide
Meghalaya,East Khasi Hills,25.216464,91.735629,Debris,Slide
Meghalaya,East Khasi Hills,25.216805,91.709405,Rock,Slide
Meghalaya,East Khasi Hills,25.217558,91.709355,Rock,Slide
Meghalaya,East Khasi Hills,25.217886,91.73381,Rock,Slide
Meghalaya,East Khasi Hills,25.218732,91.740262,Debris,Slide
Meghalaya,East Khasi Hills,25.218821,91.581584,Rock,Slide
Meghalaya,East Khasi Hills,25.218961,91.707094,Rock,Slide
Meghalaya,East Khasi Hills,25.219787,91.710947,Rock,Slide
Meghalaya,East Khasi Hills,25.220023,91.631989,Rock,Slide
Meghalaya,East Khasi Hills,25.22026,91.720198,Debris,Slide
Meghalaya,East Khasi Hills,25.221164,91.719886,Debris,Slide
Meghalaya,East Khasi Hills,25.221406,91.387092,Rock,Slide
Meghalaya,East Khasi Hills,25.22175,91.693006,Rock,Slide
Meghalaya,East Khasi Hills,25.222221,91.742134,Debris,Slide
Meghalaya,East Khasi Hills,25.222304,91.763619,Debris,Slide
Meghalaya,East Khasi Hills,25.222501,91.714409,Rock,Slide
Meghalaya,East Khasi Hills,25.222528,91.765256,Debris,Slide
Meghalaya,East Khasi Hills,25.222564,91.691398,Rock,Slide
Meghalaya,East Khasi Hills,25.223307,91.762345,Debris,Slide
Meghalaya,East Khasi Hills,25.223553,91.671157,Rock,Slide
Meghalaya,East Khasi Hills,25.223708,91.76661,Debris,Slide
Meghalaya,East Khasi Hills,25.223769,91.740164,Debris,Slide
Meghalaya,East Khasi Hills,25.224417,91.689893,Debris,Slide
Meghalaya,East Khasi Hills,25.224506,91.704403,Rock,Slide
Meghalaya,East Khasi Hills,25.224654,91.735929,Debris,Slide
Meghalaya,East Khasi Hills,25.224808,91.696177,Debris,Slide
Meghalaya,East Khasi Hills,25.225772,91.863037,Debris,Slide
Meghalaya,East Khasi Hills,25.226046,91.701458,Rock,Slide
Meghalaya,East Khasi Hills,25.226751,91.754441,Debris,Slide
Meghalaya,East Khasi Hills,25.227063,91.691293,Rock,Slide
Meghalaya,East Khasi Hills,25.227183,91.690972,Rock,Slide
Meghalaya,East Khasi Hills,25.227249,91.748917,Debris,Slide
Meghalaya,East Khasi Hills,25.22784,91.688252,Rock,Slide
Meghalaya,East Khasi Hills,25.228005,91.687913,Rock,Slide
Meghalaya,East Khasi Hills,25.228272,91.687776,Rock,Slide
Meghalaya,East Khasi Hills,25.228344,91.693332,Debris,Slide
Meghalaya,East Khasi Hills,25.228755,91.963018,Rock,Slide
Meghalaya,East Khasi Hills,25.229161,91.693249,Debris,Slide
Meghalaya,East Khasi Hills,25.229706,91.745297,Rock,Slide
Meghalaya,East Khasi Hills,25.229822,91.693551,Debris,Slide
Meghalaya,East Khasi Hills,25.230063,91.688941,Rock,Slide
Meghalaya,East Khasi Hills,25.234097,91.866071,Debris,Slide
Meghalaya,East Khasi Hills,25.23416,91.690216,Rock,Slide
Meghalaya,East Khasi Hills,25.234952,91.689803,Debris,Slide
Meghalaya,East Khasi Hills,25.234966,91.690051,Debris,Slide
Meghalaya,East Khasi Hills,25.23572,91.68776,Debris,Slide
Meghalaya,East Khasi Hills,25.236582,91.688857,Debris,Slide
Meghalaya,East Khasi Hills,25.23707,91.43212,Debris,Slide
Meghalaya,East Khasi Hills,25.237221,91.679456,Rock,Slide
Meghalaya,East Khasi Hills,25.240315,91.733388,Rock,Fall
Meghalaya,East Khasi Hills,25.240338,91.677786,Debris,Slide
Meghalaya,East Khasi Hills,25.24327,91.866626,Debris,Slide
Meghalaya,East Khasi Hills,25.243358,91.747094,Rock,Slide
Meghalaya,East Khasi Hills,25.243671,91.866854,Debris,Slide
Meghalaya,East Khasi Hills,25.243783,91.738698,Rock,Slide
Meghalaya,East Khasi Hills,25.247226,91.671435,Rock,Slide
Meghalaya,East Khasi Hills,25.24736,91.451647,Debris,Slide
Meghalaya,East Khasi Hills,25.247518,91.450545,Debris,Slide
Meghalaya,East Khasi Hills,25.256259,91.868197,Debris,Slide
Meghalaya,East Khasi Hills,25.257286,91.871763,Debris,Slide
Meghalaya,East Khasi Hills,25.257449,91.87187,Debris,Slide
Meghalaya,East Khasi Hills,25.259326,91.872712,Debris,Slide
Meghalaya,East Khasi Hills,25.2608,91.8736,Rock,Slide
Meghalaya,East Khasi Hills,25.265048,91.591553,Rock,Slide
Meghalaya,East Khasi Hills,25.26851,91.580418,Rock,Slide
Meghalaya,East Khasi Hills,25.269949,91.875273,Debris,Slide
Meghalaya,East Khasi Hills,25.27142,91.874884,Debris,Slide
Meghalaya,East Khasi Hills,25.27197,91.874872,Debris,Slide
Meghalaya,East Khasi Hills,25.273217,91.609962,Rock,Slide
Meghalaya,East Khasi Hills,25.27342,91.578074,Rock,Slide
Meghalaya,East Khasi Hills,25.273477,91.577794,Rock,Slide
Meghalaya,East Khasi Hills,25.277215,91.865449,Debris,Slide
Meghalaya,East Khasi Hills,25.277934,91.575,Rock,Slide
Meghalaya,East Khasi Hills,25.28236861,91.73874417,Debris,Slide and flow
Meghalaya,East Khasi Hills,25.282485,91.57685,Rock,Slide
Meghalaya,East Khasi Hills,25.282608,91.867354,Debris,Slide
Meghalaya,East Khasi Hills,25.282943,91.580161,Rock,Slide
Meghalaya,East Khasi Hills,25.294601,91.930853,Debris,Slide
Meghalaya,East Khasi Hills,25.294778,91.930833,Rock,Slide
Meghalaya,East Khasi Hills,25.295624,91.56964,Rock,Slide
Meghalaya,East Khasi Hills,25.296,91.932,Rock,Slide
Meghalaya,East Khasi Hills,25.298806,91.923167,Rock,Slide
Meghalaya,East Khasi Hills,25.298951,91.726475,Rock,Slide
Meghalaya,East Khasi Hills,25.299931,91.726268,Rock,Slide
Meghalaya,East Khasi Hills,25.300281,91.944944,Rock,Slide
Meghalaya,East Khasi Hills,25.300389,91.726722,Debris,Slide
Meghalaya,East Khasi Hills,25.301167,91.929306,Rock,Slide
Meghalaya,East Khasi Hills,25.301383,91.922017,Debris,Slide
Meghalaya,East Khasi Hills,25.301444,91.9245,Rock,Slide
Meghalaya,East Khasi Hills,25.301559,91.922585,Debris,Slide
Meghalaya,East Khasi Hills,25.301676,91.923138,Debris,Slide
Meghalaya,East Khasi Hills,25.302544,91.925218,Debris,Slide
Meghalaya,East Khasi Hills,25.311778,91.917528,Rock,Slide
Meghalaya,East Khasi Hills,25.315176,91.923021,Rock,Slide
Meghalaya,East Khasi Hills,25.320833,91.9275,Rock,Slide
Meghalaya,East Khasi Hills,25.321102,91.927514,Rock,Slide
Meghalaya,East Khasi Hills,25.322897,91.927752,Rock,Slide
Meghalaya,East Khasi Hills,25.324583,91.940667,Debris,Slide
Meghalaya,East Khasi Hills,25.324806,91.942194,Debris,Slide
Meghalaya,East Khasi Hills,25.324861,91.938389,Debris,Slide
Meghalaya,East Khasi Hills,25.324889,91.943417,Debris,Slide
Meghalaya,East Khasi Hills,25.325889,91.935222,Debris,Slide
Meghalaya,East Khasi Hills,25.326032,91.659568,Rock,Slide
Meghalaya,East Khasi Hills,25.326063,91.931808,Debris,Slide
Meghalaya,East Khasi Hills,25.326204,91.932463,Debris,Slide
Meghalaya,East Khasi Hills,25.326694,91.933972,Debris,Slide
Meghalaya,East Khasi Hills,25.32765,91.893414,Debris,Slide
Meghalaya,East Khasi Hills,25.331209,91.67737,Rock,Slide
Meghalaya,East Khasi Hills,25.331948,91.661011,Rock,Slide
Meghalaya,East Khasi Hills,25.332836,91.934395,Rock,Slide
Meghalaya,East Khasi Hills,25.338631,91.777559,Rock,Slide
Meghalaya,East Khasi Hills,25.338711,91.775111,Rock,Fall
Meghalaya,East Khasi Hills,25.345,91.891,Rock,Slide
Meghalaya,East Khasi Hills,25.34555,91.891461,Rock,Slide
Meghalaya,East Khasi Hills,25.345611,91.895,Rock,Slide
Meghalaya,East Khasi Hills,25.346641,91.891987,Rock,Fall
Meghalaya,East Khasi Hills,25.34815,91.892506,Rock,Fall
Meghalaya,East Khasi Hills,25.348394,91.762714,Debris,Slide
Meghalaya,East Khasi Hills,25.349742,91.893423,Rock,Fall
Meghalaya,East Khasi Hills,25.350166,91.972582,Rock,Slide
Meghalaya,East Khasi Hills,25.351304,91.89353,Debris,Slide
Meghalaya,East Khasi Hills,25.353486,91.765544,Rock,Slide
Meghalaya,East Khasi Hills,25.354644,91.973237,Debris,Slide
Meghalaya,East Khasi Hills,25.35525,91.767889,Debris,Slide
Meghalaya,East Khasi Hills,25.358977,91.973477,Debris,Slide
Meghalaya,East Khasi Hills,25.359306,91.885111,Rock,Slide
Meghalaya,East Khasi Hills,25.359331,91.974469,Debris,Slide
Meghalaya,East Khasi Hills,25.359611,91.889417,Rock,Slide
Meghalaya,East Khasi Hills,25.359922,91.882943,Rock,Slide
Meghalaya,East Khasi Hills,25.359923,91.883122,Rock,Slide
Meghalaya,East Khasi Hills,25.359985,91.882639,Rock,Slide
Meghalaya,East Khasi Hills,25.360004,91.8838,Rock,Slide
Meghalaya,East Khasi Hills,25.360132,91.882043,Rock,Slide
Meghalaya,East Khasi Hills,25.360351,91.974979,Debris,Slide
Meghalaya,East Khasi Hills,25.362972,91.976278,Debris,Slide
Meghalaya,East Khasi Hills,25.364889,91.881,Rock,Slide
Meghalaya,East Khasi Hills,25.36925,91.879611,Rock,Slide
Meghalaya,East Khasi Hills,25.372139,91.879889,Rock,Slide
Meghalaya,East Khasi Hills,25.375917,91.876,Debris,Slide
Meghalaya,East Khasi Hills,25.376083,91.876944,Rock,Slide
Meghalaya,East Khasi Hills,25.3763,91.874028,Rock,Slide
Meghalaya,East Khasi Hills,25.381107,91.756477,Rock,Slide
Meghalaya,East Khasi Hills,25.382428,91.874568,Rock,Slide
Meghalaya,East Khasi Hills,25.382563,91.757675,Debris,Slide
Meghalaya,East Khasi Hills,25.382694,91.877528,Rock,Slide
Meghalaya,East Khasi Hills,25.382898,91.757906,Debris,Slide
Meghalaya,East Khasi Hills,25.383298,91.87473,Rock,Slide
Meghalaya,East Khasi Hills,25.385535,91.988473,Debris,Slide
Meghalaya,East Khasi Hills,25.386191,91.874586,Rock,Slide
Meghalaya,East Khasi Hills,25.386583,91.874694,Rock,Slide
Meghalaya,East Khasi Hills,25.38707,91.988294,Debris,Slide
Meghalaya,East Khasi Hills,25.387781,91.877117,Debris,Slide
Meghalaya,East Khasi Hills,25.387912,91.762233,Debris,Slide
Meghalaya,East Khasi Hills,25.388039,91.8773,Debris,Slide
Meghalaya,East Khasi Hills,25.389028,91.874917,Rock,Slide
Meghalaya,East Khasi Hills,25.390145,91.87196,Rock,Slide
Meghalaya,East Khasi Hills,25.390444,91.883806,Debris,Slide
Meghalaya,East Khasi Hills,25.390714,91.764766,Rock,Slide
Meghalaya,East Khasi Hills,25.391265,91.884164,Debris,Slide
Meghalaya,East Khasi Hills,25.391723,91.871851,Rock,Slide
Meghalaya,East Khasi Hills,25.391944,91.875028,Rock,Slide
Meghalaya,East Khasi Hills,25.393914,91.872066,Rock,Slide
Meghalaya,East Khasi Hills,25.394983,91.872484,Rock,Slide
Meghalaya,East Khasi Hills,25.397287,91.872324,Rock,Slide
Meghalaya,East Khasi Hills,25.397722,91.769417,Rock,Slide
Meghalaya,East Khasi Hills,25.398345,91.769704,Debris,Slide
Meghalaya,East Khasi Hills,25.39897,91.993367,Debris,Slide
Meghalaya,East Khasi Hills,25.407917,91.998889,Rock,Fall
Meghalaya,East Khasi Hills,25.408236,91.778704,Debris,Slide
Meghalaya,East Khasi Hills,25.413306,91.871139,Rock,Slide
Meghalaya,East Khasi Hills,25.415438,91.867487,Rock,Slide
Meghalaya,East Khasi Hills,25.422194,91.869222,Rock,Slide
Meghalaya,East Khasi Hills,25.423674,91.721317,Debris,Slide
Meghalaya,East Khasi Hills,25.423839,91.862729,Debris,Slide
Meghalaya,East Khasi Hills,25.425944,91.866,Rock,Slide
Meghalaya,East Khasi Hills,25.430167,91.866528,Rock,Slide
Meghalaya,East Khasi Hills,25.437036,91.857168,Debris,Slide
Meghalaya,East Khasi Hills,25.438495,91.862917,Rock,Slide
Meghalaya,East Khasi Hills,25.446933,91.742919,Rock,Slide
Meghalaya,East Khasi Hills,25.449349,91.817118,Debris,Slide
Meghalaya,East Khasi Hills,25.450628,91.817767,Debris,Slide
Meghalaya,East Khasi Hills,25.452164,91.819054,Debris,Slide
Meghalaya,East Khasi Hills,25.461894,91.830791,Debris,Slide
Meghalaya,East Khasi Hills,25.489833,92.069033,Rock,Slide
Meghalaya,East Khasi Hills,25.49137,91.821688,Debris,Slide
Meghalaya,East Khasi Hills,25.49151667,91.77329444,Rock,Rock fall
Meghalaya,East Khasi Hills,25.49736111,91.77902778,Debris,Slide
Meghalaya,East Khasi Hills,25.49833333,91.73361111,Debris,Slide
Meghalaya,East Khasi Hills,25.50368056,91.72342222,Rock,Slide
Meghalaya,East Khasi Hills,25.504083,91.723028,Debris,Slide
Meghalaya,East Khasi Hills,25.507586,91.708236,Debris,Slide
Meghalaya,East Khasi Hills,25.509233,91.703961,Debris,Slide
Meghalaya,East Khasi Hills,25.509358,91.719631,Debris,Slide
Meghalaya,East Khasi Hills,25.51046111,91.70312778,Debris,Slide
Meghalaya,East Khasi Hills,25.522768,91.892701,Earth,Slide
Meghalaya,East Khasi Hills,25.5275,91.918861,Debris,Fall
Meghalaya,East Khasi Hills,25.529056,91.923722,Debris,Slide
Meghalaya,East Khasi Hills,25.536972,91.973639,Rock,Fall
Meghalaya,East Khasi Hills,25.539611,92.001556,Rock,Slide
Meghalaya,East Khasi Hills,25.541611,92.0125,Debris,Slide
Meghalaya,East Khasi Hills,25.54231,92.1,Rock cum Debris,Slide
Meghalaya,East Khasi Hills,25.54261,92.10867,Debris,Slide
Meghalaya,East Khasi Hills,25.54264,92.10214,Rock,Slide
Meghalaya,East Khasi Hills,25.542694,92.096472,Rock,Slide
Meghalaya,East Khasi Hills,25.542744,91.662067,Rock,Slide
Meghalaya,East Khasi Hills,25.542806,92.096972,Rock,Slide
Meghalaya,East Khasi Hills,25.54328,92.10478,Rock,Fall
Meghalaya,East Khasi Hills,25.544506,92.102033,Rock,Slide
Meghalaya,East Khasi Hills,25.545083,92.103175,Rock,Slide
Meghalaya,East Khasi Hills,25.545139,92.104778,Debris,Slide
Meghalaya,East Khasi Hills,25.559778,92.226278,Debris,Slide
Meghalaya,East Khasi Hills,25.56667,91.90194,Debris,Slide
Meghalaya,East Khasi Hills,25.568837,91.833286,Rock,Slide
Meghalaya,East Khasi Hills,25.569278,92.2025,Debris,Slide
Meghalaya,East Khasi Hills,25.569333,92.202139,Debris,Slide
Meghalaya,East Khasi Hills,25.571256,91.825464,Rock,Slide
Meghalaya,East Khasi Hills,25.571299,91.833183,Debris,Slide
Meghalaya,East Khasi Hills,25.571555,91.826228,Debris,Slide
Meghalaya,East Khasi Hills,25.571747,91.827526,Debris,Slide
Meghalaya,East Khasi Hills,25.572312,91.828292,Debris,Slide
Meghalaya,East Khasi Hills,25.57255,91.828833,Debris,Slide
Meghalaya,East Khasi Hills,25.573653,91.831023,Debris,Slide
Meghalaya,East Khasi Hills,25.57395,92.058583,Debris,Slide
Meghalaya,East Khasi Hills,25.57428,91.831851,Debris,Slide
Meghalaya,East Khasi Hills,25.576203,92.057722,Debris,Slide
Meghalaya,East Khasi Hills,25.576806,92.242444,Debris,Slide
Meghalaya,East Khasi Hills,25.576847,91.753423,Debris,Slide
Meghalaya,East Khasi Hills,25.577212,91.75219,Debris,Slide
Meghalaya,East Khasi Hills,25.57822,91.86545,Debris,Slide
Meghalaya,East Khasi Hills,25.581829,91.765659,Rock,Slide
Meghalaya,East Khasi Hills,25.582167,92.058333,Debris,Slide
Meghalaya,East Khasi Hills,25.585875,91.777328,Rock,Fall
Meghalaya,East Khasi Hills,25.592972,92.055139,Debris,Slide
Meghalaya,East Khasi Hills,25.59578,91.917379,Earth,Subsidence
Meghalaya,East Khasi Hills,25.599096,91.859289,Earth,Slide
Meghalaya,East Khasi Hills,25.599762,91.860814,Debris,Slide
Meghalaya,East Khasi Hills,25.599815,91.860028,Debris,Slide
Meghalaya,East Khasi Hills,25.60339,91.856222,Rock,Slide
Meghalaya,East Khasi Hills,25.606193,91.856276,Rock,Slide
Meghalaya,East Khasi Hills,25.612528,91.870861,Earth,Slide
Meghalaya,East Khasi Hills,25.613583,91.871778,Earth,Slide
Meghalaya,East Khasi Hills,25.613917,91.868639,Earth,Slide
Meghalaya,East Khasi Hills,25.614112,91.869632,Earth,Slide
Meghalaya,East Khasi Hills,25.614537,91.87005,Earth,Slide
Meghalaya,East Khasi Hills,25.614657,91.870692,Earth,Slide
Meghalaya,East Khasi Hills,25.614664,91.870266,Earth,Slide
Meghalaya,East Khasi Hills,25.614807,91.871158,Earth,Slide
Meghalaya,East Khasi Hills,25.614912,91.871711,Earth,Slide
Meghalaya,East Khasi Hills,25.615134,91.872232,Debris,Slide
Meghalaya,East Khasi Hills,25.616596,91.876562,Earth,Slide
Meghalaya,East Khasi Hills,25.617787,91.872745,Debris,Slide
Meghalaya,East Khasi Hills,25.619861,91.875111,Debris,Slide
Meghalaya,East Khasi Hills,25.62,91.88272222,Soil,Slide
Meghalaya,East Khasi Hills,25.6251,91.9118,"Slope cut debris
(weathered
quartzite)",Slide
Meghalaya,East Khasi Hills,25.626417,91.887028,Debris,Slide
Meghalaya,East Khasi Hills,25.626794,91.829725,Rock,Slide
Meghalaya,East Khasi Hills,25.627946,91.876487,Debris,Slide
Meghalaya,East Khasi Hills,25.630652,91.87886,Debris,Slide
Meghalaya,East Khasi Hills,25.633896,91.891833,Debris,Slide
Meghalaya,East Khasi Hills,25.636913,91.843235,Debris,Slide
Meghalaya,East Khasi Hills,25.637026,91.844464,Debris,Slide
Meghalaya,East Khasi Hills,25.637189,91.93345,Debris,Slide
Meghalaya,East Khasi Hills,25.637274,91.844234,Debris,Slide
Meghalaya,East Khasi Hills,25.637365,91.932235,Debris,Slide
Meghalaya,East Khasi Hills,25.637779,91.932565,Debris,Slide
Meghalaya,East Khasi Hills,25.640264,91.848588,Rock,Slide
Meghalaya,East Khasi Hills,25.641194,91.890667,Debris,Slide
Meghalaya,East Khasi Hills,25.641388,91.854928,Rock,Slide
Meghalaya,East Khasi Hills,25.64213,91.851852,Debris,Slide
Meghalaya,East Khasi Hills,25.642198,91.851055,Debris,Slide
Meghalaya,East Khasi Hills,25.643591,91.890859,Debris,Slide
Meghalaya,East Khasi Hills,25.64366,91.899342,Rock,Slide
Meghalaya,East Khasi Hills,25.64575,92.071167,Debris,Slide
Meghalaya,East Khasi Hills,25.64906111,91.89733611,Rock,Slide
Meghalaya,East Khasi Hills,25.64908889,91.899,Debris,Slide
Meghalaya,East Khasi Hills,25.649222,91.899,Debris,Slide
Meghalaya,East Khasi Hills,25.65060556,91.89945278,Debris,Slide
Meghalaya,East Khasi Hills,25.653181,92.041194,Debris,Slide
Meghalaya,East Khasi Hills,25.654639,91.898222,Debris,Slide
Meghalaya,East Khasi Hills,25.656408,91.900528,Debris,Slide
Meghalaya,East Khasi Hills,25.668469,91.975083,Debris,Slide
Meghalaya,East Khasi Hills,25.674,92.157667,Earth,Slide
Meghalaya,East Khasi Hills,25.676,92.157917,Earth,Slide
Meghalaya,East Khasi Hills,25.695552,91.903777,Debris,Slide
Meghalaya,East Khasi Hills,25.696556,92.109694,Debris,Fall
Meghalaya,East Khasi Hills,25.704083,92.118833,Earth,Fall
Meghalaya,East Khasi Hills,25.708426,91.896406,Debris,Slide
Meghalaya,East Khasi Hills,25.711032,91.891803,Debris,Slide
Meghalaya,East Khasi Hills,25.746722,92.111139,Earth,Slide
Meghalaya,East Khasi Hills,25.746806,92.107806,Earth,Slide
Meghalaya,East Khasi Hills,25.747333,92.117333,Earth,Slide
Meghalaya,East Khasi Hills,25.747597,92.114167,Debris,Slide
Meghalaya,East Khasi Hills,25.5667327,91.9146185,Debris,Slide
Meghalaya,East Khasi Hills,25.640581,91.89212,Debris,Fall
Meghalaya,East Khasi Hills,25.465167,91.824944,Debris,Slide
Meghalaya,East Khasi Hills,25.422278,91.867694,Rock,Slide
Meghalaya,East Khasi Hills,25.43480556,91.85952778,Debris,Slide
Meghalaya,East Khasi Hills,25.48716667,91.81936111,Debris,Slide
Meghalaya,East Khasi Hills,25.456896,91.826145,Debris,Slide
Meghalaya,East Khasi Hills,25.369056,91.775046,Debris,Slide
Meghalaya,East Khasi Hills,25.366201,91.767213,Rock,Slide
Meghalaya,East Khasi Hills,25.355042,91.767525,Debris,Slide
Meghalaya,East Khasi Hills,25.340415,91.774142,Debris,Slide
Meghalaya,East Khasi Hills,25.57711111,91.88141667,Unknown,Unknown
Meghalaya,East Khasi Hills,25.56183333,91.86855556,Unknown,Unknown
Meghalaya,East Khasi Hills,25.57188889,91.90127778,Unknown,Unknown
Meghalaya,East Khasi Hills,25.56852778,91.89219444,Unknown,Unknown
Meghalaya,East Khasi Hills,25.97283333,91.86545,Unknown,Unknown
Meghalaya,East Khasi Hills,25.24416667,91.79397222,"Large boulder laden
debris (large boulder
approx. 4×5m resting
on very steep slope)",Slide
Meghalaya,East Khasi Hills,25.563,91.885,Debris,Slide
Meghalaya,East Khasi Hills,25.56663056,91.91370556,"Rock (with thin
overburden/debris)",Slide
Meghalaya,East Khasi Hills,25.281,91.57330556,Debris,Slide
Meghalaya,East Khasi Hills,25.27728056,91.57445,Rock,Slide
Meghalaya,East Khasi Hills,25.6489,91.8965,"Rock (with thin
overburden/debris)",Slide
Meghalaya,East Khasi Hills,25.64911111,91.899,Debris,Slide
Meghalaya,East Khasi Hills,25.23211111,91.37252778,Debris,Slide
Meghalaya,East Khasi Hills,25.22194444,91.38422222,Debris,Slide
Meghalaya,East Khasi Hills,25.2161,91.38912222,Rock,Slide
Meghalaya,East Khasi Hills,25.18766667,91.39816667,Rock,Slide
Meghalaya,East Khasi Hills,25.18688889,91.39855556,Debris,Slide
Meghalaya,East Khasi Hills,25.59875,91.86427778,Debris,Slide
Meghalaya,East Khasi Hills,25.56194444,91.88055556,Debris,Slide
Meghalaya,East Khasi Hills,25.54930833,91.91161389,Debris,Slide
Meghalaya,East Khasi Hills,25.54948611,91.91179722,Soil,Slide
Meghalaya,East Khasi Hills,25.54985278,91.91202778,Debris,Slide
Meghalaya,East Khasi Hills,25.58136111,91.88338889,Debris,Slide
Meghalaya,East Khasi Hills,25.44835,91.59150278,Debris,Slide
Meghalaya,East Khasi Hills,25.44743611,91.59103889,Debris,Slide
Meghalaya,East Khasi Hills,25.44716111,91.59067778,Debris,Slide
Meghalaya,East Khasi Hills,25.35861111,91.97208333,Debris,Slide
Meghalaya,East Khasi Hills,25.35908333,91.97433333,Debris,flow
Meghalaya,East Khasi Hills,25.39611111,91.99194444,Debris,Slide
Meghalaya,East Khasi Hills,25.365263,91.878497,Rock,Slide
Meghalaya,East Khasi Hills,25.62790278,91.88801944,Debris,Fall
Meghalaya,East Khasi Hills,25.630403,91.8899195,Debris,Subsidence
Meghalaya,East Khasi Hills,25.630858,91.887601,Debris,Slide
Meghalaya,East Khasi Hills,25.641242,91.894137,Debris,Fall
Meghalaya,East Khasi Hills,25.65057222,91.89351389,Debris,Fall
Meghalaya,East Khasi Hills,25.64887222,91.89692778,Debris,Slide
Meghalaya,East Khasi Hills,25.44693056,91.74096667,Debris,Topple/Fall
Meghalaya,East Khasi Hills,25.41384722,91.67856111,Debris,Slide
Meghalaya,East Khasi Hills,25.34508889,91.60050278,Debris,Slide
Meghalaya,East Khasi Hills,25.65308889,91.89803889,Debris,Slide
Meghalaya,East Khasi Hills,25.65341111,91.89819444,Debris,Slide
Meghalaya,East Khasi Hills,25.42315556,91.86329167,Debris,Slide
Meghalaya,East Khasi Hills,25.30127778,91.92198889,Debris,Slide
Meghalaya,East Khasi Hills,25.566518,91.914509,rock,fall
Meghalaya,Eastern-West Khasi Hill,25.55256111,91.61870278,Debris,Fall
Meghalaya,Eastern-West Khasi Hill,25.65443889,91.62390833,Debris,Fall
Meghalaya,Eastern-West Khasi Hill,25.65443889,91.63345833,Debris,Slide
Meghalaya,Eastern-West Khasi Hill,25.65977222,91.63440556,Debris,Fall
Meghalaya,Eastern-West Khasi Hill,25.49551944,91.49585278,Debris,Slide
Meghalaya,Eastern-West Khasi Hill,25.69150833,91.64160833,Debris,Slide
Meghalaya,Eastern-West Khasi Hill,25.69517778,91.64123611,Debris,Slide
Meghalaya,Eastern-West Khasi Hill,25.69688611,91.64176667,Debris,Slide
Meghalaya,Eastern-West Khasi Hill,25.70087778,91.642902,Debris,Slide
Meghalaya,Eastern-West Khasi Hill,25.69866667,91.64517222,Debris,Slide
Meghalaya,Eastern-West Khasi Hill,25.69683611,91.64485556,Debris,Slide
Meghalaya,Eastern-West Khasi Hill,25.69523333,91.64426944,Debris,Slide
Meghalaya,Eastern-West Khasi Hill,25.69463611,91.64577778,Debris,Slide
Meghalaya,Eastern-West Khasi Hill,25.68698889,91.64812222,Rock,Slide
Meghalaya,Eastern-West Khasi Hill,25.68690556,91.64915278,Debris,Fall
Meghalaya,Eastern-West Khasi Hill,25.688833,91.653639,Earth,Slide
Meghalaya,Eastern-West Khasi Hill,25.68798889,91.65838889,Debris,Slide
Meghalaya,Eastern-West Khasi Hill,25.68805,91.66653,Debris,Slide
Meghalaya,Eastern-West Khasi Hill,25.68822222,91.66746111,Debris,Slide
Meghalaya,Eastern-West Khasi Hill,25.69007,91.67085,Debris,Slide
Meghalaya,Eastern-West Khasi Hill,25.733262,91.675754,Debris,Slide
Meghalaya,Eastern-West Khasi Hill,25.762051,91.658959,Debris,Slide
Meghalaya,Eastern-West Khasi Hill,25.770935,91.656497,Debris,Slide
Meghalaya,Eastern-West Khasi Hill,25.791616,91.658242,Debris,Slide
Meghalaya,Eastern-West Khasi Hill,25.803984,91.659801,Debris,Slide
Meghalaya,Eastern-West Khasi Hill,25.700668,91.596815,Debris,Slide
Meghalaya,Eastern-West Khasi Hill,25.739454,91.572107,Debris,Slide
Meghalaya,Jaintia Hills,25.08586,92.35869,Rock,Slide
Meghalaya,Jaintia Hills,25.12186,92.388583,Unknown,Flow
Meghalaya,Jaintia Hills,25.134194,92.383528,Rock cum Debris,Slide
Meghalaya,Jaintia Hills,25.42142,92.28894,Debris,Slide
Meghalaya,Jaintia Hills,25.43561,91.862056,Debris,Slide
Meghalaya,Jaintia Hills,25.44889,92.19417,Rock cum Debris,Slide
Meghalaya,Jaintia Hills,25.53458,92.11539,Debris,Slide
Meghalaya,Jaintia Hills,25.54261,92.09842,Debris,Slide
Meghalaya,Jaintia Hills,25.13561111,92.3805,Unknown,Unknown
Meghalaya,Jaintia Hills,25.13486111,92.382,Unknown,Unknown
Meghalaya,Jaintia Hills,25.12383333,92.38519444,Unknown,Unknown
Meghalaya,Jaintia Hills,25.07533333,92.36341667,Unknown,Unknown
Meghalaya,Jaintia Hills,25.05108333,92.40219444,Unknown,Unknown
Meghalaya,Jaintia Hills,25.04305556,92.42041667,Unknown,Unknown
Meghalaya,Jaintia Hills,25.04222222,92.44127778,Unknown,Unknown
Meghalaya,Jaintia Hills,25.26361111,92.38557778,Unknown,Unknown
Meghalaya,Jaintia Hills,25.26005556,92.38863889,Unknown,Unknown
Meghalaya,Jaintia Hills,25.14702778,92.37883333,Unknown,Unknown
Meghalaya,Jaintia Hills,25.14341667,92.37805556,Unknown,Unknown
Meghalaya,Jaintia Hills,25.13427778,92.38511111,Unknown,Unknown
Meghalaya,Jaintia Hills,25.09022222,92.35805556,Unknown,Unknown
Meghalaya,Jaintia Hills,25.09055556,92.35972222,Unknown,Unknown
Meghalaya,Jaintia Hills,25.08772222,92.36086111,Unknown,Unknown
Meghalaya,Ri-Bhoi,25.663444,91.915944,Debris,Slide
Meghalaya,Ri-Bhoi,25.75634,92.017832,Rock,Slide
Meghalaya,Ri-Bhoi,25.759278,91.882861,Earth,Slide
Meghalaya,Ri-Bhoi,25.760611,91.88225,Earth,Slide
Meghalaya,Ri-Bhoi,25.776087,92.03754,Debris,Slide
Meghalaya,Ri-Bhoi,25.787,91.876583,Earth,Slide
Meghalaya,Ri-Bhoi,25.796657,92.143462,Earth,Slide
Meghalaya,Ri-Bhoi,25.84,91.47,Earth,Slide
Meghalaya,Ri-Bhoi,25.852222,91.881361,Earth,Slide
Meghalaya,Ri-Bhoi,25.853111,91.881583,Debris,Slide
Meghalaya,Ri-Bhoi,25.86575,92.153286,Earth,Slide
Meghalaya,Ri-Bhoi,25.865894,91.880278,Earth,Slide
Meghalaya,Ri-Bhoi,25.874293,92.018322,Debris,Slide
Meghalaya,Ri-Bhoi,25.895583,91.599333,Debris,Slide
Meghalaya,Ri-Bhoi,25.913997,91.578903,Debris,Slide
Meghalaya,Ri-Bhoi,25.9235,91.574222,Debris,Slide
Meghalaya,Ri-Bhoi,25.92792,91.87717,Debris,Slide
Meghalaya,Ri-Bhoi,25.927972,91.877194,Earth,Slide
Meghalaya,Ri-Bhoi,25.930386,91.571822,Earth,Slide
Meghalaya,Ri-Bhoi,25.934889,91.714389,Earth,Slide
Meghalaya,Ri-Bhoi,25.935708,91.714556,Earth,Slide
Meghalaya,Ri-Bhoi,25.935833,91.56525,Earth,Slide
Meghalaya,Ri-Bhoi,25.935908,91.564903,Earth,Slide
Meghalaya,Ri-Bhoi,25.936583,91.563917,Debris,Slide
Meghalaya,Ri-Bhoi,25.937,91.87553,Debris,Slide
Meghalaya,Ri-Bhoi,25.940439,91.563069,Earth,Slide
Meghalaya,Ri-Bhoi,25.940978,91.724644,Earth,Slide
Meghalaya,Ri-Bhoi,25.945225,91.560703,Earth,Slide
Meghalaya,Ri-Bhoi,25.945619,91.548883,Earth,Slide
Meghalaya,Ri-Bhoi,25.951106,91.968889,Earth,Slide
Meghalaya,Ri-Bhoi,25.9545,91.546622,Debris,Slide
Meghalaya,Ri-Bhoi,25.954889,91.858667,Debris,Slide
Meghalaya,Ri-Bhoi,25.956333,91.85725,Earth,Slide
Meghalaya,Ri-Bhoi,25.956781,91.852883,Earth,Slide
Meghalaya,Ri-Bhoi,25.95847,91.85406,Debris,Slide
Meghalaya,Ri-Bhoi,25.958886,91.851242,Earth,Slide
Meghalaya,Ri-Bhoi,25.96,91.857,Earth,Slide
Meghalaya,Ri-Bhoi,25.970032,92.056762,Earth,Slide
Meghalaya,Ri-Bhoi,25.970062,92.054889,Earth,Slide
Meghalaya,Ri-Bhoi,25.971897,91.562372,Earth,Slide
Meghalaya,Ri-Bhoi,25.972322,91.561125,Earth,Slide
Meghalaya,Ri-Bhoi,25.972469,91.560822,Earth,Slide
Meghalaya,Ri-Bhoi,25.97256,91.86242,Debris,Slide
Meghalaya,Ri-Bhoi,25.972964,91.858336,Debris,Slide
Meghalaya,Ri-Bhoi,25.978481,91.569575,Earth,Slide
Meghalaya,Ri-Bhoi,25.978803,91.860278,Earth,Slide
Meghalaya,Ri-Bhoi,25.979244,91.860578,Earth,Slide
Meghalaya,Ri-Bhoi,25.982436,92.057405,Debris,Slide
Meghalaya,Ri-Bhoi,25.994619,91.577214,Earth,Slide
Meghalaya,Ri-Bhoi,25.997033,91.86235,Earth,Slide
Meghalaya,Ri-Bhoi,25.998847,91.863883,Earth,Slide
Meghalaya,Ri-Bhoi,26.00294,91.86692,Debris,Slide
Meghalaya,Ri-Bhoi,26.007083,91.909806,Earth,Slide
Meghalaya,Ri-Bhoi,26.01061,91.86886,Debris,Slide
Meghalaya,Ri-Bhoi,26.011861,91.569611,Rock cum Debris,Slide
Meghalaya,Ri-Bhoi,26.022094,91.832906,Debris,Slide
Meghalaya,Ri-Bhoi,26.02547,91.87158,Earth,Slide
Meghalaya,Ri-Bhoi,26.027028,91.88175,Earth,Slide
Meghalaya,Ri-Bhoi,26.027583,91.886556,Debris,Slide
Meghalaya,Ri-Bhoi,26.02897,91.87197,Earth,Slide
Meghalaya,Ri-Bhoi,26.032028,91.989528,Debris,Slide
Meghalaya,Ri-Bhoi,26.033583,91.867083,Earth,Slide
Meghalaya,Ri-Bhoi,26.0591,92.236,Rock cum debris,Slide
Meghalaya,Ri-Bhoi,26.061,92.241,Rock cum debris,Slide
Meghalaya,Ri-Bhoi,26.075944,91.820806,Debris,Slide
Meghalaya,Ri-Bhoi,26.08125,91.798278,Debris,Slide
Meghalaya,Ri-Bhoi,26.086389,91.879083,Earth,Slide
Meghalaya,Ri-Bhoi,26.086975,91.7831,Rock cum Debris,Slide
Meghalaya,Ri-Bhoi,25.809088,91.875238,Earth,Slide
Meghalaya,Ri-Bhoi,25.781246,91.874475,Earth,Slide
Meghalaya,Ri-Bhoi,25.95608333,91.86413889,"Variably thick in-situ
soil over the
weathered bedrock
of
granite.",Slide
Meghalaya,Ri-Bhoi,26.00361111,92.86361111,Unknown,Unknown
Meghalaya,Ri-Bhoi,25.97255556,91.86241667,"Debris with
embedded rock
boulders (a variably
thick column of the
in-situ sandy soil and
thin cover of slope
wash resting over
the weathered
bedrock)",Slide
Meghalaya,Ri-Bhoi,25.67469444,91.88652778,Earth,slide
Meghalaya,Ri-Bhoi,26.02611111,91.86827778,Debris,Slide
Meghalaya,Ri-Bhoi,25.66315,91.90180278,Debris,Fall
Meghalaya,Ri-Bhoi,25.67032222,91.90487222,Debris,Slide
Meghalaya,Ri-Bhoi,25.67517222,91.8983,Debris,Fall
Meghalaya,Ri-Bhoi,25.67546111,91.89726944,Rock,Topple/Fall
Meghalaya,Ri-Bhoi,25.67761389,91.89865833,Debris,Slide
Meghalaya,Ri-Bhoi,25.68255833,91.90111389,Debris,Slide
Meghalaya,Ri-Bhoi,25.68591944,91.90256667,Debris,Slide
Meghalaya,Ri-Bhoi,25.71165556,91.89512778,Debris,Slide
Meghalaya,Ri-Bhoi,25.75297778,91.88535278,Debris,Fall/Topple
Meghalaya,Ri-Bhoi,25.79744444,91.87408611,Debris,Slide
Meghalaya,Ri-Bhoi,25.80725833,91.87509444,Debris,Slide
Meghalaya,South Garo Hills,25.36103333,91.64700833,Debris,Slide
Meghalaya,South Garo Hills,25.21273889,90.63216111,Debris,Slide
Meghalaya,South Garo Hills,25.21022222,90.63220278,Debris,Slide
Meghalaya,South Garo Hills,25.45939722,90.70860278,Debris,Slide
Meghalaya,South Garo Hills,25.45903056,90.70813333,Debris,Slide
Meghalaya,South Garo hills,25.23908,90.63944,Debris,Slide
Meghalaya,South Garo hills,25.39466,90.69083,Debris,Slide
Meghalaya,South Garo hills,25.39766,90.70111,Debris,Slide
Meghalaya,South Garo hills,25.39799,90.69972,Debris,Slide
Meghalaya,South Garo hills,25.40121,90.71722,Debris,Slide
Meghalaya,South Garo hills,25.403061,90.724166,Debris,Slide
Meghalaya,South Garo hills,25.47542,90.698611,Debris,Slide
Meghalaya,South Garo hills,25.48586,90.7005,Debris,Slide
Meghalaya,South Garo hills,25.565569,90.808153,Soil,Slide
Meghalaya,South West Garo Hills,25.567423,89.979711,Debris,Unknown
Meghalaya,South West Khasi Hills,25.191366,91.040468,Rock,Slide
Meghalaya,South West Khasi Hills,25.197881,91.139559,Rock,Slide
Meghalaya,South West Khasi Hills,25.206763,91.231417,Rock,Slide
Meghalaya,South West Khasi Hills,25.211269,91.208223,Rock,Slide
Meghalaya,South West Khasi Hills,25.220764,91.187,Rock,Slide
Meghalaya,South West Khasi Hills,25.221572,91.185833,Debris,Slide
Meghalaya,South West Khasi Hills,25.239068,91.174728,Debris,Slide
Meghalaya,South West Khasi Hills,25.251211,91.454514,Debris,Slide
Meghalaya,South West Khasi Hills,25.266939,91.383208,Debris,Slide
Meghalaya,South West Khasi Hills,25.278028,91.348931,Rock,Slide
Meghalaya,South West Khasi Hills,25.289055,91.533039,Rock,Slide
Meghalaya,South West Khasi Hills,25.299369,91.325575,Debris,Slide
Meghalaya,South West Khasi Hills,25.31458,91.45242,Rock,Creep
Meghalaya,South West Khasi Hills,25.374072,90.8146,Soil,Slide
Meghalaya,South West Khasi Hills,25.416456,90.802981,Debris,Slide
Meghalaya,South West Khasi Hills,25.440153,90.881372,Debris,Slide
Meghalaya,South West Khasi Hills,25.519556,91.266444,Debris,Slide
Meghalaya,South West Khasi Hills,25.525533,91.467683,Debris,Slide
Meghalaya,South West Khasi Hills,25.549961,91.341175,Debris,Slide
Meghalaya,South West Khasi Hills,25.55125,91.297056,Rock,Slide
Meghalaya,South West Khasi Hills,25.560028,90.833917,Soil,Slide
Meghalaya,South West Khasi Hills,25.615092,91.309872,Debris,Slide
Meghalaya,South West Khasi Hills,25.29967,91.46108,Debris,Slide
Meghalaya,South West Khasi Hills,25.29667,91.45986,Debris,Slide
Meghalaya,South West Khasi Hills,25.2975,91.46167,Debris,Slide
Meghalaya,South West Khasi Hills,25.29739,91.46201,Debris,Slide
Meghalaya,South West Khasi Hills,25.29778,91.45972,Debris,Slide
Meghalaya,South West Khasi Hills,25.39295833,91.55163333,Debris,Slide
Meghalaya,South West Khasi Hills,25.37129167,91.48003056,Debris,Fall
Meghalaya,South West Khasi Hills,25.40288611,91.43424167,Debris,Fall
Meghalaya,South West Khasi Hills,25.619397,91.61704,Debris,Slide
Meghalaya,South West Khasi Hills,25.28247222,91.36413333,Debris,Slide
Meghalaya,South West Khasi Hills,25.28090556,91.36584722,Debris,Slide
Meghalaya,West Garo Hills,25.25419,90.21486,Debris,Slide
Meghalaya,West Garo Hills,25.5,90.21,Debris,Slide
Meghalaya,West Garo Hills,25.5,90.22,Debris,Slide
Meghalaya,West Garo Hills,25.51,90.21,Rock,Slide
Meghalaya,West Garo Hills,25.51028,90.21678,Unknown,Unknown
Meghalaya,West Garo Hills,25.53,89.98,Debris,Slide
Meghalaya,West Garo Hills,25.55,90.33,Debris,Slide
Meghalaya,West Garo Hills,25.56,90.34,Earth,Slide
Meghalaya,West Garo Hills,25.56,90.37,Debris,Slide
Meghalaya,West Garo Hills,25.57,89.98,Debris,Slide
Meghalaya,West Garo Hills,25.58,89.99,Earth,Slide
Meghalaya,West Garo Hills,25.6,90.03,Debris,Slide
Meghalaya,West Garo Hills,25.6,90.29,Debris,Slide
Meghalaya,West Garo Hills,25.61,90.29,Debris,Slide
Meghalaya,West Garo Hills,25.61,90.3,Debris,Slide
Meghalaya,West Garo Hills,25.61,90.31,Debris,Slide
Meghalaya,West Garo Hills,25.62,90.33,Debris,Slide
Meghalaya,West Garo Hills,25.63,90.33,Debris,Slide
Meghalaya,West Garo Hills,25.65,90.38,Debris,Slide
Meghalaya,West Garo Hills,25.67,90.18,Earth,Slide
Meghalaya,West Garo Hills,25.79,90.44,Debris,Slide
Meghalaya,West Garo Hills,25.38163333,90.06033889,Debris,Slide
Meghalaya,West Jaintia Hills,25.143375,92.141861,Debris,Slide
Meghalaya,West Jaintia Hills,25.147942,92.181586,Debris,Slide
Meghalaya,West Jaintia Hills,25.148019,92.178114,Debris,Slide
Meghalaya,West Jaintia Hills,25.148083,92.180639,Debris,Slide
Meghalaya,West Jaintia Hills,25.148158,92.177172,Debris,Slide
Meghalaya,West Jaintia Hills,25.148303,92.176236,Debris,Slide
Meghalaya,West Jaintia Hills,25.148747,92.175119,Debris,Slide
Meghalaya,West Jaintia Hills,25.150286,92.213508,Debris,Slide
Meghalaya,West Jaintia Hills,25.151189,92.191308,Debris,Slide
Meghalaya,West Jaintia Hills,25.152367,92.195708,Debris,Slide
Meghalaya,West Jaintia Hills,25.153272,92.206058,Debris,Slide
Meghalaya,West Jaintia Hills,25.156419,92.141353,Debris,Slide
Meghalaya,West Jaintia Hills,25.156542,92.198469,Debris,Slide
Meghalaya,West Jaintia Hills,25.156889,92.198194,Debris,Slide
Meghalaya,West Jaintia Hills,25.159367,92.202078,Debris,Slide
Meghalaya,West Jaintia Hills,25.188444,92.074139,Debris,Slide
Meghalaya,West Jaintia Hills,25.189106,92.079564,Debris,Slide
Meghalaya,West Jaintia Hills,25.191611,92.155361,Debris,Slide
Meghalaya,West Jaintia Hills,25.197283,92.1991,Debris,Slide
Meghalaya,West Jaintia Hills,25.197283,92.2225,Debris,Slide
Meghalaya,West Jaintia Hills,25.200333,92.200472,Debris,Slide
Meghalaya,West Jaintia Hills,25.202886,92.201147,Debris,Slide
Meghalaya,West Jaintia Hills,25.206972,92.208028,Debris,Slide
Meghalaya,West Jaintia Hills,25.211722,92.065389,Debris,Slide
Meghalaya,West Jaintia Hills,25.211814,92.065517,Debris,Slide
Meghalaya,West Jaintia Hills,25.21225,92.047306,Debris,Slide
Meghalaya,West Jaintia Hills,25.214153,92.045428,Debris,Slide
Meghalaya,West Jaintia Hills,25.214944,92.073917,Debris,Slide
Meghalaya,West Jaintia Hills,25.215028,92.075167,Debris,Slide
Meghalaya,West Jaintia Hills,25.215583,92.077639,Debris,Slide
Meghalaya,West Jaintia Hills,25.215611,92.077361,Debris,Slide
Meghalaya,West Jaintia Hills,25.226806,92.090611,Debris,Slide
Meghalaya,West Jaintia Hills,25.228472,92.187806,Debris,Slide
Meghalaya,West Jaintia Hills,25.229167,92.2235,Debris,Slide
Meghalaya,West Jaintia Hills,25.229972,92.223278,Debris,Slide
Meghalaya,West Jaintia Hills,25.230047,92.221119,Rock,Slide
Meghalaya,West Jaintia Hills,25.231383,92.2215,Debris,Slide
Meghalaya,West Jaintia Hills,25.232417,92.178881,Debris,Slide
Meghalaya,West Jaintia Hills,25.233583,92.209583,Debris,Slide
Meghalaya,West Jaintia Hills,25.234922,92.095531,Debris,Slide
Meghalaya,West Jaintia Hills,25.236428,92.096172,Debris,Slide
Meghalaya,West Jaintia Hills,25.237361,92.096992,Debris,Slide
Meghalaya,West Jaintia Hills,25.247014,92.096144,Debris,Slide
Meghalaya,West Jaintia Hills,25.262931,92.203628,Rock,Slide
Meghalaya,West Jaintia Hills,25.263806,92.203,Rock,Slide
Meghalaya,West Jaintia Hills,25.265158,92.202239,Rock,Slide
Meghalaya,West Jaintia Hills,25.266067,92.204897,Debris,Slide
Meghalaya,West Jaintia Hills,25.266222,92.202528,Debris,Slide
Meghalaya,West Jaintia Hills,25.312667,92.130417,Debris,Slide
Meghalaya,West Jaintia Hills,25.341306,92.009611,Rock,Slide
Meghalaya,West Jaintia Hills,25.343028,92.0625,Rock,Slide
Meghalaya,West Jaintia Hills,25.343528,92.069028,Rock,Slide
Meghalaya,West Jaintia Hills,25.346111,92.00675,Rock,Slide
Meghalaya,West Jaintia Hills,25.346972,92.008278,Rock,Slide
Meghalaya,West Jaintia Hills,25.347353,92.010558,Rock,Slide
Meghalaya,West Jaintia Hills,25.347444,92.007917,Rock,Slide
Meghalaya,West Jaintia Hills,25.356361,92.004972,Rock,Slide
Meghalaya,West Jaintia Hills,25.356461,92.006278,Rock,Slide
Meghalaya,West Jaintia Hills,25.358972,92.003131,Rock,Slide
Meghalaya,West Jaintia Hills,25.400194,92.015731,Rock,Slide
Meghalaya,West Jaintia Hills,25.426194,92.180472,Rock,Slide
Meghalaya,West Jaintia Hills,25.426306,92.181278,Debris,Slide
Meghalaya,West Jaintia Hills,25.430111,92.182167,Rock,Slide
Meghalaya,West Jaintia Hills,25.434972,92.18425,Debris,Slide
Meghalaya,West Jaintia Hills,25.435167,92.185006,Debris,Slide
Meghalaya,West Jaintia Hills,25.439833,92.181333,Debris,Slide
Meghalaya,West Jaintia Hills,25.439889,92.181083,Debris,Slide
Meghalaya,West Jaintia Hills,25.450464,92.095806,Debris,Slide
Meghalaya,West Jaintia Hills,25.463778,92.04425,Debris,Slide
Meghalaya,West Jaintia Hills,25.490472,92.069472,Debris,Slide
Meghalaya,West Jaintia Hills,25.490475,92.069278,Rock,Slide
Meghalaya,West Jaintia Hills,25.490961,92.070397,Debris,Slide
Meghalaya,West Jaintia Hills,25.571,92.55128,Debris,Slide
Meghalaya,West Jaintia Hills,25.47704743,92.16831285,Debris,Slide
Meghalaya,West Jaintia Hills,25.46307925,92.25426106,Soil,Slide
Meghalaya,West Jaintia Hills,25.28422636,92.11294194,Debris,Slide
Meghalaya,West Jaintia Hills,25.2842285,92.11314877,Rock,Slide
Meghalaya,West Jaintia Hills,25.44233333,92.19447222,Debris,Slide
Meghalaya,West Jaintia Hills,25.44177778,92.19558333,Debris,Slide
Meghalaya,West Jaintia Hills,25.44138889,92.19108333,Debris,Flow
Meghalaya,West Jaintia Hills,25.43630556,92.19525,Soil,Slide
Meghalaya,West Jaintia Hills,25.43505556,92.19836111,Debris,Slide
Meghalaya,West Jaintia Hills,25.44741667,92.20138889,Soil,Slide
Meghalaya,West Jaintia Hills,25.45075,92.19452778,Debris,Slide
Meghalaya,West Jaintia Hills,25.45351667,92.18784722,Soil,Slide
Meghalaya,West Jaintia Hills,25.41955556,92.16194444,Earth,Slide
Meghalaya,West Jaintia hills,25.527489,92.415139,Rock,Slide
Meghalaya,West Jaintia hills,25.529408,92.455339,Soil,Fall
Meghalaya,West Jaintia hills,25.551667,92.331806,Rock,Slide
Meghalaya,West Jaintia hills,25.561281,92.330142,Debris,Slide
Meghalaya,West Jaintia hills,25.578206,92.266856,Soil,Slide
Meghalaya,West Jaintia hills,25.611931,92.452931,Debris,Slide
Meghalaya,West Khasi Hills,25.201,91.234,Debris,Fall
Meghalaya,West Khasi Hills,25.20283,91.20908,Debris,Fall
Meghalaya,West Khasi Hills,25.288467,91.224269,Debris,Slide
Meghalaya,West Khasi Hills,25.295881,91.071747,Debris,Slide
Meghalaya,West Khasi Hills,25.305047,91.075778,Debris,Slide
Meghalaya,West Khasi Hills,25.311336,90.969222,Debris,Slide
Meghalaya,West Khasi Hills,25.31488,91.44913,Rock cum Debris,Slide
Meghalaya,West Khasi Hills,25.31488,91.33367,Debris,Slide
Meghalaya,West Khasi Hills,25.31848,91.45262,Debris,Fall
Meghalaya,West Khasi Hills,25.356475,91.225489,Debris,Slide
Meghalaya,West Khasi Hills,25.357472,91.229167,Debris,Slide
Meghalaya,West Khasi Hills,25.359281,91.035939,Debris,Slide
Meghalaya,West Khasi Hills,25.361056,91.034889,Debris,Slide
Meghalaya,West Khasi Hills,25.376992,91.038136,Debris,Slide
Meghalaya,West Khasi Hills,25.38803,91.46977,Debris,Slide
Meghalaya,West Khasi Hills,25.40023,91.5159,Debris,Slide
Meghalaya,West Khasi Hills,25.4013,91.45855,Debris,Slide
Meghalaya,West Khasi Hills,25.40547,91.53712,Rock cum Debris,Slide
Meghalaya,West Khasi Hills,25.425,91.405,Debris,Slide
Meghalaya,West Khasi Hills,25.436306,91.050361,Debris,Slide
Meghalaya,West Khasi Hills,25.436706,91.051053,Debris,Slide
Meghalaya,West Khasi Hills,25.436875,91.06105,Debris,Slide
Meghalaya,West Khasi Hills,25.44465,91.34622,Debris,Slide
Meghalaya,West Khasi Hills,25.455639,91.082944,Debris,Slide
Meghalaya,West Khasi Hills,25.455817,91.086289,Debris,Slide
Meghalaya,West Khasi Hills,25.462319,91.096836,Debris,Slide
Meghalaya,West Khasi Hills,25.479069,90.807167,Debris,Slide
Meghalaya,West Khasi Hills,25.496081,91.117675,Debris,Slide
Meghalaya,West Khasi Hills,25.496367,91.163575,Debris,Slide
Meghalaya,West Khasi Hills,25.496861,91.198556,Debris,Slide
Meghalaya,West Khasi Hills,25.50335,91.28335,Rock,Slide
Meghalaya,West Khasi Hills,25.50667,91.28318,Debris,Slide
Meghalaya,West Khasi Hills,25.507378,91.223883,Debris,Slide
Meghalaya,West Khasi Hills,25.507528,91.224333,Soil,Slide
Meghalaya,West Khasi Hills,25.508,91.225694,Soil,Slide
Meghalaya,West Khasi Hills,25.51973,91.28443,Debris,Fall
Meghalaya,West Khasi Hills,25.520356,91.537764,Debris,Slide
Meghalaya,West Khasi Hills,25.5208,91.25985,Rock cum Debris,Slide
Meghalaya,West Khasi Hills,25.522717,91.448328,Debris,Slide
Meghalaya,West Khasi Hills,25.523,91.521389,Debris,Slide
Meghalaya,West Khasi Hills,25.523083,91.268972,Soil,Flow
Meghalaya,West Khasi Hills,25.524931,91.514383,Debris,Slide
Meghalaya,West Khasi Hills,25.527781,91.263214,Debris,Slide
Meghalaya,West Khasi Hills,25.528308,91.395711,Debris,Slide
Meghalaya,West Khasi Hills,25.533183,91.205647,Debris,Slide
Meghalaya,West Khasi Hills,25.534486,91.205492,Soil,Slide
Meghalaya,West Khasi Hills,25.535628,91.679575,Earth,Slide
Meghalaya,West Khasi Hills,25.536889,91.206556,Debris,Slide
Meghalaya,West Khasi Hills,25.53725,91.206972,Soil,Slide
Meghalaya,West Khasi Hills,25.537344,91.207542,Debris,Slide
Meghalaya,West Khasi Hills,25.537636,91.208528,Debris,Slide
Meghalaya,West Khasi Hills,25.537972,91.602361,Debris,Slide
Meghalaya,West Khasi Hills,25.544028,91.215472,Debris,Slide
Meghalaya,West Khasi Hills,25.544889,91.263722,Debris,Slide
Meghalaya,West Khasi Hills,25.544906,91.268575,Debris,Slide
Meghalaya,West Khasi Hills,25.544917,91.270722,Debris,Slide
Meghalaya,West Khasi Hills,25.544936,91.267672,Rock,Slide
Meghalaya,West Khasi Hills,25.545061,91.269778,Debris,Slide
Meghalaya,West Khasi Hills,25.545206,91.276144,Debris,Slide
Meghalaya,West Khasi Hills,25.545642,91.325403,Debris,Slide
Meghalaya,West Khasi Hills,25.545722,91.520556,Debris,Slide
Meghalaya,West Khasi Hills,25.545939,91.284283,Debris,Slide
Meghalaya,West Khasi Hills,25.546456,91.235733,Soil,Slide
Meghalaya,West Khasi Hills,25.546553,91.235222,Debris,Slide
Meghalaya,West Khasi Hills,25.547867,91.292589,Debris,Slide
Meghalaya,West Khasi Hills,25.548089,91.647706,Debris,Slide
Meghalaya,West Khasi Hills,25.548306,91.61775,Rock,Slide
Meghalaya,West Khasi Hills,25.549139,91.244417,Debris,Slide
Meghalaya,West Khasi Hills,25.549333,91.246583,Debris,Slide
Meghalaya,West Khasi Hills,25.549639,91.247472,Rock,Slide
Meghalaya,West Khasi Hills,25.549667,91.242444,Debris,Slide
Meghalaya,West Khasi Hills,25.549789,91.645033,Debris,Slide
Meghalaya,West Khasi Hills,25.549861,91.295706,Debris,Slide
Meghalaya,West Khasi Hills,25.550122,91.250286,Debris,Slide
Meghalaya,West Khasi Hills,25.5502,91.618106,Earth,Slide
Meghalaya,West Khasi Hills,25.550608,91.232894,Debris,Slide
Meghalaya,West Khasi Hills,25.551225,91.232636,Debris,Slide
Meghalaya,West Khasi Hills,25.551667,91.2325,Debris,Slide
Meghalaya,West Khasi Hills,25.552647,91.237072,Debris,Slide
Meghalaya,West Khasi Hills,25.552992,90.814503,Debris,Slide
Meghalaya,West Khasi Hills,25.553522,90.815225,Soil,Flow
Meghalaya,West Khasi Hills,25.553794,91.231139,Debris,Slide
Meghalaya,West Khasi Hills,25.555256,91.234944,Rock,Slide
Meghalaya,West Khasi Hills,25.558442,91.228547,Debris,Slide
Meghalaya,West Khasi Hills,25.558489,91.230911,Debris,Slide
Meghalaya,West Khasi Hills,25.559222,91.229639,Debris,Slide
Meghalaya,West Khasi Hills,25.560667,91.228028,Debris,Slide
Meghalaya,West Khasi Hills,25.560931,91.227694,Debris,Slide
Meghalaya,West Khasi Hills,25.563239,91.225711,Debris,Slide
Meghalaya,West Khasi Hills,25.565333,91.225667,Debris,Slide
Meghalaya,West Khasi Hills,25.565489,91.220686,Debris,Slide
Meghalaya,West Khasi Hills,25.568056,91.737944,Rock,Slide
Meghalaya,West Khasi Hills,25.568106,91.737919,Debris,Slide
Meghalaya,West Khasi Hills,25.569222,91.217222,Debris,Slide
Meghalaya,West Khasi Hills,25.569778,91.21575,Debris,Slide
Meghalaya,West Khasi Hills,25.570361,91.215056,Debris,Slide
Meghalaya,West Khasi Hills,25.572492,91.209156,Debris,Slide
Meghalaya,West Khasi Hills,25.57425,91.214472,Debris,Slide
Meghalaya,West Khasi Hills,25.580703,91.237361,Debris,Slide
Meghalaya,West Khasi Hills,25.581572,91.181611,Debris,Slide
Meghalaya,West Khasi Hills,25.581822,91.189944,Debris,Slide
Meghalaya,West Khasi Hills,25.581983,91.176972,Debris,Slide
Meghalaya,West Khasi Hills,25.582061,91.185611,Debris,Slide
Meghalaya,West Khasi Hills,25.582836,91.183972,Debris,Slide
Meghalaya,West Khasi Hills,25.583236,91.237317,Debris,Slide
Meghalaya,West Khasi Hills,25.585389,91.1765,Debris,Slide
Meghalaya,West Khasi Hills,25.587111,91.498556,Debris,Slide
Meghalaya,West Khasi Hills,25.597614,91.153233,Debris,Slide
Meghalaya,West Khasi Hills,25.598908,91.175628,Debris,Slide
Meghalaya,West Khasi Hills,25.599575,91.1782,Soil,Slide
Meghalaya,West Khasi Hills,25.599817,91.176394,Debris,Slide
Meghalaya,West Khasi Hills,25.600736,91.177453,Debris,Slide
Meghalaya,West Khasi Hills,25.602683,91.180708,Debris,Slide
Meghalaya,West Khasi Hills,25.606189,91.157706,Debris,Slide
Meghalaya,West Khasi Hills,25.606969,91.176158,Debris,Slide
Meghalaya,West Khasi Hills,25.607458,91.157039,Debris,Slide
Meghalaya,West Khasi Hills,25.607567,91.174906,Debris,Slide
Meghalaya,West Khasi Hills,25.611361,91.022019,Debris,Slide
Meghalaya,West Khasi Hills,25.612794,91.173697,Debris,Slide
Meghalaya,West Khasi Hills,25.618994,91.185681,Debris,Slide
Meghalaya,West Khasi Hills,25.619625,91.616567,Earth,Slide
Meghalaya,West Khasi Hills,25.620361,91.617083,Earth,Slide
Meghalaya,West Khasi Hills,25.624778,91.16775,Debris,Slide
Meghalaya,West Khasi Hills,25.625142,90.791675,Soil,Slide
Meghalaya,West Khasi Hills,25.625331,91.182614,Debris,Slide
Meghalaya,West Khasi Hills,25.626767,91.165211,Debris,Slide
Meghalaya,West Khasi Hills,25.628361,91.037139,Debris,Slide
Meghalaya,West Khasi Hills,25.628758,91.164169,Debris,Slide
Meghalaya,West Khasi Hills,25.629003,91.037664,Debris,Slide
Meghalaya,West Khasi Hills,25.629683,91.163172,Debris,Slide
Meghalaya,West Khasi Hills,25.632286,91.162786,Debris,Slide
Meghalaya,West Khasi Hills,25.636747,91.162711,Rock,Slide
Meghalaya,West Khasi Hills,25.639417,91.044806,Debris,Slide
Meghalaya,West Khasi Hills,25.643494,91.159222,Debris,Slide
Meghalaya,West Khasi Hills,25.644222,91.158528,Debris,Slide
Meghalaya,West Khasi Hills,25.644833,91.134778,Debris,Slide
Meghalaya,West Khasi Hills,25.644944,91.158153,Debris,Slide
Meghalaya,West Khasi Hills,25.6466,91.157592,Debris,Slide
Meghalaya,West Khasi Hills,25.647514,91.055144,Soil,Slide
Meghalaya,West Khasi Hills,25.649856,91.154383,Debris,Slide
Meghalaya,West Khasi Hills,25.657083,91.147397,Soil,Slide
Meghalaya,West Khasi Hills,25.65835,91.177014,Debris,Slide
Meghalaya,West Khasi Hills,25.660275,91.144308,Soil,Slide
Meghalaya,West Khasi Hills,25.660333,91.635083,Earth,Slide
Meghalaya,West Khasi Hills,25.660539,91.635431,Earth,Slide
Meghalaya,West Khasi Hills,25.660825,91.143689,Soil,Slide
Meghalaya,West Khasi Hills,25.663303,91.1347,Debris,Slide
Meghalaya,West Khasi Hills,25.664111,91.089556,Debris,Slide
Meghalaya,West Khasi Hills,25.6655,91.090556,Debris,Slide
Meghalaya,West Khasi Hills,25.666028,91.091167,Debris,Slide
Meghalaya,West Khasi Hills,25.66675,91.121472,Debris,Slide
Meghalaya,West Khasi Hills,25.667072,91.091972,Debris,Slide
Meghalaya,West Khasi Hills,25.667417,91.092333,Debris,Slide
Meghalaya,West Khasi Hills,25.667472,91.066778,Debris,Slide
Meghalaya,West Khasi Hills,25.667597,91.063169,Debris,Slide
Meghalaya,West Khasi Hills,25.667744,91.597819,Debris,Slide
Meghalaya,West Khasi Hills,25.668317,91.114858,Debris,Slide
Meghalaya,West Khasi Hills,25.669678,91.102908,Debris,Slide
Meghalaya,West Khasi Hills,25.66975,91.100222,Debris,Slide
Meghalaya,West Khasi Hills,25.670083,91.094806,Debris,Slide
Meghalaya,West Khasi Hills,25.670639,91.09525,Debris,Slide
Meghalaya,West Khasi Hills,25.671125,91.178883,Soil,Slide
Meghalaya,West Khasi Hills,25.6715,91.095233,Debris,Slide
Meghalaya,West Khasi Hills,25.671583,91.040889,Soil,Slide
Meghalaya,West Khasi Hills,25.671944,91.096139,Debris,Slide
Meghalaya,West Khasi Hills,25.672167,91.066028,Debris,Slide
Meghalaya,West Khasi Hills,25.672917,91.06475,Debris,Slide
Meghalaya,West Khasi Hills,25.678306,91.07975,Debris,Slide
Meghalaya,West Khasi Hills,25.68625,91.118358,Debris,Fall
Meghalaya,West Khasi Hills,25.687056,91.6485,Debris,Slide
Meghalaya,West Khasi Hills,25.687083,91.650858,Debris,Slide
Meghalaya,West Khasi Hills,25.687314,91.655378,Debris,Slide
Meghalaya,West Khasi Hills,25.687431,91.648322,Debris,Slide
Meghalaya,West Khasi Hills,25.687442,91.656183,Debris,Slide
Meghalaya,West Khasi Hills,25.687856,91.647944,Debris,Slide
Meghalaya,West Khasi Hills,25.688011,91.658069,Debris,Slide
Meghalaya,West Khasi Hills,25.690833,91.056556,Debris,Slide
Meghalaya,West Khasi Hills,25.691444,91.057,Debris,Slide
Meghalaya,West Khasi Hills,25.691453,91.645731,Debris,Slide
Meghalaya,West Khasi Hills,25.692933,91.647703,Debris,Slide
Meghalaya,West Khasi Hills,25.692947,91.648044,Debris,Slide
Meghalaya,West Khasi Hills,25.693222,91.0555,Soil,Slide
Meghalaya,West Khasi Hills,25.69483,91.11836,Debris,Slide
Meghalaya,West Khasi Hills,25.696489,91.644528,Debris,Slide
Meghalaya,West Khasi Hills,25.698111,91.18275,Soil,Slide
Meghalaya,West Khasi Hills,25.6985,91.056611,Debris,Slide
Meghalaya,West Khasi Hills,25.698667,91.054778,Soil,Slide
Meghalaya,West Khasi Hills,25.699306,91.055556,Soil,Slide
Meghalaya,West Khasi Hills,25.6999,91.642192,Debris,Slide
Meghalaya,West Khasi Hills,25.700053,91.644486,Debris,Slide
Meghalaya,West Khasi Hills,25.763347,91.657153,Rock,Slide
Meghalaya,West Khasi Hills,25.79,91.02,Debris,Slide
Meghalaya,West Khasi Hills,25.795444,91.662111,Earth,Slide
Meghalaya,West Khasi Hills,25.8,91.11,Earth,Slide
Meghalaya,West Khasi Hills,25.8,91.01,Debris,Slide
Meghalaya,West Khasi Hills,25.81,91.02,Earth,Slide
Meghalaya,West Khasi Hills,25.83,91.14,Earth,Subsidence
Meghalaya,West Khasi Hills,25.83,91.05,Debris,Slide
Meghalaya,West Khasi Hills,25.85,91.17,Earth,Slide
Meghalaya,West Khasi Hills,25.67341667,91.06625,Debris,Slide
Meghalaya,West Khasi Hills,25.36497222,91.02411111,Unknown,Unknown
Meghalaya,West Khasi Hills,25.53086111,91.29780556,Unknown,Unknown
Meghalaya,West Khasi Hills,25.52901389,91.26188611,Debris,Slide
Meghalaya,West Khasi Hills,25.531739,91.296177,Debris,Slide
Meghalaya,West Khasi Hills,25.540056,91.314142,Debris,Fall
Meghalaya,West Khasi Hills,25.62269444,91.16914444,Debris,Slide
Meghalaya,West Khasi Hills,25.61276111,91.17375278,Debris,Slide
Meghalaya,West Khasi Hills,25.66156667,91.13485278,Debris,Slide
Meghalaya,West Khasi Hills,25.531698,91.295995,Debris,slide
Mizoram,Aizawl,23.333984,92.781878,Debris,Slide
Mizoram,Aizawl,23.349857,92.780208,Rock,Slide
Mizoram,Aizawl,23.351772,92.781701,Rock,Slide
Mizoram,Aizawl,23.353803,92.794306,Debris,Slide
Mizoram,Aizawl,23.393332,92.758148,Rock,Slide
Mizoram,Aizawl,23.397126,92.757203,Rock,Slide
Mizoram,Aizawl,23.40178,92.750005,Rock,Slide
Mizoram,Aizawl,23.403402,92.750288,Rock,Slide
Mizoram,Aizawl,23.406389,92.75325,Debris,Slide
Mizoram,Aizawl,23.409674,92.750935,Rock,Slide
Mizoram,Aizawl,23.411146,92.752193,Debris,Slide
Mizoram,Aizawl,23.412046,92.750099,Rock,Slide
Mizoram,Aizawl,23.412879,92.75401,Rock,Slide
Mizoram,Aizawl,23.413501,92.725781,Debris,Slide
Mizoram,Aizawl,23.415165,92.722199,Rock,Slide
Mizoram,Aizawl,23.417482,92.770557,Rock,Slide
Mizoram,Aizawl,23.421903,92.715601,Rock,Slide
Mizoram,Aizawl,23.423348,92.715571,Debris,Slide
Mizoram,Aizawl,23.425424,92.716106,Debris,Slide
Mizoram,Aizawl,23.427681,92.714959,Debris,Slide
Mizoram,Aizawl,23.439894,92.702301,Debris,Slide
Mizoram,Aizawl,23.440648,92.703726,Rock,Slide
Mizoram,Aizawl,23.442296,92.695903,Debris,Slide
Mizoram,Aizawl,23.460697,92.747293,Rock,Slide
Mizoram,Aizawl,23.463981,92.736875,Rock,Slide
Mizoram,Aizawl,23.464206,92.737583,Rock,Slide
Mizoram,Aizawl,23.467262,92.740634,Rock,Fall
Mizoram,Aizawl,23.470109,92.740615,Rock,Slide
Mizoram,Aizawl,23.470198,92.693264,Rock,Slide
Mizoram,Aizawl,23.470794,92.741413,Rock,Slide
Mizoram,Aizawl,23.470964,92.692902,Rock,Slide
Mizoram,Aizawl,23.476702,92.705854,Rock,Slide
Mizoram,Aizawl,23.491004,92.696873,Rock,Slide
Mizoram,Aizawl,23.491497,92.705503,Rock,Slide
Mizoram,Aizawl,23.498881,92.703251,Rock,Slide
Mizoram,Aizawl,23.49901,92.702759,Rock,Slide
Mizoram,Aizawl,23.499418,92.905021,Debris,Slide
Mizoram,Aizawl,23.50994,92.76861,Rock,Slide
Mizoram,Aizawl,23.535189,92.846042,Debris,Slide
Mizoram,Aizawl,23.566631,92.876781,Debris,Slide
Mizoram,Aizawl,23.604611,92.726417,Debris,Slide
Mizoram,Aizawl,23.607347,92.879114,Debris,Slide
Mizoram,Aizawl,23.608306,92.850583,Earth,Slide
Mizoram,Aizawl,23.610611,92.977722,Rock,Slide
Mizoram,Aizawl,23.613722,92.851889,Earth,Flow
Mizoram,Aizawl,23.626194,92.962111,Rock,Slide
Mizoram,Aizawl,23.639484,93.032189,Debris,Slide
Mizoram,Aizawl,23.6445,92.990194,Debris,Slide
Mizoram,Aizawl,23.650925,93.030704,Debris,Slide
Mizoram,Aizawl,23.652972,92.6985,Debris,Slide
Mizoram,Aizawl,23.653812,93.029927,Debris,Slide
Mizoram,Aizawl,23.654361,92.932389,Rock,Slide
Mizoram,Aizawl,23.654556,92.965056,Debris,Slide
Mizoram,Aizawl,23.65475,92.690083,Rock,Slide
Mizoram,Aizawl,23.655417,92.957167,Debris,Slide
Mizoram,Aizawl,23.656556,92.964611,Rock,Slide
Mizoram,Aizawl,23.657,93.028012,Rock,Slide
Mizoram,Aizawl,23.657278,92.704583,Debris,Slide
Mizoram,Aizawl,23.657444,92.963889,Rock,Slide
Mizoram,Aizawl,23.658861,92.963722,Debris,Slide
Mizoram,Aizawl,23.658944,92.964056,Rock,Slide
Mizoram,Aizawl,23.663354,93.023297,Rock,Slide
Mizoram,Aizawl,23.665806,92.969556,Rock,Slide
Mizoram,Aizawl,23.665806,92.892639,Rock,Slide
Mizoram,Aizawl,23.666361,92.975972,Debris,Slide
Mizoram,Aizawl,23.666722,92.890889,Debris,Slide
Mizoram,Aizawl,23.667306,92.978028,Rock,Slide
Mizoram,Aizawl,23.667361,92.978,Rock,Slide
Mizoram,Aizawl,23.669056,92.888889,Rock,Slide
Mizoram,Aizawl,23.66958,93.02425,Rock,Slide
Mizoram,Aizawl,23.670389,92.964417,Rock,Slide
Mizoram,Aizawl,23.670556,92.728528,Rock,Slide
Mizoram,Aizawl,23.671,92.888333,Debris,Slide
Mizoram,Aizawl,23.675142,93.023551,Debris,Slide
Mizoram,Aizawl,23.68054,93.020091,Debris,Slide
Mizoram,Aizawl,23.680931,92.859617,Debris,Slide
Mizoram,Aizawl,23.681206,93.019927,Debris,Slide
Mizoram,Aizawl,23.681531,92.718606,Rock,Slide
Mizoram,Aizawl,23.682158,92.858383,Debris,Slide
Mizoram,Aizawl,23.685795,93.019874,Rock,Slide
Mizoram,Aizawl,23.687833,92.722444,Rock,Slide
Mizoram,Aizawl,23.693667,92.719056,Rock,Slide
Mizoram,Aizawl,23.695444,92.861667,Debris,Slide
Mizoram,Aizawl,23.695528,92.884167,Rock,Slide
Mizoram,Aizawl,23.697056,92.877944,Debris,Slide
Mizoram,Aizawl,23.699472,92.716167,Rock,Slide
Mizoram,Aizawl,23.6995,92.71617,Rock cum Debris,Slide
Mizoram,Aizawl,23.699611,92.874917,Debris,Slide
Mizoram,Aizawl,23.700556,92.715972,Rock,Slide
Mizoram,Aizawl,23.700889,92.878361,Debris,Slide
Mizoram,Aizawl,23.70166667,92.71944444,Rock,Slide
Mizoram,Aizawl,23.702056,92.993222,Rock,Slide
Mizoram,Aizawl,23.70272,92.71631,Rock,Slide
Mizoram,Aizawl,23.704333,92.7145,Rock,Slide
Mizoram,Aizawl,23.704861,92.98575,Rock,Slide
Mizoram,Aizawl,23.705117,92.877669,Debris,Slide
Mizoram,Aizawl,23.705262,93.008904,Rock,Slide
Mizoram,Aizawl,23.706667,92.714694,Rock,Slide
Mizoram,Aizawl,23.708217,92.761489,Debris,Slide
Mizoram,Aizawl,23.71,92.692528,Debris,Slide
Mizoram,Aizawl,23.710194,92.741167,Debris,Slide
Mizoram,Aizawl,23.71125,92.660167,Debris,Slide
Mizoram,Aizawl,23.711722,92.858394,Debris,Slide
Mizoram,Aizawl,23.712694,92.66025,Debris,Slide
Mizoram,Aizawl,23.713131,92.798942,Debris,Slide
Mizoram,Aizawl,23.714694,92.728694,Debris,Slide
Mizoram,Aizawl,23.714703,92.873933,Rock,Slide
Mizoram,Aizawl,23.715278,92.697611,Debris,Slide
Mizoram,Aizawl,23.716025,92.854306,Rock,Slide
Mizoram,Aizawl,23.716111,92.712611,Rock,Slide
Mizoram,Aizawl,23.716125,92.866156,Rock,Fall
Mizoram,Aizawl,23.716278,92.727694,Debris,Slide
Mizoram,Aizawl,23.716333,92.688639,Debris,Slide
Mizoram,Aizawl,23.716556,92.699056,Debris,Slide
Mizoram,Aizawl,23.717028,92.692389,Rock,Slide
Mizoram,Aizawl,23.717111,92.713972,Rock,Slide
Mizoram,Aizawl,23.717222,92.694833,Rock,Slide
Mizoram,Aizawl,23.719306,92.869058,Rock,Fall
Mizoram,Aizawl,23.719389,92.675083,Debris,Slide
Mizoram,Aizawl,23.719472,92.676444,Debris,Slide
Mizoram,Aizawl,23.7195,92.675528,Debris,Slide
Mizoram,Aizawl,23.719694,92.868053,Debris,Slide
Mizoram,Aizawl,23.719972,92.697694,Rock,Slide
Mizoram,Aizawl,23.720417,92.695667,Rock,Slide
Mizoram,Aizawl,23.720611,92.692722,Rock,Slide
Mizoram,Aizawl,23.720833,92.978,Debris,Slide
Mizoram,Aizawl,23.721167,92.675056,Debris,Slide
Mizoram,Aizawl,23.722,92.721222,Earth,Subsidence
Mizoram,Aizawl,23.722111,92.681472,Debris,Slide
Mizoram,Aizawl,23.722222,92.682278,Debris,Slide
Mizoram,Aizawl,23.727472,92.85265,Rock,Fall
Mizoram,Aizawl,23.727639,92.703083,Rock,Slide
Mizoram,Aizawl,23.727694,92.736,Debris,Slide
Mizoram,Aizawl,23.730867,92.755639,Rock,Slide
Mizoram,Aizawl,23.732867,92.825842,Debris,Slide
Mizoram,Aizawl,23.732894,92.753033,Debris,Slide
Mizoram,Aizawl,23.733083,92.675611,Debris,Slide
Mizoram,Aizawl,23.7335,92.674472,Rock,Slide
Mizoram,Aizawl,23.73436,92.75194,Rock,Slide
Mizoram,Aizawl,23.735,92.695111,Rock,Slide
Mizoram,Aizawl,23.735028,92.696028,Rock,Slide
Mizoram,Aizawl,23.735086,92.829525,Rock,Slide
Mizoram,Aizawl,23.736778,92.694528,Rock,Slide
Mizoram,Aizawl,23.737083,92.703889,Rock,Slide
Mizoram,Aizawl,23.739306,92.743111,Debris,Slide
Mizoram,Aizawl,23.739417,92.699917,Rock,Slide
Mizoram,Aizawl,23.740028,92.709861,Rock,Slide
Mizoram,Aizawl,23.740306,92.965389,Debris,Slide
Mizoram,Aizawl,23.740417,92.795083,Rock,Slide
Mizoram,Aizawl,23.741389,92.739528,Debris,Slide
Mizoram,Aizawl,23.741806,92.72525,Debris,Subsidence
Mizoram,Aizawl,23.742861,92.725389,Rock,Slide
Mizoram,Aizawl,23.743694,92.679028,Rock,Slide
Mizoram,Aizawl,23.74372,92.72417,Rock cum Debris,Slide
Mizoram,Aizawl,23.744028,92.698861,Rock,Slide
Mizoram,Aizawl,23.744167,92.730472,Rock,Slide
Mizoram,Aizawl,23.74425,92.968472,Debris,Slide
Mizoram,Aizawl,23.744303,92.720114,Rock,Slide
Mizoram,Aizawl,23.744972,92.702889,Rock,Slide
Mizoram,Aizawl,23.745083,92.6955,Debris,Slide
Mizoram,Aizawl,23.745444,92.749556,Rock,Slide
Mizoram,Aizawl,23.745639,92.694361,Rock,Slide
Mizoram,Aizawl,23.746722,92.695972,Debris,Slide
Mizoram,Aizawl,23.747444,92.696194,Rock,Slide
Mizoram,Aizawl,23.749722,92.693781,Rock,Slide
Mizoram,Aizawl,23.750454,92.69524,Rock,Slide
Mizoram,Aizawl,23.750676,92.679635,Debris,Slide
Mizoram,Aizawl,23.750722,92.744,Debris,Slide
Mizoram,Aizawl,23.751694,92.731528,Debris,Slide
Mizoram,Aizawl,23.753417,92.687556,Rock,Slide
Mizoram,Aizawl,23.754359,92.690207,Debris,Slide
Mizoram,Aizawl,23.754475,92.722754,Debris,Slide
Mizoram,Aizawl,23.754493,92.690145,Rock,Slide
Mizoram,Aizawl,23.760222,92.848167,Rock,Fall
Mizoram,Aizawl,23.762482,92.742799,Rock,Slide
Mizoram,Aizawl,23.771587,92.732129,Debris,Slide
Mizoram,Aizawl,23.777472,93.009163,Rock,Slide
Mizoram,Aizawl,23.777805,93.00489,Debris,Slide
Mizoram,Aizawl,23.779444,93.023918,Debris,Slide
Mizoram,Aizawl,23.78,92.84,Debris,Slide
Mizoram,Aizawl,23.784222,92.841972,Earth,Flow
Mizoram,Aizawl,23.785444,93.024612,Soil,Slide
Mizoram,Aizawl,23.787414,92.725278,Debris,Slide
Mizoram,Aizawl,23.788032,92.729443,Debris,Slide
Mizoram,Aizawl,23.7885,93.024666,Rock,Slide
Mizoram,Aizawl,23.788722,92.837833,Debris,Slide
Mizoram,Aizawl,23.789749,93.035667,Rock,Slide
Mizoram,Aizawl,23.790132,92.672097,Rock,Slide
Mizoram,Aizawl,23.791511,92.730515,Debris,Slide
Mizoram,Aizawl,23.792555,93.029892,Rock,Slide
Mizoram,Aizawl,23.794195,93.025055,Debris,Slide
Mizoram,Aizawl,23.795444,93.04039,Rock,Slide
Mizoram,Aizawl,23.797361,93.040916,Debris,Slide
Mizoram,Aizawl,23.798861,92.642417,Earth,Slide
Mizoram,Aizawl,23.801624,92.960437,Rock,Slide
Mizoram,Aizawl,23.804193,93.035248,Rock,Slide
Mizoram,Aizawl,23.805779,93.027115,Rock,Slide
Mizoram,Aizawl,23.808111,93.041779,Rock,Slide
Mizoram,Aizawl,23.810083,92.833861,Debris,Slide
Mizoram,Aizawl,23.811722,92.959917,Debris,Slide
Mizoram,Aizawl,23.812139,92.954167,Rock,Slide
Mizoram,Aizawl,23.812167,92.835194,Earth,Slide
Mizoram,Aizawl,23.816,92.84,Debris,Slide
Mizoram,Aizawl,23.816611,92.662306,Debris,Slide
Mizoram,Aizawl,23.817333,92.661222,Earth,Slide
Mizoram,Aizawl,23.819269,92.826983,Debris,Slide
Mizoram,Aizawl,23.822054,92.826453,Debris,Slide
Mizoram,Aizawl,23.822086,92.826497,Rock,Fall
Mizoram,Aizawl,23.823222,92.674861,Debris,Slide
Mizoram,Aizawl,23.82325,92.925222,Rock,Slide
Mizoram,Aizawl,23.824586,92.825019,Rock,Fall
Mizoram,Aizawl,23.825205,92.830469,Debris,Slide
Mizoram,Aizawl,23.835361,93.052414,Rock,Slide
Mizoram,Aizawl,23.83675,92.916556,Debris,Slide
Mizoram,Aizawl,23.839417,92.910972,Debris,Slide
Mizoram,Aizawl,23.840334,93.071945,Rock,Slide
Mizoram,Aizawl,23.841713,92.911476,Rock,Slide
Mizoram,Aizawl,23.844109,92.928779,Debris,Slide
Mizoram,Aizawl,23.844139,92.933,Rock,Slide
Mizoram,Aizawl,23.844165,92.930006,Rock,Fall
Mizoram,Aizawl,23.844444,93.051361,Rock,Slide
Mizoram,Aizawl,23.847224,92.927508,Debris,Slide
Mizoram,Aizawl,23.847246,92.927341,Debris,Slide
Mizoram,Aizawl,23.848,93.041885,Debris,Slide
Mizoram,Aizawl,23.848083,93.076691,Soil,Slide
Mizoram,Aizawl,23.848917,93.135307,Rock,Slide
Mizoram,Aizawl,23.849497,92.928202,Debris,Flow
Mizoram,Aizawl,23.85,93.048164,Rock,Slide
Mizoram,Aizawl,23.85075,93.115608,Rock,Slide
Mizoram,Aizawl,23.850861,92.743083,Rock,Slide
Mizoram,Aizawl,23.851361,92.742222,Earth,Slide
Mizoram,Aizawl,23.852722,92.743306,Rock,Fall
Mizoram,Aizawl,23.852861,93.059998,Rock,Slide
Mizoram,Aizawl,23.853333,93.12458,Soil,Slide
Mizoram,Aizawl,23.855028,93.041695,Debris,Slide
Mizoram,Aizawl,23.855092,92.666553,Debris,Slide
Mizoram,Aizawl,23.856821,92.833784,Debris,Flow
Mizoram,Aizawl,23.856861,92.743028,Debris,Slide
Mizoram,Aizawl,23.856972,93.046112,Debris,Subsidence
Mizoram,Aizawl,23.859417,92.917333,Debris,Slide
Mizoram,Aizawl,23.860102,92.834056,Debris,Slide
Mizoram,Aizawl,23.865694,92.932639,Rock,Slide
Mizoram,Aizawl,23.868917,92.735472,Rock,Fall
Mizoram,Aizawl,23.869861,92.877444,Debris,Slide
Mizoram,Aizawl,23.870583,93.095444,Rock,Slide
Mizoram,Aizawl,23.87075,93.078529,Debris,Slide
Mizoram,Aizawl,23.871694,92.919955,Debris,Slide
Mizoram,Aizawl,23.872055,93.094276,Rock,Slide
Mizoram,Aizawl,23.872722,92.874083,Rock,Slide
Mizoram,Aizawl,23.88,92.69,Rock,Fall
Mizoram,Aizawl,23.882055,93.041222,Debris,Slide
Mizoram,Aizawl,23.882583,92.877639,Debris,Slide
Mizoram,Aizawl,23.88319,92.869,Debris,Slide
Mizoram,Aizawl,23.883306,92.861917,Debris,Flow
Mizoram,Aizawl,23.88375,92.866778,Debris,Slide
Mizoram,Aizawl,23.883944,92.880528,Debris,Slide
Mizoram,Aizawl,23.885639,92.857861,Debris,Slide
Mizoram,Aizawl,23.887251,93.095612,Debris,Slide
Mizoram,Aizawl,23.887333,92.851111,Debris,Flow
Mizoram,Aizawl,23.888081,93.026642,Debris,Slide
Mizoram,Aizawl,23.888945,93.033974,Rock,Slide
Mizoram,Aizawl,23.889306,92.736528,Rock,Slide
Mizoram,Aizawl,23.891722,92.84925,Debris,Slide
Mizoram,Aizawl,23.894444,93.019279,Debris,Slide
Mizoram,Aizawl,23.8985,92.64739,Rock cum Debris,Slide
Mizoram,Aizawl,23.899305,93.015587,Rock,Slide
Mizoram,Aizawl,23.900694,93.015587,Debris,Slide
Mizoram,Aizawl,23.902111,92.922556,Debris,Slide
Mizoram,Aizawl,23.907555,93.015114,Debris,Slide
Mizoram,Aizawl,23.909111,93.02375,Rock,Slide
Mizoram,Aizawl,23.913445,93.023941,Debris,Slide
Mizoram,Aizawl,23.915778,92.742417,Rock,Slide
Mizoram,Aizawl,23.918389,92.923472,Debris,Slide
Mizoram,Aizawl,23.918461,92.741531,Rock,Slide
Mizoram,Aizawl,23.918694,92.740389,Debris,Slide
Mizoram,Aizawl,23.922639,92.736528,Debris,Slide
Mizoram,Aizawl,23.92294,92.65703,Debris,Slide
Mizoram,Aizawl,23.923047,92.656696,Debris,Slide
Mizoram,Aizawl,23.92425,92.925222,Debris,Slide
Mizoram,Aizawl,23.924278,92.744806,Rock,Slide
Mizoram,Aizawl,23.927389,93.02803,Debris,Slide
Mizoram,Aizawl,23.929083,92.922778,Rock,Slide
Mizoram,Aizawl,23.933904,92.673871,Rock,Slide
Mizoram,Aizawl,23.934222,92.730611,Debris,Slide
Mizoram,Aizawl,23.934417,92.667222,Rock,Slide
Mizoram,Aizawl,23.936333,93.118858,Debris,Slide
Mizoram,Aizawl,23.938028,93.121277,Rock,Slide
Mizoram,Aizawl,23.9395,92.927889,Debris,Slide
Mizoram,Aizawl,23.940106,92.680592,Debris,Slide
Mizoram,Aizawl,23.940333,92.680833,Rock,Slide
Mizoram,Aizawl,23.943241,92.933604,Debris,Slide
Mizoram,Aizawl,23.94325,92.933611,Debris,Slide
Mizoram,Aizawl,23.948917,93.038719,Rock,Slide
Mizoram,Aizawl,23.950195,93.125061,Rock,Slide
Mizoram,Aizawl,23.950417,93.037109,Debris,Slide
Mizoram,Aizawl,23.956528,93.041084,Rock,Slide
Mizoram,Aizawl,23.957556,93.026558,Debris,Slide
Mizoram,Aizawl,23.958944,93.022781,Debris,Slide
Mizoram,Aizawl,23.959278,93.020859,Debris,Slide
Mizoram,Aizawl,23.959278,93.123558,Debris,Slide
Mizoram,Aizawl,23.95942,92.943345,Debris,Slide
Mizoram,Aizawl,23.961,93.028969,Debris,Slide
Mizoram,Aizawl,23.962278,93.035309,Debris,Slide
Mizoram,Aizawl,23.965889,92.682278,Rock,Fall
Mizoram,Aizawl,23.966249,93.041115,Rock,Slide
Mizoram,Aizawl,23.966917,93.041473,Debris,Flow
Mizoram,Aizawl,23.969223,93.016335,Rock,Slide
Mizoram,Aizawl,23.970444,92.927167,Debris,Slide
Mizoram,Aizawl,23.972027,93.014893,Rock,Slide
Mizoram,Aizawl,23.982639,93.011055,Debris,Slide
Mizoram,Aizawl,23.983694,93.044418,Soil,Slide
Mizoram,Aizawl,23.984972,92.772028,Debris,Slide
Mizoram,Aizawl,23.990028,93.010582,Debris,Slide
Mizoram,Aizawl,23.992805,93.043251,Rock,Slide
Mizoram,Aizawl,23.993778,93.004524,Debris,Slide
Mizoram,Aizawl,24.001167,93.037613,Debris,Slide
Mizoram,Aizawl,24.004186,92.904111,Earth,Slide
Mizoram,Aizawl,24.004313,92.904068,Earth,Slide
Mizoram,Aizawl,24.00977,92.767346,Earth,Slide
Mizoram,Aizawl,24.010279,92.767056,Rock,Slide
Mizoram,Aizawl,24.012472,93.047249,Debris,Slide
Mizoram,Aizawl,24.013044,92.920237,Debris,Slide
Mizoram,Aizawl,24.014332,92.924018,Debris,Slide
Mizoram,Aizawl,24.015858,92.797666,Earth,Slide
Mizoram,Aizawl,24.019306,93.181274,Rock,Slide
Mizoram,Aizawl,24.022079,92.771729,Earth,Slide
Mizoram,Aizawl,24.022188,92.771891,Earth,Slide
Mizoram,Aizawl,24.022347,92.772075,Earth,Slide
Mizoram,Aizawl,24.022376,92.77308,Earth,Slide
Mizoram,Aizawl,24.024289,92.771361,Debris,Slide
Mizoram,Aizawl,24.024826,92.888859,Earth,Slide
Mizoram,Aizawl,24.025094,92.769158,Rock,Slide
Mizoram,Aizawl,24.025487,92.907485,Earth,Slide
Mizoram,Aizawl,24.025506,92.915628,Rock,Fall
Mizoram,Aizawl,24.025542,92.91546,Rock,Slide
Mizoram,Aizawl,24.025676,92.914807,Rock,Slide
Mizoram,Aizawl,24.026556,92.911915,Rock,Fall
Mizoram,Aizawl,24.028721,92.909301,Earth,Slide
Mizoram,Aizawl,24.030416,92.901491,Rock,Slide
Mizoram,Aizawl,24.030793,92.793313,Earth,Slide
Mizoram,Aizawl,24.036336,92.770846,Rock,Slide
Mizoram,Aizawl,24.036893,92.771278,Rock,Slide
Mizoram,Aizawl,24.037336,92.922455,Debris,Slide
Mizoram,Aizawl,24.037395,92.922461,Debris,Slide
Mizoram,Aizawl,24.037574,92.922489,Earth,Slide
Mizoram,Aizawl,24.038279,93.140945,Rock,Slide
Mizoram,Aizawl,24.039744,92.780045,Rock,Fall
Mizoram,Aizawl,24.040703,92.774277,Rock,Slide
Mizoram,Aizawl,24.040967,92.774357,Rock,Slide
Mizoram,Aizawl,24.040972,93.078697,Debris,Slide
Mizoram,Aizawl,24.043187,92.77542,Rock,Slide
Mizoram,Aizawl,24.043417,93.066307,Debris,Slide
Mizoram,Aizawl,24.043492,92.775423,Rock,Slide
Mizoram,Aizawl,24.045278,92.775169,Rock,Slide
Mizoram,Aizawl,24.046499,93.04422,Rock,Slide
Mizoram,Aizawl,24.047916,93.056946,Debris,Slide
Mizoram,Aizawl,24.048695,93.061638,Debris,Slide
Mizoram,Aizawl,24.050391,92.775525,Rock,Slide
Mizoram,Aizawl,24.053275,92.77647,Rock,Slide
Mizoram,Aizawl,24.056205,92.916817,Rock,Slide
Mizoram,Aizawl,24.061004,92.925342,Earth,Slide
Mizoram,Aizawl,24.062429,92.922576,Rock,Slide
Mizoram,Aizawl,24.066822,92.893593,Earth,Slide
Mizoram,Aizawl,24.067478,92.893471,Rock,Slide
Mizoram,Aizawl,24.067576,92.893076,Rock,Slide
Mizoram,Aizawl,24.069401,92.91857,Earth,Slide
Mizoram,Aizawl,24.069728,92.918457,Earth,Slide
Mizoram,Aizawl,24.069857,92.918457,Rock,Slide
Mizoram,Aizawl,24.070285,92.787738,Rock,Slide
Mizoram,Aizawl,24.07462,92.91518,Rock,Slide
Mizoram,Aizawl,24.076035,92.790672,Rock,Slide
Mizoram,Aizawl,24.077014,92.790809,Rock,Slide
Mizoram,Aizawl,24.078041,92.914114,Rock,Slide
Mizoram,Aizawl,24.07814,92.790905,Rock,Slide
Mizoram,Aizawl,24.078422,92.792189,Rock,Slide
Mizoram,Aizawl,24.080938,92.914167,Earth,Slide
Mizoram,Aizawl,24.081381,92.793089,Earth,Slide
Mizoram,Aizawl,24.091081,92.795582,Earth,Slide
Mizoram,Aizawl,24.09109,92.795724,Debris,Slide
Mizoram,Aizawl,24.09123,92.795928,Rock,Slide
Mizoram,Aizawl,24.091359,92.796008,Debris,Slide
Mizoram,Aizawl,24.091664,92.796134,Rock,Slide
Mizoram,Aizawl,24.09176,92.803968,Earth,Slide
Mizoram,Aizawl,24.094248,92.917745,Rock,Slide
Mizoram,Aizawl,24.097858,92.918738,Earth,Slide
Mizoram,Aizawl,24.099117,92.916676,Earth,Slide
Mizoram,Aizawl,24.100401,92.915441,Rock,Slide
Mizoram,Aizawl,24.102008,92.791628,Rock,Slide
Mizoram,Aizawl,24.10246,92.811355,Earth,Slide
Mizoram,Aizawl,24.125294,92.805847,Debris,Slide
Mizoram,Aizawl,24.125631,92.805948,Debris,Slide
Mizoram,Aizawl,24.125996,92.805874,Debris,Slide
Mizoram,Aizawl,24.146606,92.796528,Earth,Slide
Mizoram,Aizawl,24.162021,92.797605,Earth,Slide
Mizoram,Aizawl,24.175865,92.945618,Earth,Slide
Mizoram,Aizawl,24.182669,92.950748,Earth,Slide
Mizoram,Aizawl,24.182783,92.949911,Rock,Slide
Mizoram,Aizawl,24.183115,92.949989,Debris,Slide
Mizoram,Aizawl,24.183717,92.798909,Rock,Slide
Mizoram,Aizawl,24.184022,92.951257,Debris,Slide
Mizoram,Aizawl,24.188702,92.943036,Debris,Slide
Mizoram,Aizawl,24.190369,92.94432,Debris,Slide
Mizoram,Aizawl,24.190711,92.943593,Rock,Slide
Mizoram,Aizawl,24.191114,92.943311,Rock,Slide
Mizoram,Aizawl,24.192522,92.944635,Rock,Slide
Mizoram,Aizawl,24.19265,92.944583,Rock,Slide
Mizoram,Aizawl,24.193061,92.992877,Rock,Slide
Mizoram,Aizawl,24.193682,92.946417,Debris,Slide
Mizoram,Aizawl,24.194015,92.944562,Rock,Slide
Mizoram,Aizawl,24.194252,92.963806,Rock,Slide
Mizoram,Aizawl,24.197474,92.947295,Earth,Slide
Mizoram,Aizawl,24.197817,92.993923,Rock,Slide
Mizoram,Aizawl,24.198831,92.946348,Rock,Slide
Mizoram,Aizawl,24.199114,92.992916,Rock,Fall
Mizoram,Aizawl,24.199185,92.992094,Rock,Slide
Mizoram,Aizawl,24.199201,92.993156,Rock,Slide
Mizoram,Aizawl,24.200487,92.985172,Rock,Slide
Mizoram,Aizawl,24.200746,92.98517,Debris,Slide
Mizoram,Aizawl,24.201154,92.944079,Earth,Slide
Mizoram,Aizawl,24.215868,92.802452,Rock,Slide
Mizoram,Aizawl,24.216509,92.802591,Rock,Slide
Mizoram,Aizawl,24.218066,92.951214,Earth,Slide
Mizoram,Aizawl,24.220596,92.802961,Earth,Slide
Mizoram,Aizawl,24.222837,92.952639,Earth,Slide
Mizoram,Aizawl,24.225579,92.805884,Debris,Slide
Mizoram,Aizawl,24.225691,92.805445,Debris,Slide
Mizoram,Aizawl,24.225969,92.805611,Debris,Slide
Mizoram,Aizawl,24.229303,92.819002,Earth,Slide
Mizoram,Aizawl,24.232551,92.81525,Earth,Slide
Mizoram,Aizawl,24.233808,92.978777,Earth,Slide
Mizoram,Aizawl,24.237794,92.805727,Debris,Slide
Mizoram,Aizawl,24.237872,92.798117,Debris,Slide
Mizoram,Aizawl,24.240415,92.941421,Rock,Slide
Mizoram,Aizawl,24.242764,92.955406,Debris,Slide
Mizoram,Aizawl,24.246076,92.948994,Debris,Slide
Mizoram,Aizawl,24.248558,92.954177,Debris,Slide
Mizoram,Aizawl,24.26,92.96,Rock,Slide
Mizoram,Aizawl,24.29,92.95,Rock,Slide
Mizoram,Aizawl,24.29,92.96,Rock,Slide
Mizoram,Aizawl,24.37,92.9,Debris,Slide
Mizoram,Aizawl,24.37,92.89,Debris,Slide
Mizoram,Aizawl,23.73888889,92.69638889,Debris,Slide
Mizoram,Aizawl,23.73947222,92.69666667,Debris,Complex
Mizoram,Aizawl,23.74027778,92.69722222,Earth,Slide
Mizoram,Aizawl,23.74066667,92.69336111,Debris,Slide
Mizoram,Aizawl,23.7385748,92.6941941,Debris,Slide
Mizoram,Aizawl,23.74472222,92.69277778,Debris,Slide
Mizoram,Aizawl,23.74116667,92.69455556,Debris,Slide
Mizoram,Aizawl,23.7375,92.69444444,Debris,Slide
Mizoram,Aizawl,23.73386111,92.69491667,Debris,Complex
Mizoram,Aizawl,23.72669444,92.69519444,Debris,Complex
Mizoram,Aizawl,23.73361111,92.69388889,Earth,Slide
Mizoram,Aizawl,23.73472222,92.695,Earth,Slide
Mizoram,Aizawl,23.73416667,92.69805556,Debris,Slide
Mizoram,Aizawl,23.73305556,92.69944444,Debris,Slide
Mizoram,Aizawl,23.74972222,92.69833333,Debris,Slide
Mizoram,Aizawl,23.73111111,92.70222222,Debris,Slide
Mizoram,Aizawl,23.73111111,92.70388889,Debris,Slide
Mizoram,Aizawl,23.73333333,92.70527778,Debris,Slide
Mizoram,Aizawl,23.731,92.70644444,Debris,Slide
Mizoram,Aizawl,23.73583333,92.69777778,Debris,Slide
Mizoram,Aizawl,23.73132778,92.70821944,Debris,Slide
Mizoram,Aizawl,23.72428333,92.70737778,Debris,Slide
Mizoram,Aizawl,23.72276944,92.70665,Debris,Slide
Mizoram,Aizawl,23.71446389,92.71146389,Debris,Flow
Mizoram,Aizawl,23.71581111,92.70935,Debris,Slide
Mizoram,Aizawl,23.71595,92.70879444,Debris,Complex
Mizoram,Aizawl,23.7175,92.70666667,Earth,Slide
Mizoram,Aizawl,23.71740833,92.70644167,Earth,Slide
Mizoram,Aizawl,23.71735556,92.70753333,Earth,Complex
Mizoram,Aizawl,23.71721667,92.70777778,Debris,Slide
Mizoram,Aizawl,23.71697222,92.70817222,Debris,Complex
Mizoram,Aizawl,23.71305556,92.70895833,Debris,Slide
Mizoram,Aizawl,23.71523056,92.71529167,Debris,Slide
Mizoram,Aizawl,23.74,92.715,Debris,Complex
Mizoram,Aizawl,23.73944444,92.71472222,Rock,Fall
Mizoram,Aizawl,23.71138889,92.72444444,Earth,Slide
Mizoram,Aizawl,23.71638889,92.72111111,Debris,Slide
Mizoram,Aizawl,23.71444444,92.72861111,Debris,Slide
Mizoram,Aizawl,23.71996389,92.73328889,Debris,Slide
Mizoram,Aizawl,23.71583333,92.72444444,Rock,Complex
Mizoram,Aizawl,23.71571389,92.72659722,Debris,Slide
Mizoram,Aizawl,23.7104,92.72237778,Debris,Slide
Mizoram,Aizawl,23.71865833,92.72335278,Debris,Complex
Mizoram,Aizawl,23.7175,92.71972222,Debris,Complex
Mizoram,Aizawl,23.71,92.71611111,Debris,Slide
Mizoram,Aizawl,23.70777778,92.71611111,Debris,Slide
Mizoram,Aizawl,23.70666667,92.71444444,Debris,Flow
Mizoram,Aizawl,23.70527778,92.71138889,Debris,Slide
Mizoram,Aizawl,23.70416667,92.71222222,Earth,Slide
Mizoram,Aizawl,23.70027778,92.71611111,Debris,Slide
Mizoram,Aizawl,23.69972222,92.71694444,Debris,Slide
Mizoram,Aizawl,23.68027778,92.72472222,Debris,Slide
Mizoram,Aizawl,23.67805556,92.72,Debris,Slide
Mizoram,Aizawl,23.64333333,92.73444444,Earth,Slide
Mizoram,Aizawl,23.64638889,92.72638889,Debris,Slide
Mizoram,Aizawl,23.64638889,92.72527778,Debris,Slide
Mizoram,Aizawl,23.63111111,92.72388889,Debris,Slide
Mizoram,Aizawl,23.63055556,92.72305556,Debris,Complex
Mizoram,Aizawl,23.62833333,92.72333333,Debris,Slide
Mizoram,Aizawl,23.62277778,92.72444444,Debris,Slide
Mizoram,Aizawl,23.62194444,92.72305556,Debris,Slide
Mizoram,Aizawl,23.62083333,92.7225,Debris,Slide
Mizoram,Aizawl,23.61916667,92.7225,Debris,Slide
Mizoram,Aizawl,23.61972222,92.72527778,Debris,Slide
Mizoram,Aizawl,23.62027778,92.72555556,Debris,Slide
Mizoram,Aizawl,23.62027778,92.72611111,Debris,Slide
Mizoram,Aizawl,23.62111111,92.72444444,Debris,Slide
Mizoram,Aizawl,23.68743333,92.72129167,Rock,Complex
Mizoram,Aizawl,23.67694444,92.71722222,Rock,Complex
Mizoram,Aizawl,23.67583333,92.715,Debris,Slide
Mizoram,Aizawl,23.67472222,92.71722222,Debris,Complex
Mizoram,Aizawl,23.67444444,92.71472222,Debris,Slide
Mizoram,Aizawl,23.67388889,92.71472222,Debris,Slide
Mizoram,Aizawl,23.672069,92.7099293,Debris,Slide
Mizoram,Aizawl,23.684301,92.715511,Debris,Slide
Mizoram,Aizawl,23.70638889,92.72055556,Debris,Slide
Mizoram,Aizawl,23.70416667,92.72,Rock,Slide
Mizoram,Aizawl,23.70305556,92.72055556,Debris,Complex
Mizoram,Aizawl,23.69333333,92.72055556,Debris,Complex
Mizoram,Aizawl,23.69138889,92.72138889,Debris,Complex
Mizoram,Aizawl,23.69,92.72361111,Debris,Slide
Mizoram,Aizawl,23.68361111,92.72277778,Debris,Slide
Mizoram,Aizawl,23.67611111,92.71972222,Debris,Complex
Mizoram,Aizawl,23.67138889,92.72361111,Debris,Slide
Mizoram,Aizawl,23.66694444,92.72194444,Debris,Complex
Mizoram,Aizawl,23.66666667,92.72388889,Debris,Slide
Mizoram,Aizawl,23.66027778,92.72694444,Debris,Complex
Mizoram,Aizawl,23.65666667,92.72694444,Debris,Subsidence
Mizoram,Aizawl,23.64388889,92.72583333,Debris,Complex
Mizoram,Aizawl,23.635,92.72361111,Debris,Slide
Mizoram,Aizawl,23.43277778,92.76111111,Debris,Slide
Mizoram,Aizawl,23.46777778,92.74111111,Debris,Slide
Mizoram,Aizawl,23.46805556,92.71638889,Debris,Flow
Mizoram,Aizawl,23.4725,92.71444444,Earth,Slide
Mizoram,Aizawl,23.47388889,92.70972222,Earth,Slide
Mizoram,Aizawl,23.49,92.70555556,Debris,Complex
Mizoram,Aizawl,23.49722222,92.70333333,Debris,Slide
Mizoram,Aizawl,23.51361111,92.69833333,Debris,Slide
Mizoram,Aizawl,23.53666667,92.6975,Debris,Slide
Mizoram,Aizawl,23.54166667,92.70194444,Debris,Flow
Mizoram,Aizawl,23.54277778,92.70333333,Earth,Slide
Mizoram,Aizawl,23.52944444,92.72944444,Debris,Flow
Mizoram,Aizawl,23.53083333,92.73055556,Debris,Slide
Mizoram,Aizawl,23.53111111,92.73361111,Debris,Slide
Mizoram,Aizawl,23.53083333,92.73333333,Debris,Slide
Mizoram,Aizawl,23.56388889,92.70805556,Debris,Slide
Mizoram,Aizawl,23.56416667,92.70805556,Debris,Slide
Mizoram,Aizawl,23.565,92.70777778,Debris,Slide
Mizoram,Aizawl,23.56666667,92.70888889,Debris,Slide
Mizoram,Aizawl,23.77305556,92.74361111,Debris,Slide
Mizoram,Aizawl,23.77472222,92.76194444,Debris,Slide
Mizoram,Aizawl,23.77361111,92.76111111,Debris,Slide
Mizoram,Aizawl,23.74861111,92.73861111,Debris,Slide
Mizoram,Aizawl,23.61,92.72083333,Debris,Slide
Mizoram,Aizawl,23.60666667,92.72305556,Debris,Complex
Mizoram,Aizawl,23.5925,92.71666667,Debris,Slide
Mizoram,Aizawl,23.58722222,92.71361111,Debris,Slide
Mizoram,Aizawl,23.57694444,92.71305556,Debris,Slide
Mizoram,Aizawl,23.58027778,92.715,Earth,Slide
Mizoram,Aizawl,23.58138889,92.71416667,Debris,Slide
Mizoram,Aizawl,23.58694444,92.7175,Debris,Slide
Mizoram,Aizawl,23.58555556,92.71583333,Debris,Complex
Mizoram,Aizawl,23.58583333,92.71638889,Debris,Slide
Mizoram,Aizawl,23.58638889,92.71583333,Debris,Slide
Mizoram,Aizawl,23.65388889,92.72444444,Debris,Slide
Mizoram,Aizawl,23.65416667,92.71777778,Debris,Slide
Mizoram,Aizawl,23.655,92.71444444,Rock,Slide
Mizoram,Aizawl,23.65416667,92.69,Debris,Slide
Mizoram,Aizawl,23.66055556,92.67277778,Earth,Slide
Mizoram,Aizawl,23.66083333,92.67277778,Debris,Slide
Mizoram,Aizawl,23.65777778,92.67444444,Earth,Slide
Mizoram,Aizawl,23.65861111,92.70583333,Debris,Slide
Mizoram,Aizawl,23.68143611,92.72144167,Debris,Slide
Mizoram,Aizawl,23.73555556,92.78833333,Rock,Slide
Mizoram,Aizawl,23.72694444,92.79527778,Debris,Slide
Mizoram,Aizawl,23.73277778,92.79722222,Debris,Slide
Mizoram,Aizawl,23.73416667,92.79861111,Debris,Slide
Mizoram,Aizawl,23.74555556,92.79444444,Debris,Slide
Mizoram,Aizawl,23.73666667,92.79722222,Debris,Subsidence
Mizoram,Aizawl,23.73638889,92.79805556,Earth,Slide
Mizoram,Aizawl,23.73583333,92.79888889,Earth,Slide
Mizoram,Aizawl,23.73638889,92.8,Earth,Slide
Mizoram,Aizawl,23.73555556,92.80027778,Debris,Slide
Mizoram,Aizawl,23.71972222,92.79777778,Earth,Slide
Mizoram,Aizawl,23.72222222,92.80138889,Rock,Slide
Mizoram,Aizawl,23.73111111,92.84944444,Debris,Slide
Mizoram,Aizawl,23.73305556,92.84777778,Debris,Slide
Mizoram,Aizawl,23.76083333,92.8475,Debris,Slide
Mizoram,Aizawl,23.86972222,92.87611111,Debris,Slide
Mizoram,Aizawl,23.80750556,92.83417222,Earth,Slide
Mizoram,Aizawl,23.73044444,92.75108333,Regolith,Debris slide
Mizoram,Aizawl,23.73019444,92.75141667,Rock,Rock slide
Mizoram,Aizawl,23.74111111,92.71083333,Colluvium,Debris slide
Mizoram,Aizawl,23.74194444,92.71027778,Colluvium,Debris slide
Mizoram,Aizawl,23.73041667,92.75552778,Compacted Debris,Debris flow
Mizoram,Aizawl,23.70825,92.71769444,rock,Rock slide
Mizoram,Aizawl,23.68352778,92.71338889,Colluvium,"Debris
subsidence"
Mizoram,Aizawl,23.4745,93.28916667,Regolith,Rock slide
Mizoram,Aizawl,23.74,92.71416667,Colluvium,Debris slide
Mizoram,Aizawl,23.72322222,92.70183333,Regolith,debris slide
Mizoram,Aizawl,23.72327778,92.70222222,Regolith,Debris slide
Mizoram,Aizawl,23.75969444,92.73241667,Regolith,"Debris slide,
debris flow"
Mizoram,Aizawl,23.75888889,92.73336111,Regolith,"Debris slide,
debris flow"
Mizoram,Aizawl,23.75861111,92.73261111,Colluvium,Debris slide
Mizoram,Aizawl,23.76494444,92.73427778,Rock,Rock slide
Mizoram,Aizawl,23.40041667,92.75269444,Regolith,debris slide
Mizoram,Aizawl,23.40169444,92.75025,Regolith,Debris slide
Mizoram,Aizawl,23.43936111,92.76144444,Rock,Rock slide
Mizoram,Aizawl,23.65669444,92.72694444,Insitu Earth,Subsidence
Mizoram,Aizawl,23.72786111,92.73955556,Regolith,Debris slide
Mizoram,Aizawl,23.72713889,92.7405,Regolith,Debris slide
Mizoram,Aizawl,23.77022222,92.76,Insitu Earth,Soil slide
Mizoram,Aizawl,23.77166667,92.7605,Colluvium,Debris slide
Mizoram,Aizawl,23.77161111,92.75913889,Colluvium,Debris slide
Mizoram,Aizawl,23.65530556,92.7025,"Insitu Earth
(upslope), rock at
road level and
flatground",Rock slide
Mizoram,Aizawl,23.65538889,92.71161111,Regolith (upslope),Rock slide
Mizoram,Aizawl,23.70827778,92.71711111,Insitu Earth,Soil slide
Mizoram,Aizawl,23.73241667,92.71480556,Compacted Debris,Subsidence
Mizoram,Aizawl,23.73053889,92.716019,Compacted Debris,Debris flow
Mizoram,Aizawl,23.73055556,92.71527778,Compacted Debris,Debris slide
Mizoram,Aizawl,23.75286,92.73307,rock,Rock slide
Mizoram,Aizawl,23.75005,92.7355,Compacted Debris,Debris slide
Mizoram,Aizawl,23.93395,92.65928,Insitu Earth,Debris slide
Mizoram,Aizawl,23.829501,92.736459,Insitu Earth,Debris flow
Mizoram,Aizawl,23.828321,92.73701,Insitu Earth,Debris flow
Mizoram,Aizawl,23.8665,92.74215,Regolith,Debris flow
Mizoram,Aizawl,23.84421,92.74158,Insitu Earth,Soil slide
Mizoram,Aizawl,23.71951,92.72357,Colluvium,Subsidence
Mizoram,Aizawl,23.71873,92.72298,Compacted Debris,Debris slide
Mizoram,Aizawl,23.71824,92.72272,Compacted Debris,Debris slide
Mizoram,Aizawl,23.74256944,92.73774444,Compacted Debris,Subsidence
Mizoram,Aizawl,23.88147222,92.84263889,Insitu Earth,Soil slide
Mizoram,Aizawl,23.88355556,92.84952778,Regolith,debris slide
Mizoram,Aizawl,23.93202778,92.87436111,Compacted Debris,Debris slide
Mizoram,Aizawl,23.89247222,92.85047222,Regolith,debris slide
Mizoram,Aizawl,23.88386111,92.87505556,Insitu Earth,Soil slide
Mizoram,Aizawl,23.87925,92.87127778,Insitu Earth,Soil slide
Mizoram,Aizawl,23.88113889,92.87755556,Insitu Earth,Soil slide
Mizoram,Aizawl,23.73541667,92.81222222,Insitu Earth,Debris slide
Mizoram,Aizawl,23.732,92.75963889,Compacted Debris,Debris slide
Mizoram,Aizawl,23.73488889,92.75177778,Regolith,Debris slide
Mizoram,Aizawl,23.73611111,92.75130556,regolith,Debris slide
Mizoram,Aizawl,23.67058333,92.72530556,Debris,Slide
Mizoram,Aizawl,23.66461111,92.72383333,Rock,Slide
Mizoram,Aizawl,23.64702778,92.72583333,Debris,Slide
Mizoram,Aizawl,23.59944444,92.72019444,Debris,Slide
Mizoram,Aizawl,23.51980556,92.70066667,Debris,Slide
Mizoram,Aizawl,24.02027778,92.92861111,Debris,Slide
Mizoram,Aizawl,24.02833333,92.89138889,Debris,Slide
Mizoram,Aizawl,24.26311111,92.96041667,Debris,Slide
Mizoram,Aizawl,24.27138889,92.96,Debris,Slide
Mizoram,Aizawl,24.52611111,92.93694444,Rock,Slide
Mizoram,Aizawl,24.36527778,92.93,Debris,Slide
Mizoram,Aizawl,24.36555556,92.93,Debris,Slide
Mizoram,Aizawl,24.28361111,92.9125,Debris,Slide
Mizoram,Aizawl,24.22416667,92.97638889,Debris,Subsidence
Mizoram,Aizawl,24.22472222,92.9775,Debris,Slide
Mizoram,Aizawl,24.22527778,92.97777778,Debris,Slide
Mizoram,Aizawl,24.22972222,92.99333333,Earth,Slide
Mizoram,Aizawl,24.31925,92.99080556,Debris,Slide
Mizoram,Aizawl,24.31991667,92.99033333,Debris,Slide
Mizoram,Aizawl,24.2005,92.94105556,Debris,Slide
Mizoram,Aizawl,24.19963889,92.94088889,Rock,Slide
Mizoram,Aizawl,24.19388889,92.94455556,Rock,Slide
Mizoram,Aizawl,24.19116667,92.94330556,Debris,Slide
Mizoram,Aizawl,24.18252778,92.94991667,Debris,Slide
Mizoram,Aizawl,24.18372222,92.94961111,Debris,Slide
Mizoram,Aizawl,24.18561111,92.94536111,Debris,Slide
Mizoram,Aizawl,24.15402778,92.94444444,Debris,Slide
Mizoram,Aizawl,24.23847222,92.95591667,Debris,Slide
Mizoram,Aizawl,24.23777778,92.95583333,Debris,Slide
Mizoram,Aizawl,24.23738889,92.95508333,Debris,Slide
Mizoram,Aizawl,24.23775,92.95447222,Debris,Slide
Mizoram,Aizawl,24.22166667,93.00305556,Debris,Fall
Mizoram,Aizawl,24.20083333,92.985,Debris,Slide
Mizoram,Aizawl,24.14083333,92.92527778,Rock,Slide
Mizoram,Aizawl,24.19533333,92.99544444,Debris,Slide
Mizoram,Aizawl,24.07805556,92.91155556,Rock,Fall
Mizoram,Aizawl,24.02555556,92.91944444,Debris,Flow
Mizoram,Aizawl,23.90527778,92.92083333,Debris,Slide
Mizoram,Aizawl,23.90222222,92.91888889,Debris,Slide
Mizoram,Aizawl,23.8975,92.92,Debris,Slide
Mizoram,Aizawl,23.89027778,92.91944444,Debris,Slide
Mizoram,Aizawl,23.89083333,92.92055556,Debris,Slide
Mizoram,Aizawl,23.88833333,93.08638889,Debris,Slide
Mizoram,Aizawl,23.88666667,92.91861111,Rock,Slide
Mizoram,Aizawl,23.86694444,92.91444444,Debris,Slide
Mizoram,Aizawl,23.85527778,92.90472222,Debris,Slide
Mizoram,Aizawl,23.85972222,92.89694444,Debris,Slide
Mizoram,Aizawl,23.86277778,92.8825,Debris,Slide
Mizoram,Aizawl,23.86472222,92.88194444,Rock,Slide
Mizoram,Aizawl,23.86638889,92.88138889,Debris,Slide
Mizoram,Aizawl,23.87694444,92.87694444,Debris,Slide
Mizoram,Aizawl,23.88194444,92.88166667,Debris,Slide
Mizoram,Aizawl,23.36852778,92.76575,Rock,Slide
Mizoram,Aizawl,23.36852778,92.76538889,Rock,Slide
Mizoram,Aizawl,23.37533333,92.75472222,Debris,Slide
Mizoram,Aizawl,23.35655556,92.76958333,Debris,Slide
Mizoram,Aizawl,23.35516667,92.76991667,Debris,Slide
Mizoram,Aizawl,23.33022222,92.78886111,Debris,Flow
Mizoram,Aizawl,23.39813889,92.7485,Debris,Slide
Mizoram,Aizawl,23.41277778,92.73077778,Debris,Slide
Mizoram,Aizawl,23.38519444,92.752,Debris,Slide
Mizoram,Aizawl,23.65675,92.70352778,Debris,Slide
Mizoram,Aizawl,23.65416667,92.70222222,Debris,Slide
Mizoram,Aizawl,23.65955556,92.67111111,Debris,Slide
Mizoram,Aizawl,23.66030556,92.67244444,Earth,Slide
Mizoram,Aizawl,23.57166667,92.71083333,Debris,Slide
Mizoram,Aizawl,23.58388889,92.71722222,Rock,Slide
Mizoram,Aizawl,23.58591667,92.71777778,Earth,Slide
Mizoram,Aizawl,23.55944444,92.70833333,Earth,Slide
Mizoram,Aizawl,23.54380556,92.70136111,Debris,Slide
Mizoram,Aizawl,23.54027778,92.70138889,Rock,Slide
Mizoram,Aizawl,23.53986111,92.70063889,Debris,Slide
Mizoram,Aizawl,23.535,92.69694444,Rock,Slide
Mizoram,Aizawl,23.53333333,92.69722222,Earth,Slide
Mizoram,Aizawl,23.52972222,92.69611111,Debris,Slide
Mizoram,Aizawl,23.49991667,92.70136111,Debris,Slide
Mizoram,Aizawl,23.5,92.70111111,Debris,Slide
Mizoram,Aizawl,23.47405556,92.71008333,Debris,Slide
Mizoram,Aizawl,23.78138889,92.67638889,Rock,Slide
Mizoram,Aizawl,23.63472222,92.855,Debris,Slide
Mizoram,Aizawl,23.69472222,92.85916667,Rock,Slide
Mizoram,Aizawl,23.72055556,92.80055556,Earth,Slide
Mizoram,Aizawl,23.57472222,92.85277778,Rock-cum-debris,Slide
Mizoram,Aizawl,23.59194444,92.84972222,Rock-cum-debris,Slide
Mizoram,Aizawl,23.59833333,92.85194444,Rock,Slide
Mizoram,Aizawl,23.60416667,92.85472222,Rock-cum-debris,Slide
Mizoram,Aizawl,23.60861111,92.85055556,Debris,Slide
Mizoram,Aizawl,23.62,92.85055556,Debris,Slide
Mizoram,Aizawl,23.62055556,92.85083333,Debris,Slide
Mizoram,Aizawl,23.63472222,92.85527778,Debris,Slide
Mizoram,Aizawl,23.64222222,92.855,Debris,Slide
Mizoram,Aizawl,23.65583333,92.86111111,Debris,Slide
Mizoram,Aizawl,23.73722222,92.7425,Debris,Slide
Mizoram,Aizawl,23.73305556,92.75,Debris,Slide
Mizoram,Aizawl,23.73222222,92.75,Debris,Slide
Mizoram,Aizawl,23.73194444,92.75,Debris,Slide
Mizoram,Aizawl,23.74083333,92.74111111,Debris,Slide
Mizoram,Aizawl,23.74916667,92.7375,Debris,Slide
Mizoram,Aizawl,23.74972222,92.73888889,Debris,Slide
Mizoram,Aizawl,23.75972222,92.73583333,Debris,Slide
Mizoram,Aizawl,23.75972222,92.74083333,Debris,Slide
Mizoram,Aizawl,23.76972222,92.74472222,Earth,Slide
Mizoram,Aizawl,23.76944444,92.73583333,Rock,Slide
Mizoram,Aizawl,23.76388889,92.73388889,Rock,Slide
Mizoram,Aizawl,23.76055556,92.73194444,Debris,Slide
Mizoram,Aizawl,23.71583333,92.72,Debris,Fall
Mizoram,Aizawl,23.7413587,92.7075844,Debris,Subsidence
Mizoram,Aizawl,23.73888889,92.71472222,Debris,Slide
Mizoram,Aizawl,23.73694444,92.715,Rock,Slide
Mizoram,Aizawl,23.73722222,92.71972222,Rock,Slide
Mizoram,Aizawl,22.74694444,92.69583333,Rock,Slide
Mizoram,Aizawl,23.75138889,92.69583333,Debris,Slide
Mizoram,Aizawl,23.75083333,92.69527778,Debris,Slide
Mizoram,Aizawl,23.74916667,92.69416667,Debris,Slide
Mizoram,Aizawl,23.74055556,92.71222222,Debris,Slide
Mizoram,Aizawl,23.74194444,92.71305556,Debris,Slide
Mizoram,Aizawl,23.74388889,92.71222222,Debris,Slide
Mizoram,Aizawl,23.74722222,92.71805556,Debris,Slide
Mizoram,Aizawl,23.76583333,92.71527778,Debris,Slide
Mizoram,Aizawl,23.69277778,92.72055556,Debris,Slide
Mizoram,Aizawl,23.69305556,92.72111111,Debris,Slide
Mizoram,Aizawl,23.69361111,92.72083333,Debris,Slide
Mizoram,Aizawl,23.71111111,92.72861111,Debris,Slide
Mizoram,Aizawl,23.6975,92.72527778,Debris,Slide
Mizoram,Aizawl,23.70444444,92.76333333,Debris,Slide
Mizoram,Aizawl,23.72722222,92.75944444,Debris,Slide
Mizoram,Aizawl,23.7275,92.75777778,Debris,Slide
Mizoram,Aizawl,23.69777778,92.71944444,Debris,Slide
Mizoram,Aizawl,23.69972222,92.7175,Debris,Slide
Mizoram,Aizawl,23.69333333,92.76694444,Debris,Slide
Mizoram,Aizawl,23.70972222,92.72222222,Debris,Slide
Mizoram,Aizawl,23.69944444,92.71972222,Debris,Complex
Mizoram,Aizawl,23.70888889,92.75083333,Debris,Slide
Mizoram,Aizawl,23.68916667,92.72055556,Debris,Slide
Mizoram,Aizawl,23.67805556,92.76361111,Unknown,Slide
Mizoram,Aizawl,23.70277778,92.72083333,Rock,Slide
Mizoram,Aizawl,23.7025,92.72138889,Debris,Slide
Mizoram,Aizawl,23.69805556,92.72277778,Debris,Slide
Mizoram,Aizawl,23.69361111,92.7225,Debris,Slide
Mizoram,Aizawl,23.67972222,92.72333333,Earth,Slide
Mizoram,Aizawl,23.67305556,92.72333333,Rock,Complex
Mizoram,Aizawl,23.67555556,92.7225,Debris,Slide
Mizoram,Aizawl,23.67666667,92.73138889,Debris,Slide
Mizoram,Aizawl,23.66416667,92.72055556,Debris,Complex
Mizoram,Aizawl,23.66055556,92.72527778,Debris,Slide
Mizoram,Aizawl,23.66,92.72638889,Debris,Slide
Mizoram,Aizawl,23.65527778,92.72694444,Debris,Slide
Mizoram,Aizawl,23.65138889,92.72694444,Debris,Slide
Mizoram,Aizawl,23.64555556,92.72444444,Debris,Slide
Mizoram,Aizawl,23.64666667,92.71916667,Debris,Slide
Mizoram,Aizawl,23.64444444,92.72527778,Debris,Complex
Mizoram,Aizawl,23.64166667,92.72416667,Debris,Slide
Mizoram,Aizawl,23.64083333,92.72472222,Debris,Slide
Mizoram,Aizawl,23.6375,92.72277778,Debris,Slide
Mizoram,Aizawl,23.64222222,92.7275,Debris,Slide
Mizoram,Aizawl,23.64222222,92.72805556,Debris,Slide
Mizoram,Aizawl,23.64166667,92.71833333,Debris,Slide
Mizoram,Aizawl,23.63611111,92.72333333,Debris,Slide
Mizoram,Aizawl,23.62611111,92.72638889,Debris,Slide
Mizoram,Aizawl,23.6325,92.72388889,Debris,Slide
Mizoram,Aizawl,23.62972222,92.72666667,Debris,Slide
Mizoram,Aizawl,23.62972222,92.72555556,Debris,Slide
Mizoram,Aizawl,23.67416667,92.72055556,Debris,Slide
Mizoram,Aizawl,23.66166667,92.72416667,Debris,Slide
Mizoram,Aizawl,23.66,92.72805556,Debris,Slide
Mizoram,Aizawl,23.61611111,92.71722222,Debris,Slide
Mizoram,Aizawl,23.61027778,92.70527778,Debris,Slide
Mizoram,Aizawl,23.615,92.7175,Debris,Slide
Mizoram,Aizawl,23.61861111,92.72611111,Debris,Slide
Mizoram,Aizawl,23.60555556,92.725,Debris,Slide
Mizoram,Aizawl,23.58694444,92.8175,Debris,Slide
Mizoram,Aizawl,23.59194444,92.82833333,Debris,Slide
Mizoram,Aizawl,23.59444444,92.82861111,Debris,Slide
Mizoram,Aizawl,23.60083333,92.83027778,Debris,Slide
Mizoram,Aizawl,23.59861111,92.8225,Debris,Slide
Mizoram,Aizawl,23.59194444,92.75055556,Debris,Slide
Mizoram,Aizawl,23.595,92.81611111,Earth,Slide
Mizoram,Aizawl,23.59638889,92.81583333,Earth,Slide
Mizoram,Aizawl,23.5975,92.81388889,Debris,Slide
Mizoram,Aizawl,23.59722222,92.81194444,Debris,Slide
Mizoram,Aizawl,23.60111111,92.81305556,Debris,Slide
Mizoram,Aizawl,23.60277778,92.81444444,Earth,Slide
Mizoram,Aizawl,23.60861111,92.80972222,Debris,Slide
Mizoram,Aizawl,23.6088,92.80972222,Debris,Slide
Mizoram,Aizawl,23.60861111,92.8096,Debris,Slide
Mizoram,Aizawl,23.60888889,92.8075,Debris,Slide
Mizoram,Aizawl,23.60972222,92.80916667,Debris,Slide
Mizoram,Aizawl,23.61361111,92.80777778,Earth,Slide
Mizoram,Aizawl,23.61138889,92.80722222,Debris,Slide
Mizoram,Aizawl,23.61,92.80722222,Debris,Slide
Mizoram,Aizawl,23.61222222,92.80527778,Debris,Slide
Mizoram,Aizawl,23.61138889,92.80333333,Debris,Slide
Mizoram,Aizawl,23.60944444,92.80444444,Debris,Slide
Mizoram,Aizawl,23.60972222,92.80027778,Earth,Slide
Mizoram,Aizawl,23.60972222,92.79972222,Earth,Slide
Mizoram,Aizawl,23.61222222,92.79944444,Debris,Slide
Mizoram,Aizawl,23.6125,92.80027778,Debris,Slide
Mizoram,Aizawl,23.61277778,92.80083333,Debris,Slide
Mizoram,Aizawl,23.61361111,92.8,Debris,Slide
Mizoram,Aizawl,23.61388889,92.80083333,Debris,Slide
Mizoram,Aizawl,23.61472222,92.80111111,Debris,Slide
Mizoram,Aizawl,23.61555556,92.79972222,Debris,Slide
Mizoram,Aizawl,23.61694444,92.80027778,Debris,Complex
Mizoram,Aizawl,23.61611111,92.79944444,Debris,Slide
Mizoram,Aizawl,23.61611111,92.79777778,Debris,Complex
Mizoram,Aizawl,23.61472222,92.79583333,Debris,Complex
Mizoram,Aizawl,23.615,92.79222222,Debris,Slide
Mizoram,Aizawl,23.61583333,92.79111111,Debris,Slide
Mizoram,Aizawl,23.61861111,92.79,Debris,Slide
Mizoram,Aizawl,23.61972222,92.78916667,Earth,Slide
Mizoram,Aizawl,23.62194444,92.78972222,Earth,Slide
Mizoram,Aizawl,23.62333333,92.78888889,Debris,Slide
Mizoram,Aizawl,23.62361111,92.78888889,Debris,Slide
Mizoram,Aizawl,23.62527778,92.78638889,Debris,Slide
Mizoram,Aizawl,23.60638889,92.7775,Debris,Slide
Mizoram,Aizawl,23.60666667,92.76861111,Earth,Slide
Mizoram,Aizawl,23.6025,92.76527778,Debris,Slide
Mizoram,Aizawl,23.60138889,92.76472222,Debris,Slide
Mizoram,Aizawl,23.60027778,92.75888889,Debris,Slide
Mizoram,Aizawl,23.60111111,92.75888889,Debris,Slide
Mizoram,Aizawl,23.60972222,92.75611111,Debris,Slide
Mizoram,Aizawl,23.61,92.75055556,Earth,Slide
Mizoram,Aizawl,23.60805556,92.74083333,Earth,Slide
Mizoram,Aizawl,23.60472222,92.72055556,Debris,Slide
Mizoram,Aizawl,23.60138889,92.71888889,Debris,Slide
Mizoram,Aizawl,23.60111111,92.7225,Debris,Slide
Mizoram,Aizawl,23.59527778,92.71722222,Debris,Complex
Mizoram,Aizawl,23.59055556,92.71611111,Debris,Slide
Mizoram,Aizawl,23.59027778,92.71583333,Earth,Slide
Mizoram,Aizawl,23.58777778,92.71277778,Debris,Slide
Mizoram,Aizawl,23.58638889,92.71388889,Debris,Complex
Mizoram,Aizawl,23.58388889,92.71166667,Debris,Slide
Mizoram,Aizawl,23.58277778,92.71333333,Debris,Slide
Mizoram,Aizawl,23.57888889,92.7125,Debris,Slide
Mizoram,Aizawl,23.58166667,92.71027778,Debris,Slide
Mizoram,Aizawl,23.58583333,92.7,Debris,Slide
Mizoram,Aizawl,23.57638889,92.69055556,Debris,Slide
Mizoram,Aizawl,23.57833333,92.71222222,Debris,Complex
Mizoram,Aizawl,23.57361111,92.71222222,Debris,Complex
Mizoram,Aizawl,23.57222222,92.71166667,Debris,Complex
Mizoram,Aizawl,23.57138889,92.71111111,Debris,Slide
Mizoram,Aizawl,23.57138889,92.70888889,Debris,Complex
Mizoram,Aizawl,23.57138889,92.70972222,Debris,Slide
Mizoram,Aizawl,23.57055556,92.70888889,Debris,Complex
Mizoram,Aizawl,23.57027778,92.70722222,Debris,Complex
Mizoram,Aizawl,23.55388889,92.70472222,Debris,Slide
Mizoram,Aizawl,23.55444444,92.70527778,Debris,Slide
Mizoram,Aizawl,23.5625,92.70777778,Debris,Slide
Mizoram,Aizawl,23.56555556,92.7075,Debris,Slide
Mizoram,Aizawl,23.55,92.70444444,Debris,Slide
Mizoram,Aizawl,23.53222222,92.735,Rock,Slide
Mizoram,Aizawl,23.58611111,92.72944444,Debris,Slide
Mizoram,Aizawl,23.56583333,92.72666667,Debris,Slide
Mizoram,Aizawl,23.56361111,92.73277778,Debris,Slide
Mizoram,Aizawl,23.5575,92.7275,Debris,Slide
Mizoram,Aizawl,23.55055556,92.74833333,Debris,Slide
Mizoram,Aizawl,23.54583333,92.71861111,Debris,Slide
Mizoram,Aizawl,23.54555556,92.72111111,Debris,Slide
Mizoram,Aizawl,23.54388889,92.72222222,Debris,Slide
Mizoram,Aizawl,23.54277778,92.72361111,Debris,Slide
Mizoram,Aizawl,23.53555556,92.72333333,Debris,Slide
Mizoram,Aizawl,23.53805556,92.71861111,Debris,Slide
Mizoram,Aizawl,23.53861111,92.71805556,Debris,Complex
Mizoram,Aizawl,23.53972222,92.71777778,Debris,Slide
Mizoram,Aizawl,23.54055556,92.71666667,Debris,Slide
Mizoram,Aizawl,23.54194444,92.7175,Debris,Slide
Mizoram,Aizawl,23.54055556,92.71638889,Debris,Complex
Mizoram,Aizawl,23.5425,92.71666667,Debris,Slide
Mizoram,Aizawl,23.54833333,92.71083333,Debris,Slide
Mizoram,Aizawl,23.54666667,92.70333333,Debris,Complex
Mizoram,Aizawl,23.54722222,92.70361111,Debris,Complex
Mizoram,Aizawl,23.54777778,92.70416667,Debris,Flow
Mizoram,Aizawl,23.54833333,92.70472222,Debris,Complex
Mizoram,Aizawl,23.54888889,92.70555556,Debris,Complex
Mizoram,Aizawl,23.545,92.70333333,Debris,Slide
Mizoram,Aizawl,23.54027778,92.70111111,Debris,Complex
Mizoram,Aizawl,23.53888889,92.70055556,Debris,Complex
Mizoram,Aizawl,23.53805556,92.69944444,Debris,Slide
Mizoram,Aizawl,23.53694444,92.6975,Debris,Slide
Mizoram,Aizawl,23.53611111,92.69777778,Debris,Complex
Mizoram,Aizawl,23.53555556,92.69694444,Rock,Slide
Mizoram,Aizawl,23.53388889,92.69833333,Debris,Complex
Mizoram,Aizawl,23.53388889,92.6975,Debris,Slide
Mizoram,Aizawl,23.5325,92.69694444,Debris,Slide
Mizoram,Aizawl,23.53027778,92.69666667,Debris,Slide
Mizoram,Aizawl,23.52861111,92.6975,Debris,Slide
Mizoram,Aizawl,23.52777778,92.69861111,Debris,Slide
Mizoram,Aizawl,23.52722222,92.70055556,Debris,Complex
Mizoram,Aizawl,23.52666667,92.70083333,Debris,Slide
Mizoram,Aizawl,23.52277778,92.70277778,Debris,Slide
Mizoram,Aizawl,23.51944444,92.70055556,Debris,Slide
Mizoram,Aizawl,23.51611111,92.69833333,Earth,Slide
Mizoram,Aizawl,23.51444444,92.69805556,Debris,Slide
Mizoram,Aizawl,23.51361111,92.69861111,Debris,Complex
Mizoram,Aizawl,23.51055556,92.69972222,Debris,Slide
Mizoram,Aizawl,23.50861111,92.69805556,Rock,Slide
Mizoram,Aizawl,23.50694444,92.69638889,Debris,Slide
Mizoram,Aizawl,23.50611111,92.69694444,Debris,Slide
Mizoram,Aizawl,23.50527778,92.6975,Debris,Slide
Mizoram,Aizawl,23.66,92.72916667,Debris,Slide
Mizoram,Aizawl,23.65888889,92.72861111,Debris,Slide
Mizoram,Aizawl,23.55027778,92.70444444,Debris,Slide
Mizoram,Aizawl,23.54972222,92.70361111,Debris,Slide
Mizoram,Aizawl,23.54972222,92.70305556,Debris,Slide
Mizoram,Aizawl,23.54805556,92.70222222,Debris,Slide
Mizoram,Aizawl,23.54777778,92.70166667,Debris,Slide
Mizoram,Aizawl,23.54805556,92.70138889,Debris,Slide
Mizoram,Aizawl,23.54611111,92.70222222,Debris,Slide
Mizoram,Aizawl,23.545,92.7025,Debris,Slide
Mizoram,Aizawl,23.54388889,92.70166667,Debris,Complex
Mizoram,Aizawl,23.54305556,92.70055556,Debris,Complex
Mizoram,Aizawl,23.54194444,92.7,Debris,Complex
Mizoram,Aizawl,23.54138889,92.69944444,Debris,Slide
Mizoram,Aizawl,23.54111111,92.69444444,Debris,Slide
Mizoram,Aizawl,23.54083333,92.69944444,Debris,Slide
Mizoram,Aizawl,23.53972222,92.69944444,Debris,Complex
Mizoram,Aizawl,23.53777778,92.69833333,Debris,Complex
Mizoram,Aizawl,23.53805556,92.69388889,Debris,Slide
Mizoram,Aizawl,23.54361111,92.67722222,Debris,Slide
Mizoram,Aizawl,23.53944444,92.685,Debris,Slide
Mizoram,Aizawl,23.53611111,92.68444444,Debris,Slide
Mizoram,Aizawl,23.54277778,92.67638889,Debris,Slide
Mizoram,Aizawl,23.5425,92.67666667,Debris,Slide
Mizoram,Aizawl,23.5425,92.67694444,Debris,Slide
Mizoram,Aizawl,23.54194444,92.67638889,Debris,Slide
Mizoram,Aizawl,23.54277778,92.67472222,Debris,Complex
Mizoram,Aizawl,23.54305556,92.66638889,Debris,Slide
Mizoram,Aizawl,23.54333333,92.66472222,Debris,Complex
Mizoram,Aizawl,23.54166667,92.66472222,Debris,Complex
Mizoram,Aizawl,23.54166667,92.66555556,Debris,Slide
Mizoram,Aizawl,23.53944444,92.66527778,Debris,Slide
Mizoram,Aizawl,23.53916667,92.66444444,Debris,Slide
Mizoram,Aizawl,23.53888889,92.6625,Debris,Slide
Mizoram,Aizawl,23.53805556,92.66305556,Debris,Slide
Mizoram,Aizawl,23.53805556,92.6625,Debris,Slide
Mizoram,Aizawl,23.53805556,92.66166667,Debris,Slide
Mizoram,Aizawl,23.53861111,92.65916667,Debris,Slide
Mizoram,Aizawl,23.53888889,92.65888889,Debris,Slide
Mizoram,Aizawl,23.5325,92.65555556,Debris,Slide
Mizoram,Aizawl,23.53944444,92.65888889,Debris,Slide
Mizoram,Aizawl,23.53611111,92.65527778,Debris,Slide
Mizoram,Aizawl,23.5275,92.65472222,Debris,Complex
Mizoram,Aizawl,23.52694444,92.65444444,Debris,Slide
Mizoram,Aizawl,23.52555556,92.65333333,Debris,Slide
Mizoram,Aizawl,23.52583333,92.63861111,Debris,Slide
Mizoram,Aizawl,23.45083333,92.6825,Debris,Slide
Mizoram,Aizawl,23.45111111,92.68166667,Debris,Slide
Mizoram,Aizawl,23.45027778,92.6825,Debris,Subsidence
Mizoram,Aizawl,23.45,92.68166667,Debris,Slide
Mizoram,Aizawl,23.45055556,92.68138889,Debris,Complex
Mizoram,Aizawl,23.45138889,92.68083333,Debris,Complex
Mizoram,Aizawl,23.45138889,92.68,Debris,Slide
Mizoram,Aizawl,23.45083333,92.67944444,Debris,Slide
Mizoram,Aizawl,23.45194444,92.66944444,Debris,Slide
Mizoram,Aizawl,23.44805556,92.68333333,Debris,Slide
Mizoram,Aizawl,23.44583333,92.68444444,Debris,Slide
Mizoram,Aizawl,23.44333333,92.68527778,Debris,Slide
Mizoram,Aizawl,23.43722222,92.70333333,Debris,Slide
Mizoram,Aizawl,23.42722222,92.71194444,Debris,Slide
Mizoram,Aizawl,23.42722222,92.71277778,Debris,Complex
Mizoram,Aizawl,23.4275,92.71416667,Debris,Slide
Mizoram,Aizawl,23.41694444,92.71805556,Debris,Slide
Mizoram,Aizawl,23.41638889,92.72027778,Debris,Slide
Mizoram,Aizawl,23.41361111,92.72361111,Debris,Slide
Mizoram,Aizawl,23.415,92.7375,Debris,Slide
Mizoram,Aizawl,23.41333333,92.73972222,Debris,Slide
Mizoram,Aizawl,23.41,92.74944444,Debris,Slide
Mizoram,Aizawl,23.32361111,92.78944444,Debris,Slide
Mizoram,Aizawl,23.32944444,92.78861111,Debris,Complex
Mizoram,Aizawl,23.33194444,92.78916667,Debris,Slide
Mizoram,Aizawl,23.33277778,92.78722222,Debris,Complex
Mizoram,Aizawl,23.33611111,92.78388889,Debris,Slide
Mizoram,Aizawl,23.33361111,92.78194444,Unknown,Slide
Mizoram,Aizawl,23.33472222,92.78083333,Debris,Slide
Mizoram,Aizawl,23.34055556,92.77722222,Debris,Slide
Mizoram,Aizawl,23.34111111,92.77666667,Debris,Slide
Mizoram,Aizawl,23.34277778,92.77805556,Debris,Complex
Mizoram,Aizawl,23.34333333,92.7775,Debris,Slide
Mizoram,Aizawl,23.35333333,92.78138889,Debris,Complex
Mizoram,Aizawl,23.35416667,92.77027778,Debris,Fall
Mizoram,Aizawl,23.355,92.76972222,Debris,Slide
Mizoram,Aizawl,23.37972222,92.75166667,Debris,Slide
Mizoram,Aizawl,23.37222222,92.755,Debris,Slide
Mizoram,Aizawl,23.37194444,92.75527778,Debris,Complex
Mizoram,Aizawl,23.37083333,92.75861111,Debris,Slide
Mizoram,Aizawl,23.37083333,92.75833333,Debris,Slide
Mizoram,Aizawl,23.36805556,92.76138889,Debris,Slide
Mizoram,Aizawl,23.36805556,92.76638889,Debris,Slide
Mizoram,Aizawl,23.36138889,92.77083333,Rock,Slide
Mizoram,Aizawl,23.35694444,92.77027778,Debris,Complex
Mizoram,Aizawl,23.35638889,92.77027778,Debris,Complex
Mizoram,Aizawl,23.3725,92.75861111,Debris,Complex
Mizoram,Aizawl,23.37083333,92.77333333,Debris,Slide
Mizoram,Aizawl,23.37361111,92.77611111,Debris,Slide
Mizoram,Aizawl,23.39166667,92.75527778,Debris,Complex
Mizoram,Aizawl,23.39194444,92.75611111,Debris,Complex
Mizoram,Aizawl,23.39333333,92.75805556,Debris,Slide
Mizoram,Aizawl,23.39722222,92.75722222,Debris,Slide
Mizoram,Aizawl,23.40222222,92.75,Debris,Complex
Mizoram,Aizawl,23.41888889,92.76777778,Debris,Slide
Mizoram,Aizawl,23.41777778,92.76944444,Debris,Slide
Mizoram,Aizawl,23.41805556,92.77111111,Debris,Slide
Mizoram,Aizawl,23.41888889,92.77333333,Debris,Slide
Mizoram,Aizawl,23.43194444,92.76083333,Debris,Slide
Mizoram,Aizawl,23.43388889,92.76111111,Debris,Complex
Mizoram,Aizawl,23.42472222,92.74472222,Debris,Complex
Mizoram,Aizawl,23.43611111,92.76111111,Debris,Slide
Mizoram,Aizawl,23.44138889,92.77888889,Debris,Complex
Mizoram,Aizawl,23.44444444,92.79027778,Debris,Complex
Mizoram,Aizawl,23.4675,92.74083333,Debris,Slide
Mizoram,Aizawl,23.46722222,92.74083333,Debris,Complex
Mizoram,Aizawl,23.46916667,92.72083333,Debris,Complex
Mizoram,Aizawl,23.46972222,92.71861111,Debris,Slide
Mizoram,Aizawl,23.48555556,92.70305556,Debris,Slide
Mizoram,Aizawl,23.49083333,92.70555556,Debris,Complex
Mizoram,Aizawl,23.49055556,92.70583333,Debris,Slide
Mizoram,Aizawl,23.49333333,92.70666667,Debris,Complex
Mizoram,Aizawl,23.49444444,92.70416667,Debris,Slide
Mizoram,Aizawl,23.49527778,92.70472222,Debris,Complex
Mizoram,Aizawl,23.49666667,92.70416667,Debris,Slide
Mizoram,Aizawl,23.49861111,92.70388889,Debris,Complex
Mizoram,Aizawl,23.49888889,92.7025,Debris,Slide
Mizoram,Aizawl,23.49933333,92.70225,Debris,Slide
Mizoram,Aizawl,23.66194444,92.85416667,Debris,Slide
Mizoram,Aizawl,23.68277778,92.8575,Debris,Slide
Mizoram,Aizawl,23.68305556,92.8575,Debris,Slide
Mizoram,Aizawl,23.715,92.85472222,Debris,Slide
Mizoram,Aizawl,23.685,92.85722222,Debris,Slide
Mizoram,Aizawl,23.71388889,92.85722222,Debris,Slide
Mizoram,Aizawl,23.68638889,92.85833333,Debris,Slide
Mizoram,Aizawl,23.69305556,92.86055556,Debris,Slide
Mizoram,Aizawl,23.69472222,92.85972222,Debris,Slide
Mizoram,Aizawl,23.71416667,92.85805556,Debris,Slide
Mizoram,Aizawl,23.71416667,92.8575,Debris,Complex
Mizoram,Aizawl,23.71666667,92.85583333,Debris,Slide
Mizoram,Aizawl,23.72722222,92.85472222,Debris,Slide
Mizoram,Aizawl,23.72972222,92.85305556,Debris,Slide
Mizoram,Aizawl,23.73027778,92.85333333,Debris,Complex
Mizoram,Aizawl,23.72888889,92.85388889,Debris,Complex
Mizoram,Aizawl,23.73111111,92.84638889,Debris,Slide
Mizoram,Aizawl,23.73361111,92.84305556,Debris,Slide
Mizoram,Aizawl,23.73555556,92.83583333,Debris,Slide
Mizoram,Aizawl,23.73388889,92.76527778,Debris,Slide
Mizoram,Aizawl,23.73472222,92.83055556,Debris,Slide
Mizoram,Aizawl,23.73305556,92.82527778,Debris,Slide
Mizoram,Aizawl,23.73361111,92.82388889,Debris,Slide
Mizoram,Aizawl,23.735,92.82194444,Debris,Slide
Mizoram,Aizawl,23.73777778,92.825,Debris,Slide
Mizoram,Aizawl,23.73944444,92.82638889,Debris,Slide
Mizoram,Aizawl,23.75527778,92.82777778,Debris,Slide
Mizoram,Aizawl,23.74055556,92.81388889,Debris,Slide
Mizoram,Aizawl,23.73944444,92.81333333,Earth,Slide
Mizoram,Aizawl,23.73833333,92.81333333,Debris,Slide
Mizoram,Aizawl,23.73694444,92.81361111,Debris,Slide
Mizoram,Aizawl,23.73472222,92.81333333,Debris,Slide
Mizoram,Aizawl,23.73305556,92.80972222,Debris,Slide
Mizoram,Aizawl,23.73333333,92.80888889,Debris,Slide
Mizoram,Aizawl,23.72916667,92.75888889,Debris,Slide
Mizoram,Aizawl,23.73,92.75833333,Debris,Complex
Mizoram,Aizawl,23.73055556,92.75916667,Debris,Slide
Mizoram,Aizawl,23.73,92.75861111,Debris,Slide
Mizoram,Aizawl,23.73055556,92.75861111,Debris,Slide
Mizoram,Aizawl,23.73361111,92.76444444,Rock,Slide
Mizoram,Aizawl,23.72916667,92.76583333,Debris,Slide
Mizoram,Aizawl,23.72805556,92.76583333,Debris,Slide
Mizoram,Aizawl,23.73027778,92.76861111,Debris,Slide
Mizoram,Aizawl,23.73222222,92.76555556,Debris,Slide
Mizoram,Aizawl,23.7275,92.77,Debris,Slide
Mizoram,Aizawl,23.73055556,92.77888889,Debris,Complex
Mizoram,Aizawl,23.73794444,92.78613889,Rock,Slide
Mizoram,Aizawl,23.7375,92.78805556,Debris,Slide
Mizoram,Aizawl,23.73416667,92.78861111,Debris,Slide
Mizoram,Aizawl,23.7375,92.79277778,Debris,Slide
Mizoram,Aizawl,23.73388889,92.79388889,Debris,Slide
Mizoram,Aizawl,23.72222222,92.79861111,Debris,Complex
Mizoram,Aizawl,23.72138889,92.79944444,Debris,Slide
Mizoram,Aizawl,23.72138889,92.85777778,Debris,Slide
Mizoram,Aizawl,23.72083333,92.86472222,Debris,Slide
Mizoram,Aizawl,23.71194444,92.86888889,Debris,Slide
Mizoram,Aizawl,23.71805556,92.86638889,Debris,Slide
Mizoram,Aizawl,23.71166667,92.87833333,Debris,Slide
Mizoram,Aizawl,23.71111111,92.87861111,Debris,Slide
Mizoram,Aizawl,23.70333333,92.87638889,Debris,Slide
Mizoram,Aizawl,23.70277778,92.8775,Debris,Slide
Mizoram,Aizawl,23.70055556,92.87555556,Debris,Slide
Mizoram,Aizawl,23.69916667,92.87277778,Debris,Complex
Mizoram,Aizawl,23.69916667,92.87416667,Debris,Slide
Mizoram,Aizawl,23.73361111,92.84833333,Debris,Slide
Mizoram,Aizawl,23.73361111,92.85305556,Debris,Complex
Mizoram,Aizawl,23.735,92.85666667,Debris,Slide
Mizoram,Aizawl,23.73666667,92.85611111,Debris,Slide
Mizoram,Aizawl,23.73583333,92.85194444,Debris,Slide
Mizoram,Aizawl,23.74416667,92.85555556,Debris,Slide
Mizoram,Aizawl,23.74361111,92.85416667,Debris,Slide
Mizoram,Aizawl,23.76111111,92.84777778,Debris,Slide
Mizoram,Aizawl,23.76166667,92.85083333,Debris,Complex
Mizoram,Aizawl,23.76527778,92.85,Earth,Slide
Mizoram,Aizawl,23.76861111,92.85138889,Earth,Slide
Mizoram,Aizawl,23.77777778,92.8479,Earth,Slide
Mizoram,Aizawl,23.774,92.848,Debris,Slide
Mizoram,Aizawl,23.7775,92.84833333,Debris,Slide
Mizoram,Aizawl,23.77833333,92.84666667,Debris,Slide
Mizoram,Aizawl,23.77166667,92.84805556,Debris,Slide
Mizoram,Aizawl,23.70555556,92.84805556,Debris,Complex
Mizoram,Aizawl,24.24463611,93.423125,Debris,Slide
Mizoram,Aizawl,23.77361111,92.84944444,Debris,Slide
Mizoram,Aizawl,23.815,92.8275,Debris,Slide
Mizoram,Aizawl,23.81722222,92.82805556,Debris,Slide
Mizoram,Aizawl,23.82166667,92.83055556,Debris,Slide
Mizoram,Aizawl,23.82527778,92.8325,Debris,Slide
Mizoram,Aizawl,23.82638889,92.8325,Debris,Slide
Mizoram,Aizawl,23.83111111,92.83138889,Debris,Slide
Mizoram,Aizawl,23.83277778,92.8325,Debris,Slide
Mizoram,Aizawl,23.83888889,92.83194444,Earth,Slide
Mizoram,Aizawl,23.84777778,92.83694444,Debris,Slide
Mizoram,Aizawl,23.85194444,92.83305556,Earth,Slide
Mizoram,Aizawl,23.86222222,92.83666667,Debris,Slide
Mizoram,Aizawl,23.87694444,92.84,Earth,Slide
Mizoram,Aizawl,23.87777778,92.84083333,Debris,Slide
Mizoram,Aizawl,23.88583333,92.85055556,Rock,Slide
Mizoram,Aizawl,23.89277778,92.85083333,Debris,Slide
Mizoram,Aizawl,23.89138889,92.84888889,Debris,Slide
Mizoram,Aizawl,23.89305556,92.84722222,Earth,Slide
Mizoram,Aizawl,23.88361111,92.85305556,Earth,Slide
Mizoram,Aizawl,23.88527778,92.8575,Earth,Slide
Mizoram,Aizawl,23.76972222,92.76,Earth,Slide
Mizoram,Aizawl,24.03503889,93.54139444,Debris,Slide
Mizoram,Aizawl,24.05808333,93.49808333,Earth,Slide
Mizoram,Aizawl,24.04531667,93.49220278,Debris,Slide
Mizoram,Aizawl,24.090025,93.54191667,Debris,Slide
Mizoram,Aizawl,24.10864167,93.54198333,Debris,Slide
Mizoram,Aizawl,24.12682222,93.54013889,Debris,Slide
Mizoram,Aizawl,24.12715278,93.53351389,Earth,Slide
Mizoram,Aizawl,24.17180556,93.54406667,Debris,Slide
Mizoram,Aizawl,24.18291667,93.53441944,Debris,Slide
Mizoram,Aizawl,24.18566111,93.53935278,Debris,Slide
Mizoram,Aizawl,24.24449722,93.55275833,Debris,Slide
Mizoram,Aizawl,24.24755556,93.54809722,Debris,Slide
Mizoram,Aizawl,24.28840278,93.58591389,Debris,Slide
Mizoram,Aizawl,24.29982222,93.59040833,Debris,Slide
Mizoram,Aizawl,24.30768611,93.58120556,Debris,Slide
Mizoram,Aizawl,24.30711944,93.59375833,Earth,Slide
Mizoram,Aizawl,24.33915833,93.66233611,Debris,Slide
Mizoram,Aizawl,24.33331944,93.65702778,Debris,Slide
Mizoram,Aizawl,24.33300556,93.65357222,Debris,Slide
Mizoram,Aizawl,24.3309,93.66054444,Debris,Slide
Mizoram,Aizawl,24.32773611,93.57937222,Rock,Slide
Mizoram,Aizawl,24.39255556,93.65468611,Debris,Slide
Mizoram,Aizawl,24.45131667,93.60013333,Debris,Slide
Mizoram,Aizawl,24.49112222,93.62215556,Earth,Slide
Mizoram,Aizawl,24.48308611,93.58860833,Debris,Slide
Mizoram,Aizawl,24.48458889,93.58781944,Debris,Slide
Mizoram,Aizawl,24.492825,93.58643611,Earth,Slide
Mizoram,Aizawl,24.51785556,93.55086944,Debris,Slide
Mizoram,Aizawl,24.51698056,93.57191667,Debris,Slide
Mizoram,Aizawl,24.52308611,93.57206944,Debris,Slide
Mizoram,Aizawl,24.48338333,93.58848056,Debris,Complex
Mizoram,Aizawl,23.09758333,93.21623333,Debris,Slide
Mizoram,Aizawl,23.10851389,93.20975,Debris,Slide
Mizoram,Aizawl,23.10172778,93.20231944,Debris,Complex
Mizoram,Aizawl,23.101925,93.20426111,Debris,Slide
Mizoram,Aizawl,23.10184722,93.20138889,Debris,Slide
Mizoram,Aizawl,23.1057,93.20275278,Debris,Slide
Mizoram,Aizawl,23.109925,93.20970833,Debris,Slide
Mizoram,Aizawl,23.09759444,93.21089444,Debris,Slide
Mizoram,Aizawl,23.09561111,93.20786389,Debris,Slide
Mizoram,Aizawl,23.1077,93.19878056,Debris,Complex
Mizoram,Aizawl,23.10100556,93.19393611,Debris,Slide
Mizoram,Aizawl,23.10074722,93.18785278,Debris,Complex
Mizoram,Aizawl,23.09954722,93.18600278,Debris,Complex
Mizoram,Aizawl,23.10354167,93.18202778,Debris,Complex
Mizoram,Aizawl,23.10299444,93.18323889,Debris,Slide
Mizoram,Aizawl,23.0983,93.17597222,Debris,Slide
Mizoram,Aizawl,23.110975,93.21260278,Debris,Slide
Mizoram,Aizawl,23.25986389,93.16155278,Debris,Slide
Mizoram,Aizawl,23.25828611,93.15288333,Debris,Slide
Mizoram,Aizawl,23.26126111,93.15070556,Debris,Slide
Mizoram,Aizawl,23.25951944,93.15917222,Debris,Complex
Mizoram,Aizawl,23.27598056,93.14351667,Debris,Slide
Mizoram,Aizawl,23.27663889,93.14375,Rock,Slide
Mizoram,Aizawl,23.281075,93.144075,Debris,Slide
Mizoram,Aizawl,23.32829167,93.12184167,Debris,Slide
Mizoram,Aizawl,23.33529167,93.11214167,Debris,Slide
Mizoram,Aizawl,23.34297778,93.057775,Debris,Slide
Mizoram,Aizawl,23.35406111,93.04156111,Debris,Slide
Mizoram,Aizawl,23.35958611,93.04477222,Debris,Slide
Mizoram,Aizawl,23.24231111,93.17726667,Debris,Slide
Mizoram,Aizawl,23.24500833,93.17587222,Debris,Slide
Mizoram,Aizawl,23.24454722,93.17027222,Debris,Slide
Mizoram,Aizawl,23.20960722,93.13104722,Debris,Slide
Mizoram,Aizawl,23.21068583,93.1212325,Debris,Slide
Mizoram,Aizawl,23.57722222,92.71222222,Earth,Complex
Mizoram,Aizawl,23.692391,92.723348,Debris,Slide
Mizoram,Aizawl,23.6868033,92.7251987,Rock,Slide
Mizoram,Aizawl,23.7002691,92.7181685,Rock,Fall
Mizoram,Aizawl,23.74247,92.705587,Debris,Subsidence
Mizoram,Aizawl,23.729422,92.716596,Earth,Slide
Mizoram,Aizawl,23.717553,92.716826,Debris,Subsidence
Mizoram,Aizawl,23.71577,92.713172,Debris,Slide
Mizoram,Aizawl,23.730243,92.75603,Debris,Slide
Mizoram,Aizawl,23.75024,92.736662,Debris,Flow
Mizoram,Aizawl,23.758901,92.730863,Debris,slide
Mizoram,Aizawl,23.755925,92.726753,Rock,Fall
Mizoram,Aizawl,23.745802,92.717053,Earth,Slide
Mizoram,Aizawl,23.605091,92.72184,Debris,Flow
Mizoram,Aizawl,23.581766,92.713413,Debris,Slide
Mizoram,Aizawl,23.469247,92.744068,Earth,Slide
Mizoram,Aizawl,23.410771,92.753123,Debris,Slide
Mizoram,Aizawl,23.367366,92.767304,Rock,Slide
Mizoram,Aizawl,23.353485,92.780193,Debris,Slide
Mizoram,Aizawl,23.350187,92.778852,Debris,Slide
Mizoram,Aizawl,23.341022,92.776761,Debris,Slide
Mizoram,Aizawl,23.339144,92.786128,Debris,Slide
Mizoram,Aizawl,23.336229,92.787113,Debris,Flow
Mizoram,Aizawl,23.313871,92.792739,Debris,Slide
Mizoram,Aizawl,23.700835,92.877449,Debris,Slide
Mizoram,Aizawl,23.760466,92.848969,Debris,Flow
Mizoram,Aizawl,23.807952,92.834037,Earth,Slide
Mizoram,Aizawl,24.285871,92.94599,Debris,Slide
Mizoram,Aizawl,24.288014,92.946017,Earth,Slide
Mizoram,Aizawl,24.354658,92.925511,Debris,Slide
Mizoram,Aizawl,24.365715,92.930137,Debris,Slide
Mizoram,Aizawl,23.747519,92.853155,Debris,Slide
Mizoram,Aizawl,23.65701389,93.02799167,Rock,Slide
Mizoram,Aizawl,23.74035833,92.71311667,Debris,Slide
Mizoram,Aizawl,23.72949444,92.77544444,Rock,Slide
Mizoram,Aizawl,24.80375556,92.733375,Rock,Creep
Mizoram,Aizawl,22.87355833,92.75595278,Rock,Slide
Mizoram,Aizawl,24.73197222,92.75988889,Rock,Slide
Mizoram,Aizawl,23.74190833,92.74161389,Debris (Colluvium),Slide
Mizoram,Aizawl,23.68416667,92.85708333,"Debris (Older well
compacted debris)",Slide
Mizoram,Aizawl,23.71688889,92.72083333,"Soil (Top soil,
overburden-
weathered rock
fragments and filled
material)",Slide
Mizoram,Aizawl,23.74150833,92.70785833,Rock,Slide
Mizoram,Aizawl,23.70213889,92.71822222,Unknown,Unknown
Mizoram,Aizawl,23.60722222,92.72505556,Unknown,Unknown
Mizoram,Aizawl,23.47,92.7215,Debris,slide
Mizoram,Aizawl,23.4688,92.7208,Debris,slide
Mizoram,Aizawl,23.4731,92.7119,Debris,Slide
Mizoram,Aizawl,23.4761,92.7066,Earth,Slide
Mizoram,Aizawl,23.4785,92.7043,Debris,Slide
Mizoram,Aizawl,23.4785,92.7041,Debris,Slide
Mizoram,Aizawl,23.4807,92.7025,Debris,Slide
Mizoram,Aizawl,23.4855,92.7033,Debris,Slide
Mizoram,Aizawl,23.4912,92.7055,Debris,Slide
Mizoram,Aizawl,23.4946,92.7044,Debris,Slide
Mizoram,Aizawl,23.499713,92.7015,Debris,Slide
Mizoram,Aizawl,23.500156,92.701436,Debris,Slide
Mizoram,Aizawl,23.504006,92.699247,Debris,Slide
Mizoram,Aizawl,23.502336,92.697334,Rock,Slide
Mizoram,Aizawl,23.502513,92.697754,Debris,Slide
Mizoram,CHAMPHAI,23.88591667,93.20961111,Unknown,Unknown
Mizoram,CHHITUIPUI,22.49086111,92.98086111,Unknown,Unknown
Mizoram,CHHITUIPUI,22.48541667,92.98238889,Unknown,Unknown
Mizoram,Champhai,23.026818,93.26673,Rock,Fall
Mizoram,Champhai,23.051673,93.306394,Rock,Fall
Mizoram,Champhai,23.05214,93.307373,Rock,Fall
Mizoram,Champhai,23.058,93.280568,Rock,Slide
Mizoram,Champhai,23.059174,93.276033,Soil,Slide
Mizoram,Champhai,23.059264,93.275647,Debris,Slide
Mizoram,Champhai,23.072695,93.218956,Debris,Slide
Mizoram,Champhai,23.075575,93.315376,Debris,Slide
Mizoram,Champhai,23.075703,93.315391,Debris,Slide
Mizoram,Champhai,23.075896,93.315313,Debris,Slide
Mizoram,Champhai,23.081345,93.321054,Rock,Fall
Mizoram,Champhai,23.081569,93.320633,Rock,Fall
Mizoram,Champhai,23.08964,93.200974,Debris,Slide
Mizoram,Champhai,23.127266,93.296204,Rock,Slide
Mizoram,Champhai,23.131158,93.293979,Debris,Slide
Mizoram,Champhai,23.135405,93.368299,Rock,Slide
Mizoram,Champhai,23.135434,93.368506,Rock,Slide
Mizoram,Champhai,23.136654,93.314856,Rock,Slide
Mizoram,Champhai,23.136712,93.31485,Rock,Slide
Mizoram,Champhai,23.138981,93.288852,Rock,Slide
Mizoram,Champhai,23.139244,93.289294,Rock,Slide
Mizoram,Champhai,23.140294,93.344976,Soil,Slide
Mizoram,Champhai,23.14046,93.343507,Soil,Slide
Mizoram,Champhai,23.140461,93.343504,Soil,Slide
Mizoram,Champhai,23.141408,93.338272,Debris,Slide
Mizoram,Champhai,23.141445,93.33848,Debris,Slide
Mizoram,Champhai,23.145214,93.287063,Soil,Slide
Mizoram,Champhai,23.14572,93.306544,Rock,Slide
Mizoram,Champhai,23.146056,93.306889,Rock,Slide
Mizoram,Champhai,23.146333,93.30675,Rock,Slide
Mizoram,Champhai,23.146464,93.306249,Debris,Slide
Mizoram,Champhai,23.1465,93.30625,Debris,Slide
Mizoram,Champhai,23.14953,93.287758,Rock,Slide
Mizoram,Champhai,23.150818,93.286358,Debris,Slide
Mizoram,Champhai,23.150924,93.28563,Rock,Fall
Mizoram,Champhai,23.15114,93.283462,Debris,Slide
Mizoram,Champhai,23.151417,93.283077,Debris,Slide
Mizoram,Champhai,23.151444,93.282333,Debris,Slide
Mizoram,Champhai,23.152298,93.28066,Rock,Slide
Mizoram,Champhai,23.157667,93.279722,Rock,Slide
Mizoram,Champhai,23.161889,93.2775,Soil,Slide
Mizoram,Champhai,23.163158,93.280821,Rock,Slide
Mizoram,Champhai,23.163528,93.281056,Rock,Slide
Mizoram,Champhai,23.164508,93.270428,Soil,Slide
Mizoram,Champhai,23.181417,93.197586,Debris,Slide
Mizoram,Champhai,23.182417,93.246498,Debris,Slide
Mizoram,Champhai,23.183584,93.235031,Rock,Fall
Mizoram,Champhai,23.206,93.329028,Rock,Slide
Mizoram,Champhai,23.207528,93.258861,Rock,Fall
Mizoram,Champhai,23.207889,93.255917,Rock,Slide
Mizoram,Champhai,23.208139,93.257389,Debris,Slide
Mizoram,Champhai,23.21475,93.261139,Debris,Slide
Mizoram,Champhai,23.237767,93.308461,Soil,Slide
Mizoram,Champhai,23.244541,93.099533,Debris,Slide
Mizoram,Champhai,23.254263,93.238127,Debris,Slide
Mizoram,Champhai,23.26125,93.337222,Debris,Slide
Mizoram,Champhai,23.261944,93.295194,Rock,Slide
Mizoram,Champhai,23.262222,93.337667,Debris,Slide
Mizoram,Champhai,23.270139,93.293333,Rock,Slide
Mizoram,Champhai,23.279667,93.232917,Soil,Slide
Mizoram,Champhai,23.296,93.340556,Soil,Slide
Mizoram,Champhai,23.296419,93.095813,Rock,Slide
Mizoram,Champhai,23.297894,93.332441,Rock,Slide
Mizoram,Champhai,23.299073,93.057068,Rock,Slide
Mizoram,Champhai,23.301117,93.330175,Rock,Slide
Mizoram,Champhai,23.303412,93.31066,Rock,Slide
Mizoram,Champhai,23.303639,93.311361,Rock,Slide
Mizoram,Champhai,23.304778,93.329472,Debris,Slide
Mizoram,Champhai,23.304833,93.306778,Debris,Slide
Mizoram,Champhai,23.305111,93.311528,Debris,Slide
Mizoram,Champhai,23.30622,93.294554,Debris,Slide
Mizoram,Champhai,23.306444,93.303889,Rock,Slide
Mizoram,Champhai,23.306444,93.311639,Rock,Slide
Mizoram,Champhai,23.307833,93.311672,Rock,Slide
Mizoram,Champhai,23.310167,93.311889,Rock,Slide
Mizoram,Champhai,23.310611,93.312,Rock,Slide
Mizoram,Champhai,23.311082,93.323501,Debris,Slide
Mizoram,Champhai,23.311604,93.313134,Rock,Slide
Mizoram,Champhai,23.312747,93.314456,Debris,Slide
Mizoram,Champhai,23.320197,93.285718,Rock,Slide
Mizoram,Champhai,23.322151,93.066154,Rock,Slide
Mizoram,Champhai,23.322995,93.092151,Rock,Slide
Mizoram,Champhai,23.325028,93.092333,Debris,Slide
Mizoram,Champhai,23.3305,93.096806,Debris,Slide
Mizoram,Champhai,23.33101,93.091406,Debris,Slide
Mizoram,Champhai,23.336389,93.074722,Debris,Slide
Mizoram,Champhai,23.336425,93.361493,Debris,Slide
Mizoram,Champhai,23.336955,93.07526,Rock,Slide
Mizoram,Champhai,23.337519,93.076258,Rock,Slide
Mizoram,Champhai,23.339889,93.357889,Debris,Slide
Mizoram,Champhai,23.340389,93.102306,Rock,Fall
Mizoram,Champhai,23.340722,93.081083,Debris,Slide
Mizoram,Champhai,23.341111,93.080583,Debris,Slide
Mizoram,Champhai,23.341194,93.080389,Debris,Slide
Mizoram,Champhai,23.341333,93.080056,Debris,Slide
Mizoram,Champhai,23.350776,93.296677,Rock,Slide
Mizoram,Champhai,23.351115,93.296893,Rock,Slide
Mizoram,Champhai,23.353111,93.299361,Debris,Slide
Mizoram,Champhai,23.354778,93.300556,Debris,Slide
Mizoram,Champhai,23.35691,93.301356,Rock,Slide
Mizoram,Champhai,23.359579,93.298884,Rock,Slide
Mizoram,Champhai,23.361979,93.299909,Debris,Slide
Mizoram,Champhai,23.36545,93.377907,Rock,Fall
Mizoram,Champhai,23.366333,93.380028,Debris,Slide
Mizoram,Champhai,23.366694,93.380139,Rock,Fall
Mizoram,Champhai,23.367333,93.380083,Soil,Slide
Mizoram,Champhai,23.367806,93.381139,Debris,Flow
Mizoram,Champhai,23.368361,93.379667,Debris,Slide
Mizoram,Champhai,23.368386,93.380632,Soil,Slide
Mizoram,Champhai,23.369857,93.296657,Debris,Slide
Mizoram,Champhai,23.370167,93.120444,Rock,Slide
Mizoram,Champhai,23.373849,93.383061,Debris,Slide
Mizoram,Champhai,23.37492,93.1185,Rock,Slide
Mizoram,Champhai,23.375634,93.384499,Debris,Slide
Mizoram,Champhai,23.375972,93.384639,Rock,Slide
Mizoram,Champhai,23.376472,93.384778,Debris,Slide
Mizoram,Champhai,23.3765,93.384861,Debris,Slide
Mizoram,Champhai,23.378571,93.218843,Soil,Slide
Mizoram,Champhai,23.379469,93.385565,Soil,Slide
Mizoram,Champhai,23.379732,93.383565,Rock,Slide
Mizoram,Champhai,23.379812,93.384813,Rock,Slide
Mizoram,Champhai,23.38075,93.13075,Soil,Slide
Mizoram,Champhai,23.380806,93.128917,Rock,Slide
Mizoram,Champhai,23.381167,93.112917,Rock,Slide
Mizoram,Champhai,23.382417,93.384944,Soil,Slide
Mizoram,Champhai,23.382695,93.116001,Debris,Slide
Mizoram,Champhai,23.383778,93.115972,Soil,Slide
Mizoram,Champhai,23.384222,93.145528,Rock,Slide
Mizoram,Champhai,23.387194,93.147806,Soil,Slide
Mizoram,Champhai,23.388162,93.312962,Debris,Slide
Mizoram,Champhai,23.388585,93.2446,Rock,Slide
Mizoram,Champhai,23.390204,93.311043,Rock,Slide
Mizoram,Champhai,23.391352,93.376359,Rock,Fall
Mizoram,Champhai,23.391983,93.376078,Debris,Slide
Mizoram,Champhai,23.392598,93.375863,Rock,Fall
Mizoram,Champhai,23.393194,93.378917,Debris,Slide
Mizoram,Champhai,23.393889,93.309244,Debris,Slide
Mizoram,Champhai,23.394333,93.374861,Rock,Slide
Mizoram,Champhai,23.394732,93.381271,Rock,Slide
Mizoram,Champhai,23.395159,93.374335,Rock,Slide
Mizoram,Champhai,23.395375,93.369426,Rock,Slide
Mizoram,Champhai,23.395474,93.370459,Soil,Slide
Mizoram,Champhai,23.396738,93.368237,Soil,Slide
Mizoram,Champhai,23.397417,93.385722,Soil,Slide
Mizoram,Champhai,23.397861,93.3845,Rock,Slide
Mizoram,Champhai,23.397884,93.384281,Rock,Slide
Mizoram,Champhai,23.404207,93.318763,Rock,Slide
Mizoram,Champhai,23.40555,93.360549,Rock,Slide
Mizoram,Champhai,23.406236,93.356052,Debris,Slide
Mizoram,Champhai,23.407528,93.318111,Debris,Slide
Mizoram,Champhai,23.408528,93.361278,Rock,Slide
Mizoram,Champhai,23.410218,93.343897,Rock,Slide
Mizoram,Champhai,23.411417,93.343361,Rock,Slide
Mizoram,Champhai,23.411942,93.154836,Rock,Slide
Mizoram,Champhai,23.412845,93.33833,Rock,Slide
Mizoram,Champhai,23.414113,93.136272,Rock,Slide
Mizoram,Champhai,23.418808,93.163009,Debris,Slide
Mizoram,Champhai,23.419417,93.333333,Rock,Slide
Mizoram,Champhai,23.4195,93.331917,Debris,Slide
Mizoram,Champhai,23.422583,93.166,Rock,Slide
Mizoram,Champhai,23.423972,93.165944,Rock,Slide
Mizoram,Champhai,23.42425,93.168778,Soil,Slide
Mizoram,Champhai,23.424417,93.167306,Soil,Slide
Mizoram,Champhai,23.425583,93.168278,Debris,Slide
Mizoram,Champhai,23.427418,93.335544,Debris,Slide
Mizoram,Champhai,23.427611,93.336861,Rock,Slide
Mizoram,Champhai,23.427713,93.33564,Rock,Slide
Mizoram,Champhai,23.428061,93.339182,Rock,Slide
Mizoram,Champhai,23.429181,93.171166,Debris,Slide
Mizoram,Champhai,23.430917,93.171889,Rock,Slide
Mizoram,Champhai,23.431639,93.33925,Rock,Slide
Mizoram,Champhai,23.43179,93.339128,Rock,Slide
Mizoram,Champhai,23.439142,93.222581,Rock,Slide
Mizoram,Champhai,23.442083,93.223472,Soil,Slide
Mizoram,Champhai,23.445083,93.223889,Debris,Slide
Mizoram,Champhai,23.447639,93.223611,Rock,Slide
Mizoram,Champhai,23.448278,93.207472,Debris,Slide
Mizoram,Champhai,23.448329,93.209889,Rock,Slide
Mizoram,Champhai,23.449083,93.206222,Debris,Slide
Mizoram,Champhai,23.451972,93.259686,Debris,Slide
Mizoram,Champhai,23.453389,93.2615,Rock,Slide
Mizoram,Champhai,23.454924,93.260137,Rock,Slide
Mizoram,Champhai,23.455367,93.362276,Rock,Slide
Mizoram,Champhai,23.45769,93.041184,Rock,Slide
Mizoram,Champhai,23.457971,93.263265,Rock,Slide
Mizoram,Champhai,23.45835,93.263247,Rock,Slide
Mizoram,Champhai,23.458538,93.260555,Debris,Slide
Mizoram,Champhai,23.458778,93.263222,Rock,Slide
Mizoram,Champhai,23.459039,93.324774,Rock,Slide
Mizoram,Champhai,23.459737,93.044479,Rock,Slide
Mizoram,Champhai,23.461083,93.205278,Debris,Slide
Mizoram,Champhai,23.461111,93.320472,Debris,Slide
Mizoram,Champhai,23.46243,93.262259,Soil,Slide
Mizoram,Champhai,23.462667,93.317472,Debris,Slide
Mizoram,Champhai,23.462917,93.04575,Rock,Slide
Mizoram,Champhai,23.466139,93.312778,Debris,Slide
Mizoram,Champhai,23.466951,93.311834,Debris,Slide
Mizoram,Champhai,23.467005,93.315107,Rock,Slide
Mizoram,Champhai,23.46718,93.311778,Debris,Slide
Mizoram,Champhai,23.467623,93.250867,Rock,Slide
Mizoram,Champhai,23.467679,93.250636,Rock,Slide
Mizoram,Champhai,23.467715,93.313017,Debris,Slide
Mizoram,Champhai,23.468361,93.304222,Rock,Slide
Mizoram,Champhai,23.468389,93.27075,Rock,Slide
Mizoram,Champhai,23.468508,93.270788,Debris,Slide
Mizoram,Champhai,23.46925,93.273139,Rock,Slide
Mizoram,Champhai,23.469712,93.248874,Debris,Slide
Mizoram,Champhai,23.469833,93.314889,Rock,Slide
Mizoram,Champhai,23.470329,93.26728,Debris,Slide
Mizoram,Champhai,23.470722,93.246639,Rock,Slide
Mizoram,Champhai,23.470917,93.296417,Rock,Slide
Mizoram,Champhai,23.471889,93.246333,Debris,Slide
Mizoram,Champhai,23.473258,93.241869,Debris,Slide
Mizoram,Champhai,23.473361,93.222167,Debris,Slide
Mizoram,Champhai,23.473611,93.243069,Debris,Slide
Mizoram,Champhai,23.473662,93.312845,Debris,Slide
Mizoram,Champhai,23.473778,93.239194,Rock,Slide
Mizoram,Champhai,23.474056,93.225889,Debris,Slide
Mizoram,Champhai,23.474194,93.229667,Rock,Slide
Mizoram,Champhai,23.474472,93.322667,Debris,Slide
Mizoram,Champhai,23.474528,93.241611,Debris,Slide
Mizoram,Champhai,23.474611,93.241556,Debris,Slide
Mizoram,Champhai,23.474639,93.314167,Debris,Slide
Mizoram,Champhai,23.474833,93.229,Debris,Slide
Mizoram,Champhai,23.475139,93.241028,Rock,Slide
Mizoram,Champhai,23.475522,93.313978,Debris,Slide
Mizoram,Champhai,23.476694,93.238556,Debris,Slide
Mizoram,Champhai,23.476989,93.377213,Rock,Slide
Mizoram,Champhai,23.477778,93.236333,Rock,Slide
Mizoram,Champhai,23.477806,93.236611,Rock,Slide
Mizoram,Champhai,23.477806,93.310111,Debris,Slide
Mizoram,Champhai,23.478556,93.311722,Debris,Slide
Mizoram,Champhai,23.479667,93.225722,Rock,Slide
Mizoram,Champhai,23.480549,93.040585,Debris,Slide
Mizoram,Champhai,23.481881,93.214835,Debris,Slide
Mizoram,Champhai,23.482322,93.310052,Debris,Slide
Mizoram,Champhai,23.48375,93.212611,Rock,Slide
Mizoram,Champhai,23.484639,93.278222,Rock,Fall
Mizoram,Champhai,23.485194,93.274236,Rock,Slide
Mizoram,Champhai,23.487306,93.192778,Rock,Slide
Mizoram,Champhai,23.487813,93.20758,Debris,Slide
Mizoram,Champhai,23.490702,93.33685,Rock,Slide
Mizoram,Champhai,23.496347,93.310454,Debris,Slide
Mizoram,Champhai,23.498889,93.311889,Debris,Slide
Mizoram,Champhai,23.500803,93.201572,Rock,Slide
Mizoram,Champhai,23.5087,93.360825,Debris,Slide
Mizoram,Champhai,23.510275,93.360333,Debris,Slide
Mizoram,Champhai,23.512147,93.359164,Debris,Slide
Mizoram,Champhai,23.513436,93.074047,Debris,Slide
Mizoram,Champhai,23.514479,93.369982,Debris,Slide
Mizoram,Champhai,23.517632,93.075702,Rock,Slide
Mizoram,Champhai,23.518162,93.366956,Debris,Slide
Mizoram,Champhai,23.534307,93.168479,Soil,Slide
Mizoram,Champhai,23.537082,93.161682,Rock,Fall
Mizoram,Champhai,23.537491,93.159176,Rock,Slide
Mizoram,Champhai,23.538538,93.158251,Rock,Slide
Mizoram,Champhai,23.540457,93.379051,Debris,Slide
Mizoram,Champhai,23.541929,93.382376,Rock,Slide
Mizoram,Champhai,23.542899,93.156212,Rock,Slide
Mizoram,Champhai,23.54294,93.384772,Rock,Slide
Mizoram,Champhai,23.543891,93.232644,Debris,Slide
Mizoram,Champhai,23.545796,93.136912,Rock,Slide
Mizoram,Champhai,23.546048,93.147734,Rock,Slide
Mizoram,Champhai,23.546627,93.381058,Debris,Slide
Mizoram,Champhai,23.548132,93.077509,Rock,Slide
Mizoram,Champhai,23.548173,93.131588,Rock,Slide
Mizoram,Champhai,23.55097,93.215688,Debris,Slide
Mizoram,Champhai,23.555561,93.072462,Debris,Slide
Mizoram,Champhai,23.555929,93.295668,Debris,Slide
Mizoram,Champhai,23.563275,93.120567,Rock,Slide
Mizoram,Champhai,23.56952,93.100523,Rock,Slide
Mizoram,Champhai,23.570595,93.07382,Debris,Slide
Mizoram,Champhai,23.573051,93.102716,Debris,Slide
Mizoram,Champhai,23.57348,93.102938,Rock,Slide
Mizoram,Champhai,23.573731,93.075313,Rock,Slide
Mizoram,Champhai,23.577354,93.102871,Debris,Slide
Mizoram,Champhai,23.583574,93.09659,Rock,Fall
Mizoram,Champhai,23.586582,93.102493,Rock,Slide
Mizoram,Champhai,23.597403,93.094131,Rock,Slide
Mizoram,Champhai,23.597919,93.207362,Debris,Slide
Mizoram,Champhai,23.602028,93.083824,Rock,Slide
Mizoram,Champhai,23.602395,93.084222,Rock,Slide
Mizoram,Champhai,23.603629,93.355925,Debris,Slide
Mizoram,Champhai,23.603808,93.092328,Debris,Slide
Mizoram,Champhai,23.603865,93.204311,Rock,Slide
Mizoram,Champhai,23.604431,93.204251,Rock,Slide
Mizoram,Champhai,23.605611,93.08682,Debris,Slide
Mizoram,Champhai,23.605864,93.20387,Rock,Slide
Mizoram,Champhai,23.606539,93.087476,Rock,Slide
Mizoram,Champhai,23.607124,93.088782,Rock,Slide
Mizoram,Champhai,23.60753,93.092644,Rock,Slide
Mizoram,Champhai,23.607873,93.351351,Rock,Slide
Mizoram,Champhai,23.608133,93.201022,Debris,Slide
Mizoram,Champhai,23.612312,93.198942,Rock,Slide
Mizoram,Champhai,23.617227,93.042191,Debris,Slide
Mizoram,Champhai,23.618316,93.342403,Debris,Slide
Mizoram,Champhai,23.619791,93.33801,Debris,Slide
Mizoram,Champhai,23.626738,93.033627,Debris,Slide
Mizoram,Champhai,23.629553,93.077474,Debris,Slide
Mizoram,Champhai,23.630914,93.079723,Debris,Slide
Mizoram,Champhai,23.631956,93.033971,Debris,Slide
Mizoram,Champhai,23.63341,93.033595,Debris,Slide
Mizoram,Champhai,23.633591,93.048668,Soil,Flow
Mizoram,Champhai,23.635122,93.065289,Soil,Slide
Mizoram,Champhai,23.635733,93.07666,Debris,Slide
Mizoram,Champhai,23.636647,93.082939,Debris,Slide
Mizoram,Champhai,23.636699,93.083183,Rock,Slide
Mizoram,Champhai,23.6377,93.066302,Soil,Slide
Mizoram,Champhai,23.63797,93.078826,Debris,Slide
Mizoram,Champhai,23.638822,93.066182,Soil,Slide
Mizoram,Champhai,23.639272,93.066239,Soil,Slide
Mizoram,Champhai,23.640073,93.315306,Rock,Slide
Mizoram,Champhai,23.640448,93.343559,Debris,Slide
Mizoram,Champhai,23.640693,93.084944,Rock,Slide
Mizoram,Champhai,23.64119,93.085929,Rock,Slide
Mizoram,Champhai,23.644469,93.068299,Soil,Slide
Mizoram,Champhai,23.644962,93.076363,Debris,Slide
Mizoram,Champhai,23.646848,93.068776,Debris,Slide
Mizoram,Champhai,23.647342,93.303877,Rock,Slide
Mizoram,Champhai,23.647375,93.303415,Debris,Slide
Mizoram,Champhai,23.647593,93.068219,Debris,Slide
Mizoram,Champhai,23.647667,93.299727,Debris,Slide
Mizoram,Champhai,23.648967,93.291988,Debris,Slide
Mizoram,Champhai,23.654025,93.287022,Debris,Slide
Mizoram,Champhai,23.657018,93.286924,Debris,Slide
Mizoram,Champhai,23.657186,93.087169,Debris,Slide
Mizoram,Champhai,23.657642,93.349683,Debris,Slide
Mizoram,Champhai,23.659891,93.349052,Debris,Slide
Mizoram,Champhai,23.660361,93.285548,Debris,Slide
Mizoram,Champhai,23.666608,93.350691,Debris,Slide
Mizoram,Champhai,23.672022,93.349595,Debris,Slide
Mizoram,Champhai,23.673104,93.349412,Debris,Slide
Mizoram,Champhai,23.677967,93.087973,Rock,Slide
Mizoram,Champhai,23.681548,93.030106,Rock,Slide
Mizoram,Champhai,23.682274,93.350321,Debris,Slide
Mizoram,Champhai,23.684707,93.088283,Rock,Slide
Mizoram,Champhai,23.685602,93.028404,Rock,Slide
Mizoram,Champhai,23.687031,93.203106,Debris,Slide
Mizoram,Champhai,23.689256,93.192172,Rock,Slide
Mizoram,Champhai,23.689282,93.039041,Debris,Slide
Mizoram,Champhai,23.69159,93.190067,Rock,Slide
Mizoram,Champhai,23.694333,93.183335,Rock,Slide
Mizoram,Champhai,23.695088,93.041426,Debris,Slide
Mizoram,Champhai,23.696979,93.041829,Debris,Slide
Mizoram,Champhai,23.701047,93.190913,Debris,Slide
Mizoram,Champhai,23.701575,93.177726,Debris,Slide
Mizoram,Champhai,23.705705,93.19007,Debris,Slide
Mizoram,Champhai,23.707126,93.187183,Debris,Slide
Mizoram,Champhai,23.708377,93.053261,Rock,Slide
Mizoram,Champhai,23.708507,93.05583,Debris,Slide
Mizoram,Champhai,23.710517,93.058403,Rock,Slide
Mizoram,Champhai,23.734427,93.08625,Rock,Slide
Mizoram,Champhai,23.741851,93.377004,Debris,Slide
Mizoram,Champhai,23.742696,93.378058,Debris,Slide
Mizoram,Champhai,23.742754,93.094558,Rock,Slide
Mizoram,Champhai,23.746832,93.377656,Rock,Slide
Mizoram,Champhai,23.747111,93.378258,Debris,Slide
Mizoram,Champhai,23.747943,93.374597,Debris,Slide
Mizoram,Champhai,23.749805,93.099227,Rock,Slide
Mizoram,Champhai,23.750139,93.098167,Rock,Slide
Mizoram,Champhai,23.753222,93.377281,Rock,Slide
Mizoram,Champhai,23.777555,93.112473,Debris,Slide
Mizoram,Champhai,23.780138,93.152916,Rock,Slide
Mizoram,Champhai,23.782249,93.148865,Debris,Slide
Mizoram,Champhai,23.782249,93.116165,Debris,Slide
Mizoram,Champhai,23.785944,93.154137,Rock,Slide
Mizoram,Champhai,23.78775,93.386887,Debris,Slide
Mizoram,Champhai,23.788666,93.386139,Debris,Slide
Mizoram,Champhai,23.790138,93.394447,Debris,Slide
Mizoram,Champhai,23.79125,93.384583,Debris,Slide
Mizoram,Champhai,23.791277,93.156387,Debris,Slide
Mizoram,Champhai,23.792749,93.116943,Debris,Slide
Mizoram,Champhai,23.793417,93.387474,Debris,Slide
Mizoram,Champhai,23.795778,93.38797,Debris,Slide
Mizoram,Champhai,23.798611,93.16378,Debris,Slide
Mizoram,Champhai,23.799166,93.132919,Debris,Slide
Mizoram,Champhai,23.800556,93.15889,Debris,Slide
Mizoram,Champhai,23.801001,93.166359,Debris,Slide
Mizoram,Champhai,23.801054,93.168762,Rock,Slide
Mizoram,Champhai,23.801399,93.168648,Rock,Slide
Mizoram,Champhai,23.803055,93.160164,Debris,Slide
Mizoram,Champhai,23.803085,93.159225,Debris,Slide
Mizoram,Champhai,23.803364,93.159164,Rock,Slide
Mizoram,Champhai,23.810806,93.379028,Debris,Slide
Mizoram,Champhai,23.832916,93.301888,Debris,Slide
Mizoram,Champhai,23.833166,93.305275,Debris,Slide
Mizoram,Champhai,23.836056,93.37664,Debris,Slide
Mizoram,Champhai,23.842167,93.373917,Debris,Slide
Mizoram,Champhai,23.84461,93.190277,Rock,Slide
Mizoram,Champhai,23.846056,93.371971,Debris,Slide
Mizoram,Champhai,23.851723,93.186775,Rock,Slide
Mizoram,Champhai,23.860167,93.194778,Debris,Slide
Mizoram,Champhai,23.860361,93.203804,Debris,Slide
Mizoram,Champhai,23.861805,93.364944,Debris,Slide
Mizoram,Champhai,23.862638,93.204025,Debris,Slide
Mizoram,Champhai,23.863417,93.201279,Debris,Slide
Mizoram,Champhai,23.866138,93.222809,Debris,Slide
Mizoram,Champhai,23.867277,93.205643,Debris,Slide
Mizoram,Champhai,23.868279,93.222557,Debris,Slide
Mizoram,Champhai,23.870445,93.208611,Debris,Slide
Mizoram,Champhai,23.870445,93.353859,Debris,Slide
Mizoram,Champhai,23.870567,93.215149,Debris,Slide
Mizoram,Champhai,23.87211,93.335999,Rock,Slide
Mizoram,Champhai,23.874056,93.244469,Rock,Slide
Mizoram,Champhai,23.875174,93.21302,Debris,Slide
Mizoram,Champhai,23.876139,93.260445,Debris,Slide
Mizoram,Champhai,23.877806,93.267609,Rock,Fall
Mizoram,Champhai,23.881056,93.245804,Debris,Slide
Mizoram,Champhai,23.881361,93.257027,Rock,Slide
Mizoram,Champhai,23.88139,93.243027,Debris,Slide
Mizoram,Champhai,23.881639,93.234642,Debris,Slide
Mizoram,Champhai,23.881971,93.250969,Rock,Slide
Mizoram,Champhai,23.882389,93.248947,Debris,Slide
Mizoram,Champhai,23.883944,93.247528,Rock,Slide
Mizoram,Champhai,23.884083,93.209908,Rock,Slide
Mizoram,Champhai,23.885195,93.202332,Rock,Slide
Mizoram,Champhai,23.885279,93.207726,Debris,Flow
Mizoram,Champhai,23.886723,93.200279,Debris,Slide
Mizoram,Champhai,23.890694,93.275024,Rock,Slide
Mizoram,Champhai,23.901638,93.278641,Debris,Slide
Mizoram,Champhai,23.905027,93.185776,Rock,Slide
Mizoram,Champhai,23.908806,93.177391,Debris,Slide
Mizoram,Champhai,23.908806,93.180832,Rock,Slide
Mizoram,Champhai,23.91011,93.177193,Rock,Slide
Mizoram,Champhai,23.914278,93.178864,Debris,Slide
Mizoram,Champhai,23.935917,93.345642,Debris,Slide
Mizoram,Champhai,23.936806,93.340668,Debris,Slide
Mizoram,Champhai,23.938583,93.213997,Rock,Slide
Mizoram,Champhai,23.939194,93.214195,Debris,Slide
Mizoram,Champhai,23.942722,93.213531,Debris,Slide
Mizoram,Champhai,23.945055,93.313698,Debris,Slide
Mizoram,Champhai,23.950277,93.217056,Debris,Slide
Mizoram,Champhai,23.980749,93.28653,Rock,Slide
Mizoram,Champhai,23.981083,93.287392,Rock,Slide
Mizoram,Champhai,23.999111,93.285309,Debris,Slide
Mizoram,Champhai,24.000334,93.300278,Debris,Slide
Mizoram,Champhai,24.003889,93.323502,Debris,Slide
Mizoram,Champhai,24.02025,93.243973,Debris,Slide
Mizoram,Champhai,24.023861,93.248192,Rock,Slide
Mizoram,Champhai,24.023916,93.194336,Debris,Slide
Mizoram,Champhai,24.023945,93.195663,Debris,Slide
Mizoram,Champhai,24.026138,93.240166,Rock,Slide
Mizoram,Champhai,24.039833,93.232864,Rock,Slide
Mizoram,Champhai,23.198136,93.166988,Debris,Flow
Mizoram,Champhai,23.177311,93.198157,Debris,Flow
Mizoram,Champhai,23.148209,93.321183,Debris,Flow
Mizoram,Hnahthial,22.91452778,92.89333333,Rock,Rock slide
Mizoram,Hnahthial,22.902089,92.879909,Debris,Slide
Mizoram,Hnahthial,22.967715,92.925677,Debris,Slide
Mizoram,Hnahthial,22.971217,92.925544,Earth,Slide
Mizoram,Hnahthial,22.969582,92.925917,Earth,Slide
Mizoram,Hnahthial,23.077813,92.89844,Debris,Slide
Mizoram,Hnahthial,23.081023,92.897247,Debris,Slide
Mizoram,Hnahthial,23.084343,92.898597,Debris,Slide
Mizoram,Hnahthial,23.170678,92.899334,Rock,Slide
Mizoram,Khawzawl,23.241722,93.098254,Debris,Slide
Mizoram,Khawzawl,23.229765,93.127521,Earth,Slide
Mizoram,Khawzawl,23.2066,93.148665,Debris,Slide
Mizoram,Khawzawl,23.197704,93.163019,Debris,Slide
Mizoram,Khawzawl,23.14788,93.323791,Debris,Slide
Mizoram,Khawzawl,23.486306,93.220639,Debris,Slide
Mizoram,Khawzawl,23.544052,93.155591,Debris,Slide
Mizoram,Khawzawl,23.545766,93.147931,Debris,Slide
Mizoram,Khawzawl,23.5266,93.192968,Debris,Slide
Mizoram,Kolasib,23.971078,92.682781,Rock,Slide
Mizoram,Kolasib,23.972222,92.68325,Rock,Slide
Mizoram,Kolasib,23.973513,92.6839,Debris,Slide
Mizoram,Kolasib,23.973684,92.683868,Rock,Slide
Mizoram,Kolasib,23.976412,92.683312,Rock,Fall
Mizoram,Kolasib,23.979472,92.684139,Rock,Slide
Mizoram,Kolasib,23.982,92.718028,Debris,Slide
Mizoram,Kolasib,23.983667,92.683333,Rock,Slide
Mizoram,Kolasib,23.986109,92.681581,Rock,Slide
Mizoram,Kolasib,23.9865,92.709806,Debris,Slide
Mizoram,Kolasib,23.99016,92.68075,Rock,Slide
Mizoram,Kolasib,23.997222,92.681722,Debris,Slide
Mizoram,Kolasib,24.004867,92.677265,Rock,Slide
Mizoram,Kolasib,24.005278,92.677083,Rock,Slide
Mizoram,Kolasib,24.021514,92.673778,Rock,Slide
Mizoram,Kolasib,24.030186,92.673377,Debris,Slide
Mizoram,Kolasib,24.030588,92.668422,Debris,Slide
Mizoram,Kolasib,24.033563,92.674267,Debris,Slide
Mizoram,Kolasib,24.170329,92.641325,Earth,Slide
Mizoram,Kolasib,24.171459,92.641035,Earth,Slide
Mizoram,Kolasib,24.18,92.54,Rock,Slide
Mizoram,Kolasib,24.180261,92.690737,Debris,Slide
Mizoram,Kolasib,24.187212,92.633859,Earth,Slide
Mizoram,Kolasib,24.188117,92.595278,Rock,Fall
Mizoram,Kolasib,24.211504,92.679258,Debris,Slide
Mizoram,Kolasib,24.214366,92.680404,Debris,Slide
Mizoram,Kolasib,24.217097,92.632545,Rock,Fall
Mizoram,Kolasib,24.23782,92.612062,Rock,Slide
Mizoram,Kolasib,24.238745,92.681538,Earth,Slide
Mizoram,Kolasib,24.239118,92.639369,Rock,Slide
Mizoram,Kolasib,24.240244,92.694292,Debris,Slide
Mizoram,Kolasib,24.243567,92.645801,Earth,Slide
Mizoram,Kolasib,24.24496,92.683014,Debris,Slide
Mizoram,Kolasib,24.245649,92.681551,Earth,Slide
Mizoram,Kolasib,24.25,92.68,Rock,Slide
Mizoram,Kolasib,24.26,92.69,Debris,Slide
Mizoram,Kolasib,24.26,92.67,Debris,Slide
Mizoram,Kolasib,24.26,92.65,Rock,Slide
Mizoram,Kolasib,24.26,92.81,Debris,Slide
Mizoram,Kolasib,24.27,92.65,Debris,Slide
Mizoram,Kolasib,24.27,92.81,Debris,Slide
Mizoram,Kolasib,24.28,92.64,Debris,Slide
Mizoram,Kolasib,24.28,92.65,Debris,Slide
Mizoram,Kolasib,24.28,92.81,Debris,Slide
Mizoram,Kolasib,24.29,92.65,Debris,Slide
Mizoram,Kolasib,24.29,92.82,Debris,Slide
Mizoram,Kolasib,24.3,92.7,Rock,Slide
Mizoram,Kolasib,24.31,92.71,Debris,Slide
Mizoram,Kolasib,24.32,92.84,Debris,Slide
Mizoram,Kolasib,24.33,92.72,Debris,Slide
Mizoram,Kolasib,24.33,92.84,Debris,Slide
Mizoram,Kolasib,24.34,92.66,Rock,Slide
Mizoram,Kolasib,24.34,92.71,Rock,Slide
Mizoram,Kolasib,24.34,92.74,Debris,Slide
Mizoram,Kolasib,24.34,92.77,Rock,Fall
Mizoram,Kolasib,24.34,92.84,Debris,Slide
Mizoram,Kolasib,24.35,92.67,Debris,Slide
Mizoram,Kolasib,24.35,92.72,Rock,Slide
Mizoram,Kolasib,24.35,92.84,Debris,Slide
Mizoram,Kolasib,24.35,92.85,Debris,Slide
Mizoram,Kolasib,24.35,92.82,Rock,Slide
Mizoram,Kolasib,24.36,92.89,Debris,Slide
Mizoram,Kolasib,24.36,92.88,Debris,Slide
Mizoram,Kolasib,24.36,92.83,Debris,Slide
Mizoram,Kolasib,24.36,92.82,Debris,Slide
Mizoram,Kolasib,24.37,92.78,Earth,Slide
Mizoram,Kolasib,24.37,92.87,Debris,Slide
Mizoram,Kolasib,24.37,92.86,Debris,Slide
Mizoram,Kolasib,24.37,92.85,Rock,Slide
Mizoram,Kolasib,24.37,92.81,Debris,Slide
Mizoram,Kolasib,24.38,92.68,Debris,Slide
Mizoram,Kolasib,24.38,92.82,Debris,Slide
Mizoram,Kolasib,24.39,92.79,Debris,Slide
Mizoram,Kolasib,24.4,92.8,Debris,Slide
Mizoram,Kolasib,24.41,92.8,Debris,Slide
Mizoram,Kolasib,24.45,92.78,Earth,Slide
Mizoram,Kolasib,24.47,92.76,Rock,Slide
Mizoram,Kolasib,24.48,92.76,Rock,Slide
Mizoram,Kolasib,24.5,92.77,Debris,Slide
Mizoram,Kolasib,24.51,92.77,Rock,Fall
Mizoram,Kolasib,24.34966667,92.75888889,Earth,Soil slide
Mizoram,Kolasib,24.33805556,92.73386111,Rock,Rock slide
Mizoram,Kolasib,24.33836111,92.73377778,Regolith,Debris slide
Mizoram,Kolasib,24.30905556,92.70394444,Insitu Earth,Soil slide
Mizoram,Kolasib,24.24461111,92.69075,Rock,Rock slide
Mizoram,Kolasib,24.26297222,92.69216667,Insitu Earth,Soil slide
Mizoram,Kolasib,24.2625,92.69166667,Rock,Rock slide
Mizoram,Kolasib,24.26411111,92.69188889,Rock,Rock slide
Mizoram,Kolasib,24.26558333,92.69169444,Regolith,Debris slide
Mizoram,Kolasib,24.36911111,92.72822222,Insitu Earth,Soil slide
Mizoram,Kolasib,24.37077778,92.71769444,Insitu Earth,Soil slide
Mizoram,Kolasib,24.37402778,92.71846944,Insitu Earth,Soil slide
Mizoram,Kolasib,24.51622222,92.77669444,Loose debris,Debris flow
Mizoram,Kolasib,24.50772222,92.76961111,Regolith,Debris slide
Mizoram,Kolasib,24.36611111,92.71872222,Regolith,debris slide
Mizoram,Kolasib,24.21091667,92.67888889,Loose debris,debris slide
Mizoram,Kolasib,24.16647222,92.69555556,Regolith,Debris slide
Mizoram,Kolasib,24.00419444,92.67780556,Rock,Rock slide
Mizoram,Kolasib,23.97272222,92.68366667,"Older well
compacted debris",Debris slide
Mizoram,Kolasib,23.98997222,92.68061111,Insitu Earth,Soil slide
Mizoram,Kolasib,23.99025,92.68066667,"Older well
compacted debris",Debris slide
Mizoram,Kolasib,23.93194444,92.65222222,Debris,Slide
Mizoram,Kolasib,23.93027778,92.6525,Rock,Slide
Mizoram,Kolasib,23.05805556,92.67583333,Debris,Slide
Mizoram,Kolasib,23.0475,92.67166667,Earth,Slide
Mizoram,Kolasib,23.05222222,92.67027778,Debris,Slide
Mizoram,Kolasib,23.03833333,92.67055556,Earth,Slide
Mizoram,Kolasib,23.03016667,92.67336111,Debris,Slide
Mizoram,Kolasib,23.02280556,92.67255556,Debris,Slide
Mizoram,Kolasib,23.00638889,92.67691667,Rock,Slide
Mizoram,Kolasib,23.32522222,92.70047222,Debris,Slide
Mizoram,Kolasib,23.97411111,92.71730556,Earth,Slide
Mizoram,Kolasib,23.97361111,92.7225,Earth,Slide
Mizoram,Kolasib,23.91916667,92.7375,Debris,Slide
Mizoram,Kolasib,23.91777778,92.73805556,Rock,Slide
Mizoram,Kolasib,23.89638889,92.73638889,Rock,Slide
Mizoram,Kolasib,23.00461111,92.67744444,Rock,Slide
Mizoram,Kolasib,23.00011111,92.67905556,Debris,Slide
Mizoram,Kolasib,23.99777778,92.68166667,Rock,Slide
Mizoram,Kolasib,23.99333333,92.68055556,Debris,Slide
Mizoram,Kolasib,23.98472222,92.68138889,Debris,Slide
Mizoram,Kolasib,23.98388889,92.68305556,Rock,Slide
Mizoram,Kolasib,23.97222222,92.68333333,Debris,Slide
Mizoram,Kolasib,23.97083333,92.6825,Rock,Slide
Mizoram,Kolasib,23.94722222,92.68527778,Debris,Slide
Mizoram,Kolasib,23.94138889,92.68305556,Debris,Slide
Mizoram,Kolasib,23.94722222,92.68277778,Debris,Slide
Mizoram,Kolasib,23.94,92.68277778,Debris,Slide
Mizoram,Kolasib,23.93916667,92.68,Rock,Slide
Mizoram,Kolasib,23.93583333,92.67805556,Debris,Flow
Mizoram,Kolasib,23.935,92.67777778,Earth,Slide
Mizoram,Kolasib,23.93388889,92.67555556,Earth,Slide
Mizoram,Kolasib,23.93361111,92.67388889,Earth,Slide
Mizoram,Kolasib,23.93333333,92.67305556,Rock,Slide
Mizoram,Kolasib,23.93444444,92.66416667,Earth,Slide
Mizoram,Kolasib,23.93055556,92.65638889,Earth,Slide
Mizoram,Kolasib,23.95055556,92.785,Debris,Slide
Mizoram,Kolasib,24.00972222,92.76555556,Rock,Slide
Mizoram,Kolasib,24.06638889,92.78194444,Debris,Slide
Mizoram,Kolasib,24.06916667,92.78638889,Earth,Slide
Mizoram,Kolasib,24.0775,92.79055556,Rock,Slide
Mizoram,Kolasib,24.08222222,92.79305556,Earth,Slide
Mizoram,Kolasib,24.10027778,92.79583333,Earth,Slide
Mizoram,Kolasib,24.0525,92.66833333,Debris,Slide
Mizoram,Kolasib,24.05138889,92.66833333,Debris,Slide
Mizoram,Kolasib,24.04777778,92.66777778,Debris,Flow
Mizoram,Kolasib,24.05361111,92.66555556,Earth,Slide
Mizoram,Kolasib,24.05722222,92.66583333,Debris,Slide
Mizoram,Kolasib,24.06111111,92.59972222,Earth,Slide
Mizoram,Kolasib,24.06194444,92.59444444,Earth,Slide
Mizoram,Kolasib,24.06333333,92.59277778,Debris,Slide
Mizoram,Kolasib,24.18055556,92.69555556,Rock,Slide
Mizoram,Kolasib,24.24472222,92.69111111,Rock,Slide
Mizoram,Kolasib,24.24722222,92.69333333,Debris,Slide
Mizoram,Kolasib,24.26944444,92.69222222,Debris,Flow
Mizoram,Kolasib,24.19111111,92.60222222,Rock,Fall
Mizoram,Kolasib,24.17555556,92.57222222,Debris,Slide
Mizoram,Kolasib,24.17638889,92.57333333,Earth,Slide
Mizoram,Kolasib,24.450125,93.35963889,Earth,Slide
Mizoram,Kolasib,24.48857222,93.36792222,Debris,Slide
Mizoram,Kolasib,24.54263333,93.39741944,Debris,Slide
Mizoram,Kolasib,24.60002222,93.37166389,Earth,Slide
Mizoram,Kolasib,24.60067222,93.37223056,Earth,Slide
Mizoram,Kolasib,24.60372222,93.37223056,Debris,Slide
Mizoram,Kolasib,24.66895556,93.33700556,Debris,Slide
Mizoram,Kolasib,24.71938056,93.26740556,Debris,Slide
Mizoram,Kolasib,24.76606111,93.30076667,Earth,Slide
Mizoram,Kolasib,24.73838889,93.30909722,Debris,Slide
Mizoram,Kolasib,24.72074444,93.30899167,Debris,Slide
Mizoram,Kolasib,24.716225,93.32551389,Debris,Slide
Mizoram,Kolasib,24.70553333,93.33064167,Debris,Slide
Mizoram,Kolasib,24.60719444,93.46784722,Earth,Slide
Mizoram,Kolasib,24.60853333,93.41668333,Debris,Slide
Mizoram,Kolasib,24.77472778,93.30506111,Earth,Slide
Mizoram,Kolasib,23.41421944,93.10569167,Debris,Slide
Mizoram,Kolasib,23.45775278,93.07843611,Debris,Slide
Mizoram,Kolasib,23.50882222,93.09170278,Earth,Slide
Mizoram,Kolasib,23.54130278,93.10256944,Earth,Slide
Mizoram,Kolasib,23.54600556,93.09247222,Earth,Slide
Mizoram,Kolasib,23.54286944,93.08539722,Earth,Slide
Mizoram,Kolasib,23.56332778,93.10553333,Earth,Slide
Mizoram,Kolasib,23.56785,93.10472222,Debris,Slide
Mizoram,Kolasib,23.56413333,93.11378889,Earth,Slide
Mizoram,Kolasib,23.56233889,93.11890833,Debris,Slide
Mizoram,Kolasib,23.56363611,93.12608056,Earth,Slide
Mizoram,Kolasib,23.56238611,93.12376667,Earth,Slide
Mizoram,Kolasib,23.56404167,93.10752222,Earth,Slide
Mizoram,Kolasib,23.56145278,93.10908889,Debris,Slide
Mizoram,Kolasib,23.55881111,93.10900556,Earth,Slide
Mizoram,Kolasib,23.55426111,93.110175,Earth,Slide
Mizoram,Kolasib,23.5356,93.10656944,Debris,Slide
Mizoram,Kolasib,23.36556111,93.05125278,Rock,Fall
Mizoram,Kolasib,23.36966389,93.04609444,Debris,Slide
Mizoram,Kolasib,23.05209722,93.12644167,Debris,Slide
Mizoram,Kolasib,23.03821667,93.12529444,Rock,Slide
Mizoram,Kolasib,23.54294167,93.23821667,Debris,Slide
Mizoram,Kolasib,24.5503,93.25550278,Rock,Fall
Mizoram,Kolasib,24.55205833,93.25569167,Rock,Fall
Mizoram,Kolasib,24.56016389,93.24426944,Debris,Slide
Mizoram,Kolasib,24.56981667,93.2734,Debris,Slide
Mizoram,Kolasib,24.58928889,93.31006944,Debris,Slide
Mizoram,Kolasib,24.58496667,93.31397222,Debris,Slide
Mizoram,Kolasib,24.599425,93.30004722,Debris,Slide
Mizoram,Kolasib,24.60921944,93.30050278,Debris,Slide
Mizoram,Kolasib,24.63960833,93.30401111,Debris,Slide
Mizoram,Kolasib,24.64528611,93.28593611,Debris,Slide
Mizoram,Kolasib,24.02205833,93.29369167,Debris,Slide
Mizoram,Kolasib,23.01689167,93.283175,Debris,Slide
Mizoram,Kolasib,24.02782222,93.28944444,Debris,Slide
Mizoram,Kolasib,24.04014167,93.2915,Debris,Slide
Mizoram,Kolasib,24.03980278,93.29373889,Debris,Slide
Mizoram,Kolasib,24.05823611,93.28901944,Debris,Slide
Mizoram,Kolasib,24.09210556,93.29866667,Rock,Slide
Mizoram,Kolasib,24.12428889,93.318525,Earth,Slide
Mizoram,Kolasib,24.16986389,93.33564167,Debris,Slide
Mizoram,Kolasib,24.19022778,93.35379167,Debris,Slide
Mizoram,Kolasib,24.22922222,93.35478333,Debris,Slide
Mizoram,Kolasib,24.297775,93.34159722,Debris,Slide
Mizoram,Kolasib,24.31379722,93.33684722,Debris,Slide
Mizoram,Kolasib,24.35137778,93.34095556,Debris,Slide
Mizoram,Kolasib,24.37023056,93.34268889,Debris,Slide
Mizoram,Kolasib,23.6385278,93.13694722,Debris,Slide
Mizoram,Kolasib,23.631219,93.118033,Debris,Slide
Mizoram,Kolasib,23.6315833,93.13670278,Debris,Slide
Mizoram,Kolasib,23.63703333,93.14361389,Debris,Slide
Mizoram,Kolasib,23.62418333,93.14208611,Debris,Slide
Mizoram,Kolasib,23.60360833,93.14173056,Debris,Slide
Mizoram,Kolasib,23.56672222,93.13764444,Debris,Slide
Mizoram,Kolasib,24.56771111,93.14291667,Debris,Complex
Mizoram,Kolasib,24.57467222,93.14389722,Debris,Slide
Mizoram,Kolasib,24.57470833,93.13897222,Debris,Complex
Mizoram,Kolasib,24.57151389,93.141725,Debris,Complex
Mizoram,Kolasib,24.56917222,93.14073611,Debris,Slide
Mizoram,Kolasib,24.5606,93.13071389,Debris,Slide
Mizoram,Kolasib,24.55987778,93.12541667,Debris,Slide
Mizoram,Kolasib,24.08927222,93.12408611,Debris,Slide
Mizoram,Kolasib,24.10641389,93.12339944,Debris,Slide
Mizoram,Kolasib,24.10710778,93.11535444,Debris,Slide
Mizoram,Kolasib,24.10015917,93.10461389,Rock,Slide
Mizoram,Kolasib,24.11104722,93.10374167,Earth,Slide
Mizoram,Kolasib,24.10506389,93.09593611,Earth,Slide
Mizoram,Kolasib,24.10743611,93.09532222,Debris,Slide
Mizoram,Kolasib,24.10687222,93.08849722,Earth,Slide
Mizoram,Kolasib,23.49216111,93.23695,Rock,Slide
Mizoram,Kolasib,23.504575,93.23805,Debris,Complex
Mizoram,Kolasib,24.15364444,93.02183611,Debris,Slide
Mizoram,Kolasib,24.15817222,93.02488611,Earth,Slide
Mizoram,Kolasib,24.23419444,93.02469167,Earth,Slide
Mizoram,Kolasib,24.32836667,93.00923056,Earth,Slide
Mizoram,Kolasib,24.34421944,93.03191111,Debris,Slide
Mizoram,Kolasib,24.40520278,93.06672222,Debris,Slide
Mizoram,Kolasib,24.4259,93.13580556,Earth,Slide
Mizoram,Kolasib,24.44347778,93.15817778,Debris,Complex
Mizoram,Kolasib,24.42383889,93.14429167,Debris,Complex
Mizoram,Kolasib,24.44857778,93.15738611,Debris,Complex
Mizoram,Kolasib,24.44003333,93.16011944,Debris,Complex
Mizoram,Kolasib,24.56703611,93.23536389,Debris,Slide
Mizoram,Kolasib,24.65409167,93.204625,Debris,Slide
Mizoram,Kolasib,24.65018056,93.20256667,Debris,Slide
Mizoram,Kolasib,24.6273,93.20404444,Earth,Slide
Mizoram,Kolasib,24.62604722,93.22583889,Debris,Complex
Mizoram,Kolasib,24.58605,93.21056389,Debris,Slide
Mizoram,Kolasib,24.577475,93.19105,Debris,Slide
Mizoram,Kolasib,24.56062778,93.18938889,Earth,Slide
Mizoram,Kolasib,24.5716,93.17273056,Debris,Slide
Mizoram,Kolasib,24.56925833,93.177275,Debris,Slide
Mizoram,Kolasib,24.57296389,93.17700556,Debris,Slide
Mizoram,Kolasib,24.5768,93.106075,Debris,Slide
Mizoram,Kolasib,24.526075,93.05379167,Debris,Slide
Mizoram,Kolasib,24.458325,93.09439167,Debris,Slide
Mizoram,Kolasib,24.27899722,92.642375,Soil,Flow
Mizoram,Lawngtlai,22.05,92.66,Debris,Slide
Mizoram,Lawngtlai,22.06,92.66,Debris,Slide
Mizoram,Lawngtlai,22.08,92.65,Debris,Slide
Mizoram,Lawngtlai,22.15,92.62,Debris,Slide
Mizoram,Lawngtlai,22.15,92.63,Debris,Slide
Mizoram,Lawngtlai,22.15,92.78,Debris,Slide
Mizoram,Lawngtlai,22.16,92.62,Debris,Slide
Mizoram,Lawngtlai,22.16,92.8,Debris,Slide
Mizoram,Lawngtlai,22.18,92.61,Rock,Slide
Mizoram,Lawngtlai,22.18,92.77,Debris,Slide
Mizoram,Lawngtlai,22.19,92.61,Rock,Slide
Mizoram,Lawngtlai,22.19,92.69,Debris,Slide
Mizoram,Lawngtlai,22.2,92.61,Debris,Slide
Mizoram,Lawngtlai,22.21,92.61,Debris,Slide
Mizoram,Lawngtlai,22.22,92.62,Debris,Slide
Mizoram,Lawngtlai,22.23,92.62,Debris,Slide
Mizoram,Lawngtlai,22.24,92.69,Debris,Slide
Mizoram,Lawngtlai,22.24,92.62,Debris,Slide
Mizoram,Lawngtlai,22.24,92.68,Debris,Slide
Mizoram,Lawngtlai,22.24,92.6,Debris,Slide
Mizoram,Lawngtlai,22.25,92.63,Debris,Slide
Mizoram,Lawngtlai,22.25,92.62,Debris,Slide
Mizoram,Lawngtlai,22.26,92.63,Debris,Slide
Mizoram,Lawngtlai,22.26,92.68,Debris,Slide
Mizoram,Lawngtlai,22.27,92.63,Debris,Slide
Mizoram,Lawngtlai,22.27,92.68,Debris,Slide
Mizoram,Lawngtlai,22.28,92.63,Debris,Slide
Mizoram,Lawngtlai,22.29,92.63,Debris,Slide
Mizoram,Lawngtlai,22.3,92.59,Debris,Slide
Mizoram,Lawngtlai,22.309944,92.768333,Debris,Slide
Mizoram,Lawngtlai,22.309944,92.768059,Debris,Slide
Mizoram,Lawngtlai,22.31,92.63,Debris,Slide
Mizoram,Lawngtlai,22.32,92.73,Debris,Slide
Mizoram,Lawngtlai,22.320999,92.772003,Debris,Slide
Mizoram,Lawngtlai,22.326,92.771004,Debris,Slide
Mizoram,Lawngtlai,22.328888,92.769997,Debris,Slide
Mizoram,Lawngtlai,22.33,92.75,Debris,Slide
Mizoram,Lawngtlai,22.33,92.74,Debris,Slide
Mizoram,Lawngtlai,22.33,92.73,Debris,Slide
Mizoram,Lawngtlai,22.33,92.72,Debris,Slide
Mizoram,Lawngtlai,22.33,92.69,Debris,Slide
Mizoram,Lawngtlai,22.33,92.63,Debris,Slide
Mizoram,Lawngtlai,22.33,92.65,Debris,Slide
Mizoram,Lawngtlai,22.34,92.75,Debris,Slide
Mizoram,Lawngtlai,22.34,92.74,Debris,Slide
Mizoram,Lawngtlai,22.34,92.71,Debris,Slide
Mizoram,Lawngtlai,22.34,92.68,Debris,Slide
Mizoram,Lawngtlai,22.34,92.69,Debris,Slide
Mizoram,Lawngtlai,22.34,92.65,Debris,Slide
Mizoram,Lawngtlai,22.34,92.6,Debris,Slide
Mizoram,Lawngtlai,22.341,92.768997,Debris,Slide
Mizoram,Lawngtlai,22.35,92.66,Debris,Fall
Mizoram,Lawngtlai,22.35,92.74,Debris,Slide
Mizoram,Lawngtlai,22.35,92.65,Debris,Slide
Mizoram,Lawngtlai,22.356001,92.791,Debris,Slide
Mizoram,Lawngtlai,22.358999,92.779999,Debris,Slide
Mizoram,Lawngtlai,22.36,92.61,Debris,Slide
Mizoram,Lawngtlai,22.363001,92.861,Rock,Fall
Mizoram,Lawngtlai,22.37,92.63,Debris,Slide
Mizoram,Lawngtlai,22.375,92.858002,Debris,Slide
Mizoram,Lawngtlai,22.379,92.858002,Debris,Slide
Mizoram,Lawngtlai,22.38,92.59,Debris,Slide
Mizoram,Lawngtlai,22.385,92.857002,Debris,Slide
Mizoram,Lawngtlai,22.385,92.858002,Debris,Slide
Mizoram,Lawngtlai,22.389999,92.862999,Debris,Slide
Mizoram,Lawngtlai,22.39,92.61,Debris,Slide
Mizoram,Lawngtlai,22.39,92.59,Debris,Slide
Mizoram,Lawngtlai,22.39,92.64,Earth,Slide
Mizoram,Lawngtlai,22.395,92.860001,Debris,Slide
Mizoram,Lawngtlai,22.405001,92.861,Debris,Slide
Mizoram,Lawngtlai,22.41,92.75,Debris,Slide
Mizoram,Lawngtlai,22.41,92.6,Debris,Slide
Mizoram,Lawngtlai,22.41,92.64,Debris,Slide
Mizoram,Lawngtlai,22.416,92.864998,Debris,Slide
Mizoram,Lawngtlai,22.43,92.870003,Debris,Slide
Mizoram,Lawngtlai,22.43,92.75,Debris,Fall
Mizoram,Lawngtlai,22.43,92.71,Rock,Slide
Mizoram,Lawngtlai,22.43,92.69,Rock,Slide
Mizoram,Lawngtlai,22.440001,92.879997,Debris,Slide
Mizoram,Lawngtlai,22.445999,92.874001,Debris,Slide
Mizoram,Lawngtlai,22.447001,92.882004,Debris,Slide
Mizoram,Lawngtlai,22.448,92.882004,Debris,Slide
Mizoram,Lawngtlai,22.45,92.7,Rock,Slide
Mizoram,Lawngtlai,22.45,92.57,Debris,Slide
Mizoram,Lawngtlai,22.450001,92.870003,Debris,Slide
Mizoram,Lawngtlai,22.45138,92.911942,Debris,Slide
Mizoram,Lawngtlai,22.458916,92.886108,Rock,Fall
Mizoram,Lawngtlai,22.459,92.873001,Debris,Slide
Mizoram,Lawngtlai,22.46,92.73,Debris,Slide
Mizoram,Lawngtlai,22.46,92.69,Rock,Slide
Mizoram,Lawngtlai,22.462999,92.877998,Debris,Slide
Mizoram,Lawngtlai,22.464916,92.916107,Rock,Fall
Mizoram,Lawngtlai,22.466166,92.92083,Debris,Slide
Mizoram,Lawngtlai,22.468,92.873001,Debris,Slide
Mizoram,Lawngtlai,22.469,92.876999,Debris,Slide
Mizoram,Lawngtlai,22.469469,92.878334,Debris,Slide
Mizoram,Lawngtlai,22.47,92.63,Debris,Slide
Mizoram,Lawngtlai,22.475,92.877998,Debris,Slide
Mizoram,Lawngtlai,22.476999,92.885002,Rock,Fall
Mizoram,Lawngtlai,22.48,92.73,Debris,Slide
Mizoram,Lawngtlai,22.482,92.877998,Debris,Slide
Mizoram,Lawngtlai,22.483166,92.885551,Rock,Fall
Mizoram,Lawngtlai,22.486,92.882004,Debris,Slide
Mizoram,Lawngtlai,22.49,92.67,Rock,Slide
Mizoram,Lawngtlai,22.49,92.74,Rock,Slide
Mizoram,Lawngtlai,22.5,92.887001,Debris,Slide
Mizoram,Lawngtlai,22.5,92.75,Rock,Slide
Mizoram,Lawngtlai,22.5,92.74,Rock,Slide
Mizoram,Lawngtlai,22.5,92.73,Debris,Slide
Mizoram,Lawngtlai,22.5,92.68,Rock,Slide
Mizoram,Lawngtlai,22.501471,92.891663,Debris,Slide
Mizoram,Lawngtlai,22.503,92.889,Debris,Slide
Mizoram,Lawngtlai,22.507,92.886002,Debris,Slide
Mizoram,Lawngtlai,22.51,92.886002,Debris,Slide
Mizoram,Lawngtlai,22.51,92.74,Rock,Slide
Mizoram,Lawngtlai,22.513,92.793999,Rock,Fall
Mizoram,Lawngtlai,22.517,92.879997,Debris,Slide
Mizoram,Lawngtlai,22.518,92.855003,Rock,Fall
Mizoram,Lawngtlai,22.518,92.811996,Debris,Slide
Mizoram,Lawngtlai,22.52,92.867996,Debris,Slide
Mizoram,Lawngtlai,22.52,92.71,Rock,Slide
Mizoram,Lawngtlai,22.52,92.72,Debris,Fall
Mizoram,Lawngtlai,22.525,92.865997,Debris,Slide
Mizoram,Lawngtlai,22.525,92.864998,Debris,Slide
Mizoram,Lawngtlai,22.525999,92.888,Rock,Fall
Mizoram,Lawngtlai,22.527,92.891998,Debris,Slide
Mizoram,Lawngtlai,22.5273,92.870003,Debris,Slide
Mizoram,Lawngtlai,22.528,92.896004,Rock,Fall
Mizoram,Lawngtlai,22.53,92.7,Debris,Slide
Mizoram,Lawngtlai,22.53,92.62,Earth,Slide
Mizoram,Lawngtlai,22.530001,92.890999,Debris,Slide
Mizoram,Lawngtlai,22.532,92.862999,Debris,Slide
Mizoram,Lawngtlai,22.533001,92.886002,Debris,Slide
Mizoram,Lawngtlai,22.534,92.876999,Debris,Slide
Mizoram,Lawngtlai,22.53544,92.893059,Debris,Subsidence
Mizoram,Lawngtlai,22.535999,92.860001,Debris,Slide
Mizoram,Lawngtlai,22.537416,92.885002,Debris,Slide
Mizoram,Lawngtlai,22.538,92.857002,Rock,Fall
Mizoram,Lawngtlai,22.54,92.69,Debris,Slide
Mizoram,Lawngtlai,22.54,92.68,Debris,Slide
Mizoram,Lawngtlai,22.55,92.54,Debris,Slide
Mizoram,Lawngtlai,22.552301,92.883888,Rock,Slide
Mizoram,Lawngtlai,22.56,92.67,Rock,Slide
Mizoram,Lawngtlai,22.561611,92.877502,Debris,Slide
Mizoram,Lawngtlai,22.568556,92.87944,Debris,Slide
Mizoram,Lawngtlai,22.57,92.68,Rock,Slide
Mizoram,Lawngtlai,22.573833,92.917519,Rock,Fall
Mizoram,Lawngtlai,22.574112,92.873337,Debris,Slide
Mizoram,Lawngtlai,22.577,92.892998,Debris,Slide
Mizoram,Lawngtlai,22.577583,92.870277,Debris,Slide
Mizoram,Lawngtlai,22.579611,92.870552,Debris,Slide
Mizoram,Lawngtlai,22.586,92.870003,Rock,Fall
Mizoram,Lawngtlai,22.5886,92.970001,Rock,Slide
Mizoram,Lawngtlai,22.591,92.917,Rock,Fall
Mizoram,Lawngtlai,22.6,92.67,Rock,Slide
Mizoram,Lawngtlai,22.61,92.66,Debris,Slide
Mizoram,Lawngtlai,22.61,92.67,Debris,Slide
Mizoram,Lawngtlai,22.61,92.64,Debris,Slide
Mizoram,Lawngtlai,22.61,92.54,Debris,Slide
Mizoram,Lawngtlai,22.615,92.916,Debris,Slide
Mizoram,Lawngtlai,22.615999,92.913002,Debris,Slide
Mizoram,Lawngtlai,22.62,92.64,Debris,Slide
Mizoram,Lawngtlai,22.63,92.64,Debris,Slide
Mizoram,Lawngtlai,22.64,92.61,Debris,Slide
Mizoram,Lawngtlai,22.65,92.61,Debris,Slide
Mizoram,Lawngtlai,22.67,92.56,Rock,Slide
Mizoram,Lawngtlai,22.68,92.59,Debris,Slide
Mizoram,Lawngtlai,22.68,92.58,Debris,Slide
Mizoram,Lawngtlai,22.68,92.57,Debris,Slide
Mizoram,Lawngtlai,22.68,92.56,Rock,Slide
Mizoram,Lawngtlai,22.7,92.56,Rock,Slide
Mizoram,Lawngtlai,22.700001,92.994003,Rock,Slide
Mizoram,Lawngtlai,22.704,92.985001,Debris,Slide
Mizoram,Lawngtlai,22.71,92.54,Debris,Slide
Mizoram,Lawngtlai,22.74,92.52,Debris,Slide
Mizoram,Lawngtlai,22.529731,92.896699,Debris,Slide
Mizoram,Lawngtlai,22.519716,92.891037,Debris,Slide
Mizoram,Lawngtlai,22.48765,92.886806,Rock,Fall
Mizoram,Lawngtlai,22.54735,92.882032,Debris,Slide
Mizoram,Lunglei,22.63,92.66,Debris,Slide
Mizoram,Lunglei,22.64,92.66,Debris,Slide
Mizoram,Lunglei,22.64,92.67,Debris,Slide
Mizoram,Lunglei,22.65,92.65,Debris,Slide
Mizoram,Lunglei,22.65,92.66,Debris,Slide
Mizoram,Lunglei,22.65,92.67,Rock,Slide
Mizoram,Lunglei,22.65,92.71,Debris,Slide
Mizoram,Lunglei,22.654861,92.894722,Rock,Fall
Mizoram,Lunglei,22.656334,92.874725,Rock,Fall
Mizoram,Lunglei,22.66,92.855003,Debris,Slide
Mizoram,Lunglei,22.66,92.67,Debris,Slide
Mizoram,Lunglei,22.66,92.65,Rock,Slide
Mizoram,Lunglei,22.66,92.71,Debris,Flow
Mizoram,Lunglei,22.67,92.68,Debris,Slide
Mizoram,Lunglei,22.67,92.69,Debris,Slide
Mizoram,Lunglei,22.673,92.844002,Debris,Slide
Mizoram,Lunglei,22.68,92.66,Debris,Fall
Mizoram,Lunglei,22.68,92.69,Debris,Slide
Mizoram,Lunglei,22.681,92.884003,Rock,Fall
Mizoram,Lunglei,22.683001,92.882004,Rock,Fall
Mizoram,Lunglei,22.688,92.842003,Rock,Fall
Mizoram,Lunglei,22.69,92.72,Debris,Slide
Mizoram,Lunglei,22.691,92.841003,Debris,Slide
Mizoram,Lunglei,22.691999,92.841003,Debris,Fall
Mizoram,Lunglei,22.7,92.66,Debris,Fall
Mizoram,Lunglei,22.705,92.842003,Debris,Slide
Mizoram,Lunglei,22.71,92.7,Debris,Slide
Mizoram,Lunglei,22.71,92.66,Debris,Slide
Mizoram,Lunglei,22.711,92.839996,Debris,Slide
Mizoram,Lunglei,22.73,92.65,Debris,Slide
Mizoram,Lunglei,22.74,92.63,Debris,Flow
Mizoram,Lunglei,22.751808,92.838905,Debris,Slide
Mizoram,Lunglei,22.771872,92.840324,Rock,Slide
Mizoram,Lunglei,22.777763,92.833969,Rock,Slide
Mizoram,Lunglei,22.779978,92.833778,Debris,Slide
Mizoram,Lunglei,22.785034,92.834671,Rock,Slide
Mizoram,Lunglei,22.786274,92.620659,Debris,Slide
Mizoram,Lunglei,22.786629,92.62748,Rock,Slide
Mizoram,Lunglei,22.788198,92.825165,Rock,Slide
Mizoram,Lunglei,22.78916,92.981087,Soil,Slide
Mizoram,Lunglei,22.789585,92.621895,Rock,Slide
Mizoram,Lunglei,22.789967,92.820396,Debris,Slide
Mizoram,Lunglei,22.790684,92.614983,Debris,Slide
Mizoram,Lunglei,22.791958,92.833511,Rock,Slide
Mizoram,Lunglei,22.795282,92.813881,Rock,Slide
Mizoram,Lunglei,22.796106,92.991173,Rock,Fall
Mizoram,Lunglei,22.801022,92.81369,Debris,Slide
Mizoram,Lunglei,22.802805,93.004639,Debris,Slide
Mizoram,Lunglei,22.80291,92.81369,Rock,Slide
Mizoram,Lunglei,22.803709,92.815636,Debris,Slide
Mizoram,Lunglei,22.803982,92.815475,Debris,Slide
Mizoram,Lunglei,22.804358,92.816559,Debris,Slide
Mizoram,Lunglei,22.804701,92.816734,Rock,Fall
Mizoram,Lunglei,22.806564,92.812057,Rock,Slide
Mizoram,Lunglei,22.812588,92.807343,Rock,Slide
Mizoram,Lunglei,22.813019,92.805801,Soil,Slide
Mizoram,Lunglei,22.815697,92.802696,Debris,Slide
Mizoram,Lunglei,22.82106,92.637703,Soil,Flow
Mizoram,Lunglei,22.821659,92.804405,Debris,Slide
Mizoram,Lunglei,22.822599,92.624512,Soil,Slide
Mizoram,Lunglei,22.823553,92.628441,Soil,Slide
Mizoram,Lunglei,22.823893,93.036804,Debris,Slide
Mizoram,Lunglei,22.82402,92.608917,Soil,Slide
Mizoram,Lunglei,22.826855,92.971519,Rock,Slide
Mizoram,Lunglei,22.827084,92.80175,Soil,Slide
Mizoram,Lunglei,22.827406,92.975822,Rock,Fall
Mizoram,Lunglei,22.829491,92.760933,Debris,Slide
Mizoram,Lunglei,22.832573,92.892761,Rock,Slide
Mizoram,Lunglei,22.83358,92.955582,Debris,Slide
Mizoram,Lunglei,22.834824,92.758766,Debris,Slide
Mizoram,Lunglei,22.83528,92.80519,Rock,Fall
Mizoram,Lunglei,22.836016,92.759361,Soil,Slide
Mizoram,Lunglei,22.8363,92.892799,Rock,Slide
Mizoram,Lunglei,22.83653,92.80092,Rock,Fall
Mizoram,Lunglei,22.83664,92.80347,Rock,Fall
Mizoram,Lunglei,22.83675,92.79922,Rock,Fall
Mizoram,Lunglei,22.837624,92.797165,Rock,Slide
Mizoram,Lunglei,22.83779,92.795959,Debris,Slide
Mizoram,Lunglei,22.837809,92.798653,Rock,Fall
Mizoram,Lunglei,22.838051,92.798889,Rock,Fall
Mizoram,Lunglei,22.838732,92.791954,Debris,Slide
Mizoram,Lunglei,22.83885,92.89209,Soil,Slide
Mizoram,Lunglei,22.838875,92.792801,Debris,Slide
Mizoram,Lunglei,22.839445,92.95668,Debris,Slide
Mizoram,Lunglei,22.841097,92.792755,Rock,Slide
Mizoram,Lunglei,22.841455,92.891235,Soil,Slide
Mizoram,Lunglei,22.841801,92.951385,Rock,Fall
Mizoram,Lunglei,22.842268,92.951981,Debris,Slide
Mizoram,Lunglei,22.844219,92.955048,Debris,Slide
Mizoram,Lunglei,22.844894,92.944511,Debris,Slide
Mizoram,Lunglei,22.845263,92.674942,Soil,Slide
Mizoram,Lunglei,22.84553,92.79944,Rock,Fall
Mizoram,Lunglei,22.846123,92.796333,Rock,Slide
Mizoram,Lunglei,22.846241,92.804893,Debris,Slide
Mizoram,Lunglei,22.84808,92.79831,Rock,Fall
Mizoram,Lunglei,22.848185,92.886963,Rock,Slide
Mizoram,Lunglei,22.849134,92.809334,Rock,Slide
Mizoram,Lunglei,22.850847,92.797028,Rock,Slide
Mizoram,Lunglei,22.851028,92.694972,Debris,Fall
Mizoram,Lunglei,22.85258,92.70186,Rock cum Debris,Slide
Mizoram,Lunglei,22.852823,92.815781,Debris,Slide
Mizoram,Lunglei,22.853046,92.81588,Debris,Slide
Mizoram,Lunglei,22.85558,92.69914,Rock cum Debris,Slide
Mizoram,Lunglei,22.85697,92.70764,Debris,Slide
Mizoram,Lunglei,22.857729,92.704483,Debris,Slide
Mizoram,Lunglei,22.86003,92.75831,Rock cum Debris,Flow
Mizoram,Lunglei,22.86025,92.70778,Debris,Slide
Mizoram,Lunglei,22.860407,92.705795,Debris,Slide
Mizoram,Lunglei,22.861877,92.897736,Debris,Slide
Mizoram,Lunglei,22.862419,92.706055,Rock,Slide
Mizoram,Lunglei,22.862442,92.826431,Rock,Slide
Mizoram,Lunglei,22.86428,92.71097,Debris,Slide
Mizoram,Lunglei,22.865286,92.754898,Rock,Slide
Mizoram,Lunglei,22.865692,92.825745,Rock,Slide
Mizoram,Lunglei,22.865734,92.771561,Rock,Fall
Mizoram,Lunglei,22.866318,92.776726,Debris,Slide
Mizoram,Lunglei,22.866783,92.772026,Debris,Slide
Mizoram,Lunglei,22.866833,92.774925,Rock,Slide
Mizoram,Lunglei,22.86739,92.75764,Rock,Fall
Mizoram,Lunglei,22.867477,92.754234,Rock,Slide
Mizoram,Lunglei,22.867741,92.898506,Rock,Fall
Mizoram,Lunglei,22.869579,92.824974,Rock,Slide
Mizoram,Lunglei,22.869707,92.753304,Rock,Slide
Mizoram,Lunglei,22.87,92.49,Debris,Slide
Mizoram,Lunglei,22.87,92.48,Debris,Slide
Mizoram,Lunglei,22.870518,92.703873,Debris,Slide
Mizoram,Lunglei,22.870546,92.752853,Rock,Slide
Mizoram,Lunglei,22.87056,92.822105,Rock,Slide
Mizoram,Lunglei,22.87075,92.75403,Rock cum Debris,Slide
Mizoram,Lunglei,22.872238,92.750557,Rock,Fall
Mizoram,Lunglei,22.872299,92.815971,Debris,Slide
Mizoram,Lunglei,22.872849,92.748711,Debris,Slide
Mizoram,Lunglei,22.873062,92.817093,Rock,Slide
Mizoram,Lunglei,22.873558,92.755951,Debris,Slide
Mizoram,Lunglei,22.873812,92.902039,Debris,Slide
Mizoram,Lunglei,22.874456,92.901688,Soil,Slide
Mizoram,Lunglei,22.874741,92.730354,Debris,Slide
Mizoram,Lunglei,22.87506,92.75136,Debris,Slide
Mizoram,Lunglei,22.88,92.49,Debris,Slide
Mizoram,Lunglei,22.88,92.48,Debris,Slide
Mizoram,Lunglei,22.88,92.47,Debris,Slide
Mizoram,Lunglei,22.88,92.46,Debris,Slide
Mizoram,Lunglei,22.880117,92.831108,Debris,Slide
Mizoram,Lunglei,22.880322,92.747818,Rock,Slide
Mizoram,Lunglei,22.882607,92.837952,Debris,Slide
Mizoram,Lunglei,22.88281,92.74583,Debris,Slide
Mizoram,Lunglei,22.883036,92.557152,Debris,Slide
Mizoram,Lunglei,22.883656,92.715782,Debris,Slide
Mizoram,Lunglei,22.88392,92.74256,Rock,Fall
Mizoram,Lunglei,22.883968,92.735397,Debris,Slide
Mizoram,Lunglei,22.88408,92.72978,Rock,Fall
Mizoram,Lunglei,22.884092,92.736252,Debris,Slide
Mizoram,Lunglei,22.8846,92.85128,Rock,Slide
Mizoram,Lunglei,22.886652,92.724503,Debris,Slide
Mizoram,Lunglei,22.887474,92.836769,Rock,Slide
Mizoram,Lunglei,22.889551,92.728073,Debris,Slide
Mizoram,Lunglei,22.889872,92.903984,Rock,Slide
Mizoram,Lunglei,22.89,92.46,Debris,Slide
Mizoram,Lunglei,22.89,92.47,Rock,Slide
Mizoram,Lunglei,22.89,92.48,Debris,Slide
Mizoram,Lunglei,22.89,92.49,Debris,Slide
Mizoram,Lunglei,22.890068,92.823021,Rock,Slide
Mizoram,Lunglei,22.89061,92.73033,Debris,Slide
Mizoram,Lunglei,22.891706,92.950081,Rock,Fall
Mizoram,Lunglei,22.892199,92.822884,Debris,Slide
Mizoram,Lunglei,22.892977,92.947433,Debris,Slide
Mizoram,Lunglei,22.893372,92.946724,Debris,Slide
Mizoram,Lunglei,22.89682,92.832611,Rock,Fall
Mizoram,Lunglei,22.897339,92.549866,Rock,Slide
Mizoram,Lunglei,22.897387,92.889938,Debris,Slide
Mizoram,Lunglei,22.897877,92.934364,Debris,Slide
Mizoram,Lunglei,22.898329,92.893478,Debris,Slide
Mizoram,Lunglei,22.899078,92.721306,Rock,Slide
Mizoram,Lunglei,22.899151,92.935677,Debris,Slide
Mizoram,Lunglei,22.899906,92.868828,Rock,Fall
Mizoram,Lunglei,22.9,92.47,Debris,Slide
Mizoram,Lunglei,22.9,92.49,Debris,Slide
Mizoram,Lunglei,22.9,92.48,Debris,Slide
Mizoram,Lunglei,22.9,92.46,Rock,Slide
Mizoram,Lunglei,22.901035,92.87265,Soil,Slide
Mizoram,Lunglei,22.901287,92.882271,Debris,Slide
Mizoram,Lunglei,22.9015,92.83319,Debris,Fall
Mizoram,Lunglei,22.90175,92.83233,Debris,Slide
Mizoram,Lunglei,22.902401,92.941025,Rock,Fall
Mizoram,Lunglei,22.902414,92.829948,Debris,Slide
Mizoram,Lunglei,22.903807,92.757401,Rock,Fall
Mizoram,Lunglei,22.904324,92.546265,Soil,Slide
Mizoram,Lunglei,22.90442,92.72281,Rock cum Debris,Slide
Mizoram,Lunglei,22.906252,92.93174,Debris,Slide
Mizoram,Lunglei,22.908125,92.767128,Debris,Slide
Mizoram,Lunglei,22.908737,92.930191,Debris,Slide
Mizoram,Lunglei,22.91,92.47,Debris,Slide
Mizoram,Lunglei,22.91,92.46,Debris,Slide
Mizoram,Lunglei,22.91165,92.929871,Debris,Slide
Mizoram,Lunglei,22.91312,92.754616,Debris,Slide
Mizoram,Lunglei,22.913414,92.754501,Debris,Slide
Mizoram,Lunglei,22.913624,92.508827,Debris,Slide
Mizoram,Lunglei,22.914276,92.753403,Rock,Slide
Mizoram,Lunglei,22.914797,92.928406,Debris,Slide
Mizoram,Lunglei,22.915947,92.928337,Rock,Slide
Mizoram,Lunglei,22.916008,92.927841,Soil,Slide
Mizoram,Lunglei,22.917629,92.75267,Debris,Slide
Mizoram,Lunglei,22.920202,92.927345,Debris,Slide
Mizoram,Lunglei,22.93,92.48,Debris,Slide
Mizoram,Lunglei,22.93,92.49,Debris,Slide
Mizoram,Lunglei,22.93,92.5,Rock,Slide
Mizoram,Lunglei,22.933441,92.708267,Debris,Slide
Mizoram,Lunglei,22.940655,92.833038,Debris,Slide
Mizoram,Lunglei,22.954966,92.705765,Rock,Fall
Mizoram,Lunglei,22.955112,92.836403,Soil,Slide
Mizoram,Lunglei,22.957235,92.929703,Debris,Slide
Mizoram,Lunglei,22.957518,92.707161,Debris,Slide
Mizoram,Lunglei,22.959173,92.708145,Debris,Slide
Mizoram,Lunglei,22.962877,92.738541,Debris,Slide
Mizoram,Lunglei,22.963112,92.835556,Rock,Fall
Mizoram,Lunglei,22.9634,92.737465,Debris,Slide
Mizoram,Lunglei,22.965527,92.731926,Debris,Slide
Mizoram,Lunglei,22.966381,92.705399,Rock,Slide
Mizoram,Lunglei,22.96703,92.925728,Debris,Slide
Mizoram,Lunglei,22.968073,92.929916,Debris,Slide
Mizoram,Lunglei,22.969294,92.729332,Debris,Slide
Mizoram,Lunglei,22.969807,92.729706,Rock,Fall
Mizoram,Lunglei,22.97032,92.70697,Rock,Slide
Mizoram,Lunglei,22.970823,92.729607,Debris,Slide
Mizoram,Lunglei,22.977497,92.70578,Debris,Slide
Mizoram,Lunglei,22.979994,92.726112,Debris,Slide
Mizoram,Lunglei,22.983683,93.038437,Rock,Slide
Mizoram,Lunglei,22.986418,92.999901,Debris,Slide
Mizoram,Lunglei,22.993277,92.72374,Debris,Slide
Mizoram,Lunglei,23.001865,92.923225,Debris,Slide
Mizoram,Lunglei,23.002401,92.923904,Rock,Slide
Mizoram,Lunglei,23.003361,92.962914,Rock,Fall
Mizoram,Lunglei,23.003996,92.963562,Debris,Slide
Mizoram,Lunglei,23.004421,92.988426,Rock,Slide
Mizoram,Lunglei,23.005156,92.985893,Debris,Slide
Mizoram,Lunglei,23.005556,92.810555,Rock,Slide
Mizoram,Lunglei,23.005587,92.720192,Rock,Slide
Mizoram,Lunglei,23.005594,92.703522,Rock,Slide
Mizoram,Lunglei,23.006939,92.98938,Rock,Slide
Mizoram,Lunglei,23.007998,92.808693,Rock,Slide
Mizoram,Lunglei,23.010895,92.924156,Rock,Slide
Mizoram,Lunglei,23.011667,92.720558,Rock,Slide
Mizoram,Lunglei,23.014982,92.720505,Debris,Slide
Mizoram,Lunglei,23.015444,92.704414,Debris,Slide
Mizoram,Lunglei,23.016111,92.764168,Rock,Slide
Mizoram,Lunglei,23.017494,92.920425,Debris,Slide
Mizoram,Lunglei,23.017555,92.771515,Rock,Slide
Mizoram,Lunglei,23.017822,92.920723,Debris,Slide
Mizoram,Lunglei,23.018333,92.920555,Debris,Slide
Mizoram,Lunglei,23.018612,92.920555,Rock,Slide
Mizoram,Lunglei,23.019981,92.920921,Rock,Fall
Mizoram,Lunglei,23.021145,92.770981,Rock,Slide
Mizoram,Lunglei,23.021692,92.752975,Rock,Fall
Mizoram,Lunglei,23.022125,92.919952,Debris,Slide
Mizoram,Lunglei,23.022377,92.757759,Rock,Slide
Mizoram,Lunglei,23.025131,92.91922,Debris,Slide
Mizoram,Lunglei,23.031231,92.773987,Rock,Fall
Mizoram,Lunglei,23.032444,92.705917,Debris,Slide
Mizoram,Lunglei,23.035839,92.795578,Debris,Slide
Mizoram,Lunglei,23.038607,92.795174,Debris,Slide
Mizoram,Lunglei,23.038668,92.794441,Rock,Slide
Mizoram,Lunglei,23.040543,92.909523,Rock,Fall
Mizoram,Lunglei,23.0425,92.772781,Debris,Slide
Mizoram,Lunglei,23.045416,92.705612,Rock,Slide
Mizoram,Lunglei,23.047222,92.906944,Debris,Slide
Mizoram,Lunglei,23.048967,92.907501,Debris,Slide
Mizoram,Lunglei,23.05374,92.70755,Debris,Slide
Mizoram,Lunglei,23.053747,92.704163,Rock,Slide
Mizoram,Lunglei,23.053806,92.704918,Rock,Slide
Mizoram,Lunglei,23.05479,92.702461,Rock,Slide
Mizoram,Lunglei,23.056194,92.70047,Rock,Fall
Mizoram,Lunglei,23.056612,92.699997,Rock,Slide
Mizoram,Lunglei,23.057276,92.90416,Rock,Slide
Mizoram,Lunglei,23.068354,93.002747,Rock,Slide
Mizoram,Lunglei,23.076319,92.69873,Debris,Slide
Mizoram,Lunglei,23.07859,92.870544,Debris,Slide
Mizoram,Lunglei,23.078611,92.760002,Rock,Slide
Mizoram,Lunglei,23.080278,92.858612,Soil,Slide
Mizoram,Lunglei,23.083004,92.898277,Debris,Slide
Mizoram,Lunglei,23.083221,92.556969,Debris,Slide
Mizoram,Lunglei,23.083611,92.70108,Debris,Slide
Mizoram,Lunglei,23.084101,92.795685,Debris,Slide
Mizoram,Lunglei,23.087177,92.853889,Rock,Slide
Mizoram,Lunglei,23.088409,92.793564,Debris,Slide
Mizoram,Lunglei,23.088615,92.849403,Soil,Slide
Mizoram,Lunglei,23.089111,92.555168,Rock,Slide
Mizoram,Lunglei,23.091749,92.695419,Debris,Slide
Mizoram,Lunglei,23.092278,92.789948,Debris,Slide
Mizoram,Lunglei,23.092573,92.896141,Rock,Slide
Mizoram,Lunglei,23.094528,92.695808,Debris,Slide
Mizoram,Lunglei,23.094999,92.785835,Debris,Slide
Mizoram,Lunglei,23.097,92.696358,Rock,Slide
Mizoram,Lunglei,23.097061,92.752235,Debris,Slide
Mizoram,Lunglei,23.09951,92.782928,Debris,Slide
Mizoram,Lunglei,23.103046,92.8983,Rock,Fall
Mizoram,Lunglei,23.104166,92.559998,Rock,Slide
Mizoram,Lunglei,23.107222,92.693054,Soil,Slide
Mizoram,Lunglei,23.111111,92.789719,Debris,Slide
Mizoram,Lunglei,23.111578,92.789795,Debris,Slide
Mizoram,Lunglei,23.113066,92.891212,Rock,Slide
Mizoram,Lunglei,23.11375,92.744614,Debris,Slide
Mizoram,Lunglei,23.117416,92.79612,Debris,Slide
Mizoram,Lunglei,23.118336,92.741035,Debris,Slide
Mizoram,Lunglei,23.125311,92.820023,Debris,Slide
Mizoram,Lunglei,23.125807,92.817886,Rock,Slide
Mizoram,Lunglei,23.129629,92.809196,Debris,Slide
Mizoram,Lunglei,23.13114,92.687469,Debris,Slide
Mizoram,Lunglei,23.132685,92.798332,Debris,Slide
Mizoram,Lunglei,23.133568,92.64373,Rock,Slide
Mizoram,Lunglei,23.133902,92.623497,Rock,Slide
Mizoram,Lunglei,23.135416,92.616661,Rock,Slide
Mizoram,Lunglei,23.135794,92.62294,Debris,Slide
Mizoram,Lunglei,23.135889,92.551819,Debris,Slide
Mizoram,Lunglei,23.13732,92.747276,Rock,Slide
Mizoram,Lunglei,23.140694,92.551529,Debris,Slide
Mizoram,Lunglei,23.142357,92.750961,Debris,Slide
Mizoram,Lunglei,23.143007,92.91124,Debris,Slide
Mizoram,Lunglei,23.143888,92.909447,Soil,Slide
Mizoram,Lunglei,23.145,92.613693,Rock,Fall
Mizoram,Lunglei,23.145016,92.908569,Debris,Slide
Mizoram,Lunglei,23.145231,92.687721,Debris,Slide
Mizoram,Lunglei,23.147697,92.687386,Debris,Slide
Mizoram,Lunglei,23.148273,92.75016,Debris,Slide
Mizoram,Lunglei,23.150719,92.74826,Debris,Slide
Mizoram,Lunglei,23.153805,92.686775,Debris,Slide
Mizoram,Lunglei,23.168777,92.90097,Debris,Slide
Mizoram,Lunglei,23.172501,92.900558,Rock,Fall
Mizoram,Lunglei,23.173716,92.739754,Rock,Slide
Mizoram,Lunglei,23.17411,92.608917,Debris,Slide
Mizoram,Lunglei,23.18,92.49,Debris,Slide
Mizoram,Lunglei,23.182264,92.737099,Debris,Slide
Mizoram,Lunglei,23.183332,92.794724,Rock,Slide
Mizoram,Lunglei,23.184711,92.679962,Rock,Slide
Mizoram,Lunglei,23.188799,92.55249,Debris,Slide
Mizoram,Lunglei,23.189108,92.547783,Rock,Fall
Mizoram,Lunglei,23.189638,92.549889,Rock,Slide
Mizoram,Lunglei,23.189917,92.54953,Debris,Slide
Mizoram,Lunglei,23.193548,92.684456,Debris,Slide
Mizoram,Lunglei,23.194187,92.680779,Rock,Slide
Mizoram,Lunglei,23.196638,92.679802,Debris,Subsidence
Mizoram,Lunglei,23.199167,92.683334,Rock,Slide
Mizoram,Lunglei,23.201084,92.580803,Soil,Slide
Mizoram,Lunglei,23.201111,92.681946,Debris,Slide
Mizoram,Lunglei,23.202129,92.681442,Rock,Slide
Mizoram,Lunglei,23.204981,92.57457,Rock,Slide
Mizoram,Lunglei,23.205305,92.585861,Debris,Slide
Mizoram,Lunglei,23.205961,92.538406,Rock,Slide
Mizoram,Lunglei,23.208017,92.676277,Rock,Slide
Mizoram,Lunglei,23.208055,92.795555,Debris,Slide
Mizoram,Lunglei,23.208082,92.507889,Debris,Slide
Mizoram,Lunglei,23.208694,92.50975,Rock,Slide
Mizoram,Lunglei,23.20875,92.538361,Rock,Slide
Mizoram,Lunglei,23.208918,92.518692,Debris,Slide
Mizoram,Lunglei,23.209055,92.540611,Rock,Slide
Mizoram,Lunglei,23.210028,92.522781,Rock,Slide
Mizoram,Lunglei,23.213055,92.58889,Rock,Slide
Mizoram,Lunglei,23.214001,92.588608,Debris,Slide
Mizoram,Lunglei,23.219172,92.67691,Debris,Slide
Mizoram,Lunglei,23.225542,92.798363,Rock,Fall
Mizoram,Lunglei,23.226894,92.638527,Debris,Slide
Mizoram,Lunglei,23.23035,92.79808,Debris,Slide
Mizoram,Lunglei,23.230371,92.673973,Debris,Slide
Mizoram,Lunglei,23.231653,92.673714,Rock,Slide
Mizoram,Lunglei,23.235651,92.673058,Rock,Slide
Mizoram,Lunglei,23.242306,92.640587,Debris,Slide
Mizoram,Lunglei,23.246555,92.554054,Debris,Slide
Mizoram,Lunglei,23.24774,92.671333,Debris,Slide
Mizoram,Lunglei,23.248526,92.63958,Rock,Slide
Mizoram,Lunglei,23.249056,92.546501,Debris,Slide
Mizoram,Lunglei,23.25,92.48,Rock,Slide
Mizoram,Lunglei,23.254946,92.634239,Rock,Slide
Mizoram,Lunglei,23.268811,92.665508,Rock,Slide
Mizoram,Lunglei,23.271781,92.637703,Rock,Slide
Mizoram,Lunglei,23.273513,92.65731,Rock,Slide
Mizoram,Lunglei,23.2747,92.647873,Rock,Slide
Mizoram,Lunglei,23.28113,92.651804,Rock,Slide
Mizoram,Lunglei,23.298044,92.648759,Debris,Slide
Mizoram,Lunglei,23.302106,92.649524,Rock,Slide
Mizoram,Lunglei,23.360199,92.632911,Rock,Slide
Mizoram,Lunglei,23.751528,91.604533,Debris,Slide
Mizoram,Lunglei,23.214239,92.740856,Debris,Slide
Mizoram,Lunglei,23.203253,92.735838,Earth,Slide
Mizoram,Lunglei,23.200475,92.735007,Debris,Slide
Mizoram,Lunglei,23.195661,92.73562,Rock,Slide
Mizoram,Lunglei,23.194007,92.734654,Rock,Slide
Mizoram,Lunglei,23.193468,92.734849,Debris,Slide
Mizoram,Lunglei,23.183856,92.735346,Debris,Slide
Mizoram,Lunglei,23.182152,92.734299,Debris,Slide
Mizoram,Lunglei,23.181806,92.736868,Earth,slide
Mizoram,Lunglei,23.18077,92.735789,Debris,Flow
Mizoram,Lunglei,23.173606,92.739793,Debris,Slide
Mizoram,Lunglei,23.150939,92.748258,Debris,Slide
Mizoram,Lunglei,23.140846,92.751229,Debris,Slide
Mizoram,Lunglei,23.1351,92.748694,Debris,Slide
Mizoram,Lunglei,23.134009,92.746247,Earth,Slide
Mizoram,Lunglei,23.132082,92.746268,Debris,Slide
Mizoram,Lunglei,23.114694,92.743931,Debris,Slide
Mizoram,Lunglei,23.114225,92.746024,Debris,Slide
Mizoram,Lunglei,23.111824,92.745097,Debris,Slide
Mizoram,Lunglei,23.015005,92.765065,Rock,Slide
Mizoram,Lunglei,23.022804,92.755698,Debris,Slide
Mizoram,Lunglei,22.973735,92.725975,Debris,Slide
Mizoram,Lunglei,22.641087,92.867635,Debris,Slide
Mizoram,Lunglei,22.660692,92.855602,Debris,Slide
Mizoram,Lunglei,22.688472,92.842907,Debris,Slide
Mizoram,Lunglei,22.702165,92.836523,Debris,Slide
Mizoram,Lunglei,22.706999,92.841597,Debris,Slide
Mizoram,Lunglei,22.745387,92.841543,Debris,Slide
Mizoram,Lunglei,22.788323,92.833817,Debris,Slide
Mizoram,Lunglei,22.793307,92.819831,Debris,Slide
Mizoram,Lunglei,22.866131,92.772713,Debris,Slide
Mizoram,Lunglei,22.903567,92.758702,Debris,Flow
Mizoram,Lunglei,22.903454,92.760096,Debris,Slide
Mizoram,Lunglei,22.904615,92.75705,Debris,Slide
Mizoram,Lunglei,22.922528,92.752404,Debris,Slide
Mizoram,Lunglei,22.895235,92.747812,Debris,Slide
Mizoram,Lunglei,22.88042,92.821692,Debris,Slide
Mizoram,Lunglei,22.892426,92.822937,Debris,Slide
Mizoram,Lunglei,23.297521,92.689449,Debris,Flow
Mizoram,Lunglei,23.30374,92.672816,Debris,Slide
Mizoram,Lunglei,23.304123,92.671521,Debris,Flow
Mizoram,Lunglei,23.306105,92.671296,Debris,Flow
Mizoram,Lunglei,23.306338,92.666573,Debris,Flow
Mizoram,Lunglei,23.32044,92.643229,Debris,Slide
Mizoram,Lunglei,23.301901,92.649401,Debris,Slide
Mizoram,Lunglei,23.246611,92.655112,Debris,Slide
Mizoram,Lunglei,23.2388,92.636923,Earth,Slide
Mizoram,Lunglei,23.234538,92.637234,Debris,Slide
Mizoram,Lunglei,23.206413,92.632701,Debris,Slide
Mizoram,Lunglei,23.197283,92.632661,Earth,Slide
Mizoram,Lunglei,23.174558,92.612556,Earth,Slide
Mizoram,Lunglei,23.1739,92.611378,Debris,Slide
Mizoram,Lunglei,23.173258,92.611929,Debris,Flow
Mizoram,Lunglei,23.17252,92.611434,Debris,Flow
Mizoram,Lunglei,23.172659,92.611828,Earth,Slide
Mizoram,Lunglei,23.198272,92.589291,Earth,Slide
Mizoram,Lunglei,23.198961,92.590043,Earth,Slide
Mizoram,Lunglei,23.199095,92.586671,Earth,Flow
Mizoram,Lunglei,23.199415,92.585883,Earth,Flow
Mizoram,Lunglei,23.200105,92.584517,Debris,Flow
Mizoram,Lunglei,23.200655,92.5813,Debris,Flow
Mizoram,Lunglei,23.201843,92.579666,Debris,Flow
Mizoram,Lunglei,23.202247,92.57903,Debris,Flow
Mizoram,Lunglei,23.203107,92.577972,Debris,Flow
Mizoram,Lunglei,23.203903,92.576807,Debris,Flow
Mizoram,Lunglei,23.204282,92.576174,Debris,Flow
Mizoram,Lunglei,23.204481,92.575792,Earth,Slide
Mizoram,Lunglei,23.205193,92.574684,Debris,Flow
Mizoram,Lunglei,23.214589,92.572672,Debris,Slide
Mizoram,Lunglei,23.212919,92.558022,Debris,Flow
Mizoram,Lunglei,23.207082,92.509726,Debris,Slide
Mizoram,Lunglei,23.195616,92.546251,Debris,Slide
Mizoram,Lunglei,23.19796,92.543304,Debris,Slide
Mizoram,Lunglei,23.190022,92.554302,Debris,Flow
Mizoram,Lunglei,23.21035,92.539589,Debris,Slide
Mizoram,Lunglei,23.208921,92.541174,Earth,Slide
Mizoram,Lunglei,23.208823,92.53749,Debris,Slide
Mizoram,Lunglei,23.206239,92.491221,Debris,Slide
Mizoram,Lunglei,23.20549,92.543278,Earth,Slide
Mizoram,Lunglei,23.219631,92.563324,Debris,Slide
Mizoram,Lunglei,23.204981,92.534603,Debris,Slide
Mizoram,Lunglei,23.206253,92.533605,Debris,Slide
Mizoram,Lunglei,23.209857,92.500587,Debris,Slide
Mizoram,Lunglei,23.199961,92.488796,Debris,Slide
Mizoram,Lunglei,23.17824,92.491031,Debris,Slide
Mizoram,Lunglei,23.180969,92.488193,Debris,Slide
Mizoram,Lunglei,23.180354,92.486971,Debris,Slide
Mizoram,Lunglei,23.182466,92.487731,Debris,Flow
Mizoram,Lunglei,23.204706,92.533825,Debris,Flow
Mizoram,Lunglei,23.251004,92.63667,Debris,Flow
Mizoram,Lunglei,22.82104167,92.63873333,Soil,Flow
Mizoram,Lunglei,22.87355833,92.75595278,Debris,Slide
Mizoram,Lunglei,23.2034,92.7379,Rock,Falls
Mizoram,Lunglei,23.2029,92.7371,Earth,Slide
Mizoram,Lunglei,23.2029,92.7369,Rock,Slide
Mizoram,Lunglei,23.2028,92.7368,Debris,Slide
Mizoram,Lunglei,23.230114,92.740067,Earth,Slide
Mizoram,Lunglei,23.229731,92.73968,Earth,Slide
Mizoram,Lunglei,23.226843,92.740266,Earth,Slide
Mizoram,Lunglei,23.225357,92.74039,Earth,Slide
Mizoram,Lunglei,23.206029,92.740123,Debris,Silde
Mizoram,Lunglei,23.204595,92.73861,Debris,Slide
Mizoram,Lunglei,23.202738,92.736174,Debris,Slide
Mizoram,Lunglei,23.202224,92.736123,Debris,Slide
Mizoram,Lunglei,23.202096,92.73698,Debris,Slide
Mizoram,Lunglei,23.201584,92.736877,Debris,Slide
Mizoram,Lunglei,23.201447,92.736703,Debris,Slide
Mizoram,Lunglei,23.201281,92.735108,Debris,Slide
Mizoram,Lunglei,23.201335,92.734857,Rock,Slide
Mizoram,Lunglei,23.201614,92.734453,Rock,Slide
Mizoram,Lunglei,23.201759,92.734328,Rock,Slide
Mizoram,Lunglei,23.200073,92.734654,Rock,Slide
Mizoram,Lunglei,23.199924,92.73481,Earth,Slide
Mizoram,Lunglei,23.198568,92.734368,Earth,Slide
Mizoram,Lunglei,23.197825,92.73502,Debris,Slide
Mizoram,Lunglei,23.197177,92.735661,Debris,Slide
Mizoram,Lunglei,23.196642,92.735456,Debris,Slide
Mizoram,Lunglei,23.193237,92.734819,Debris,Slide
Mizoram,Lunglei,23.191775,92.734778,Debris,Slide
Mizoram,Lunglei,23.191747,92.73459,Debris,Slide
Mizoram,Lunglei,23.189242,92.734475,Debris,Slide and Flow
Mizoram,Lunglei,23.187473,92.734547,Debris,Slide
Mizoram,Lunglei,23.188245,92.734327,Rock,Slide
Mizoram,Lunglei,23.187661,92.735055,Rock,Slide
Mizoram,Lunglei,23.18675,92.735178,Debris,Slide
Mizoram,Lunglei,23.186501,92.735632,Rock,Slide
Mizoram,Lunglei,23.186296,92.7356,Debris,Slide
Mizoram,Lunglei,23.186133,92.735682,Debris,Slide
Mizoram,Lunglei,23.184091,92.738895,Debris,Slide
Mizoram,Lunglei,23.185555,92.736061,Debris,Slide
Mizoram,Lunglei,23.185396,92.736019,Debris,Slide
Mizoram,Lunglei,23.18351,92.735641,Debris,Slide
Mizoram,Lunglei,23.183268,92.736695,Rock,Slide
Mizoram,Lunglei,23.181667,92.736374,Debris,Slide
Mizoram,Lunglei,23.17884,92.736546,Debris,Slide
Mizoram,Lunglei,23.174341,92.740855,Debris,Slide
Mizoram,Lunglei,23.176777,92.738013,Rock,Slide
Mizoram,Lunglei,23.170376,92.739585,Debris,Slide
Mizoram,Lunglei,23.170205,92.73929,Debris,Slide
Mizoram,Lunglei,23.16864,92.740342,Debris,Slide
Mizoram,Lunglei,23.168362,92.74061,Debris,Slide
Mizoram,Lunglei,23.165872,92.741435,Debris,Slide
Mizoram,Lunglei,23.164812,92.743396,Debris,Slide and Flow
Mizoram,Lunglei,23.164443,92.742682,Debris,Slide
Mizoram,Lunglei,23.164169,92.74339,Earth,Slide
Mizoram,Lunglei,23.163136,92.7444,Debris,Slide
Mizoram,Lunglei,23.162899,92.744032,Earth,Slide
Mizoram,Lunglei,23.160443,92.743261,Earth,Slide
Mizoram,Lunglei,23.160357,92.743677,Earth,Slide
Mizoram,Lunglei,23.160261,92.74337,Debris,Slide
Mizoram,Lunglei,23.157803,92.743652,Earth,Slide
Mizoram,Lunglei,23.157418,92.744221,Earth,Slide
Mizoram,Lunglei,23.155456,92.744778,Debris,Slide
Mizoram,Lunglei,23.152289,92.746243,Debris,Slide
Mizoram,Lunglei,23.151833,92.746339,Earth,Slide
Mizoram,Lunglei,23.151191,92.747211,Rock,Slide
Mizoram,Lunglei,23.150972,92.747402,Debris,Slide
Mizoram,Lunglei,23.149815,92.749076,Debris,Slide
Mizoram,Lunglei,23.14968,92.749277,Debris,Slide
Mizoram,Lunglei,23.149588,92.749562,Debris,Slide
Mizoram,Lunglei,23.149163,92.750431,Debris,Slide
Mizoram,Lunglei,23.149094,92.750808,Debris,Slide
Mizoram,Lunglei,23.147798,92.749742,Debris,Slide
Mizoram,Lunglei,23.144687,92.750609,Debris,Slide
Mizoram,Lunglei,23.143591,92.749751,Rock,Slide
Mizoram,Lunglei,23.141589,92.751435,Debris,Slide
Mizoram,Lunglei,23.141474,92.750577,Debris,Slide
Mizoram,Lunglei,23.141077,92.75109,Rock,Fall
Mizoram,Lunglei,23.139887,92.751646,Debris,Slide
Mizoram,Lunglei,23.14016,92.75191,Debris,Slide
Mizoram,Lunglei,23.1378,92.749869,Earth,Slide
Mizoram,Lunglei,23.137565,92.747197,Debris,Slide and flow
Mizoram,Lunglei,23.136964,92.74724,Earth,Slide
Mizoram,Lunglei,23.135979,92.747589,Debris,Slide and Flow
Mizoram,Lunglei,23.135813,92.74814,Debris,Slide
Mizoram,Lunglei,23.134961,92.747843,Debris,Slide and Flow
Mizoram,Lunglei,23.13488,92.747567,Debris,Slide
Mizoram,Lunglei,23.132516,92.746085,Earth,Slide
Mizoram,Lunglei,23.132035,92.745362,Debris,Slide
Mizoram,Lunglei,23.131844,92.744715,Earth,Slide and flow
Mizoram,Lunglei,23.131999,92.744413,Earth,Slide
Mizoram,Lunglei,23.130578,92.743046,Earth,Slide
Mizoram,Lunglei,23.129048,92.742692,Earth,Slide
Mizoram,Lunglei,23.127505,92.740257,Debris,Slide
Mizoram,Lunglei,23.125686,92.740507,Rock,Slide
Mizoram,Lunglei,23.125271,92.740646,Earth,Slide
Mizoram,Lunglei,23.123927,92.739604,Debris,Slide
Mizoram,Lunglei,23.123517,92.739803,Debris,Slide and Flow
Mizoram,Lunglei,23.121323,92.741086,Debris,Slide
Mizoram,Lunglei,23.119722,92.742868,Debris,Slide
Mizoram,Lunglei,23.119344,92.742996,Debris,Slide
Mizoram,Lunglei,23.119163,92.743039,Debris,Slide and Flow
Mizoram,Lunglei,23.116585,92.745325,Earth,Slide
Mizoram,Lunglei,23.118272,92.742799,Debris,Slide and flow
Mizoram,Lunglei,23.11239,92.745417,Earth,Slide
Mizoram,Lunglei,23.11349,92.745057,Earth,Slide
Mizoram,Lunglei,23.113126,92.74564,Earth,Slide
Mizoram,Lunglei,23.112284,92.746288,Debris,Slide
Mizoram,Lunglei,23.108018,92.746279,Earth,Slide
Mizoram,Lunglei,23.10565,92.745979,Debris,Slide
Mizoram,Lunglei,23.105869,92.746616,Earth,Slide
Mizoram,Lunglei,23.104623,92.747711,Debris,Slide and flow
Mizoram,Lunglei,23.104711,92.747784,Debris,Slide and flow
Mizoram,Lunglei,23.103993,92.74869,Debris,Slide and flow
Mizoram,Lunglei,23.10357,92.748737,Debris,Slide
Mizoram,Lunglei,23.100785,92.751508,Earth,Slide
Mizoram,Lunglei,23.099615,92.752199,Earth,Slide
Mizoram,Lunglei,23.098261,92.751461,Earth,Slide
Mizoram,Lunglei,23.09459,92.753733,Earth,Slide and flow
Mizoram,Lunglei,23.092076,92.752286,Earth,Slide
Mizoram,Lunglei,23.091619,92.752299,Earth,Slide
Mizoram,Lunglei,23.089822,92.751916,Debris,Slide
Mizoram,Lunglei,23.08373,92.757679,Earth,Slide
Mizoram,Lunglei,23.082149,92.758285,Earth,Slide
Mizoram,Lunglei,23.074255,92.76222,Debris,Slide
Mizoram,Lunglei,23.07006,92.764514,Debris,Slide
Mizoram,Lunglei,23.069585,92.765797,Debris,Slide
Mizoram,Lunglei,23.067473,92.767201,Earth,Slide
Mizoram,Lunglei,23.065772,92.767979,Debris,Slide
Mizoram,Lunglei,23.06533,92.768329,Debris,Slide
Mizoram,Lunglei,23.063838,92.769004,Debris,Slide
Mizoram,Lunglei,23.061745,92.770105,Debris,Slide
Mizoram,Lunglei,23.059168,92.771186,Debris,Slide
Mizoram,Lunglei,23.056424,92.772983,Rock,Slide
Mizoram,Lunglei,23.054573,92.772578,Debris,Slide
Mizoram,Lunglei,23.053698,92.772504,Debris,Slide
Mizoram,Lunglei,23.050965,92.772524,Debris,Slide
Mizoram,Lunglei,23.047367,92.772849,Debris,Slide
Mizoram,Lunglei,23.046442,92.772974,Debris,Slide
Mizoram,Lunglei,23.045557,92.772557,Debris,Slide
Mizoram,Lunglei,23.046939,92.772748,Debris,"Slide and flow
along nala"
Mizoram,Lunglei,23.044434,92.772583,Debris,Slide
Mizoram,Lunglei,23.04345,92.772408,Debris,Slide
Mizoram,Lunglei,23.043269,92.77264,Debris,Slide
Mizoram,Lunglei,23.040669,92.772823,Debris,Slide
Mizoram,Lunglei,23.040051,92.773327,Debris,Slide
Mizoram,Lunglei,23.038879,92.773703,Debris,Slide
Mizoram,MAMIT,23.92322222,92.49222222,Unknown,Unknown
Mizoram,Mamit,23.460968,92.597217,Debris,Slide
Mizoram,Mamit,23.468357,92.591717,Rock,Slide
Mizoram,Mamit,23.475392,92.605749,Rock,Slide
Mizoram,Mamit,23.487102,92.606156,Rock,Slide
Mizoram,Mamit,23.500083,92.585889,Rock,Slide
Mizoram,Mamit,23.501778,92.58575,Rock,Slide
Mizoram,Mamit,23.503611,92.615556,Debris,Slide
Mizoram,Mamit,23.519139,92.5795,Debris,Slide
Mizoram,Mamit,23.51975,92.579556,Debris,Slide
Mizoram,Mamit,23.531417,92.573056,Debris,Slide
Mizoram,Mamit,23.533361,92.572139,Rock,Slide
Mizoram,Mamit,23.546,92.574556,Rock,Slide
Mizoram,Mamit,23.562444,92.577806,Rock,Slide
Mizoram,Mamit,23.57,92.47,Rock,Slide
Mizoram,Mamit,23.580139,92.591139,Rock,Slide
Mizoram,Mamit,23.584417,92.622917,Rock,Slide
Mizoram,Mamit,23.587,92.622389,Rock,Slide
Mizoram,Mamit,23.587111,92.601667,Rock,Slide
Mizoram,Mamit,23.587361,92.601278,Rock,Slide
Mizoram,Mamit,23.587917,92.598056,Rock,Slide
Mizoram,Mamit,23.588417,92.600889,Rock,Slide
Mizoram,Mamit,23.588444,92.597417,Rock,Slide
Mizoram,Mamit,23.588472,92.599,Rock,Slide
Mizoram,Mamit,23.589167,92.590111,Rock,Slide
Mizoram,Mamit,23.590139,92.607333,Rock,Slide
Mizoram,Mamit,23.590722,92.604694,Debris,Slide
Mizoram,Mamit,23.598139,92.599111,Rock,Slide
Mizoram,Mamit,23.608389,92.596889,Rock,Slide
Mizoram,Mamit,23.609111,92.596306,Rock,Slide
Mizoram,Mamit,23.615139,92.594944,Rock,Slide
Mizoram,Mamit,23.618083,92.645028,Rock,Slide
Mizoram,Mamit,23.618722,92.627389,Rock,Slide
Mizoram,Mamit,23.618917,92.642611,Debris,Slide
Mizoram,Mamit,23.619583,92.634417,Rock,Slide
Mizoram,Mamit,23.621722,92.623583,Rock,Slide
Mizoram,Mamit,23.625444,92.614889,Rock,Slide
Mizoram,Mamit,23.637472,92.595278,Rock,Slide
Mizoram,Mamit,23.657194,92.5905,Rock,Slide
Mizoram,Mamit,23.664583,92.590111,Rock,Slide
Mizoram,Mamit,23.669278,92.592278,Debris,Slide
Mizoram,Mamit,23.669694,92.592667,Rock,Slide
Mizoram,Mamit,23.674167,92.596889,Rock,Slide
Mizoram,Mamit,23.67425,92.587278,Debris,Slide
Mizoram,Mamit,23.674694,92.597361,Rock,Slide
Mizoram,Mamit,23.675722,92.598639,Rock,Slide
Mizoram,Mamit,23.678583,92.571583,Rock,Slide
Mizoram,Mamit,23.68075,92.571917,Rock,Slide
Mizoram,Mamit,23.681778,92.602611,Rock,Slide
Mizoram,Mamit,23.68225,92.573694,Debris,Slide
Mizoram,Mamit,23.682611,92.602028,Debris,Slide
Mizoram,Mamit,23.683417,92.601222,Rock,Fall
Mizoram,Mamit,23.684222,92.599917,Rock,Slide
Mizoram,Mamit,23.684472,92.573694,Rock,Slide
Mizoram,Mamit,23.688389,92.595583,Rock,Slide
Mizoram,Mamit,23.69,92.49,Rock,Slide
Mizoram,Mamit,23.69,92.35,Rock,Slide
Mizoram,Mamit,23.690722,92.570139,Rock,Slide
Mizoram,Mamit,23.691722,92.575111,Debris,Slide
Mizoram,Mamit,23.6935,92.570306,Rock,Slide
Mizoram,Mamit,23.695083,92.570639,Rock,Slide
Mizoram,Mamit,23.697889,92.568444,Debris,Slide
Mizoram,Mamit,23.710278,92.558056,Rock,Slide
Mizoram,Mamit,23.712306,92.649528,Debris,Slide
Mizoram,Mamit,23.712528,92.64775,Debris,Slide
Mizoram,Mamit,23.712611,92.560444,Debris,Slide
Mizoram,Mamit,23.7155,92.556028,Debris,Slide
Mizoram,Mamit,23.718194,92.556417,Debris,Slide
Mizoram,Mamit,23.726694,92.557778,Debris,Slide
Mizoram,Mamit,23.728778,92.557833,Rock,Slide
Mizoram,Mamit,23.733222,92.557833,Debris,Slide
Mizoram,Mamit,23.735833,92.558056,Debris,Slide
Mizoram,Mamit,23.737167,92.557167,Rock,Slide
Mizoram,Mamit,23.751155,92.571589,Debris,Slide
Mizoram,Mamit,23.757805,92.561473,Debris,Slide
Mizoram,Mamit,23.761734,92.573908,Debris,Slide
Mizoram,Mamit,23.767139,92.533889,Rock,Slide
Mizoram,Mamit,23.76821,92.539681,Debris,Slide
Mizoram,Mamit,23.78,92.36,Rock,Slide
Mizoram,Mamit,23.780864,92.577909,Debris,Slide
Mizoram,Mamit,23.783846,92.553747,Debris,Slide
Mizoram,Mamit,23.783956,92.553695,Rock,Fall
Mizoram,Mamit,23.784278,92.597111,Debris,Slide
Mizoram,Mamit,23.79,92.36,Rock,Slide
Mizoram,Mamit,23.796268,92.54654,Debris,Slide
Mizoram,Mamit,23.8,92.5,Rock,Slide
Mizoram,Mamit,23.802567,92.564045,Debris,Slide
Mizoram,Mamit,23.805313,92.592663,Rock,Slide
Mizoram,Mamit,23.808528,92.595222,Debris,Slide
Mizoram,Mamit,23.81,92.5,Rock,Slide
Mizoram,Mamit,23.811938,92.570804,Debris,Slide
Mizoram,Mamit,23.821894,92.569325,Debris,Slide
Mizoram,Mamit,23.826694,92.603833,Rock,Slide
Mizoram,Mamit,23.833698,92.650724,Debris,Slide
Mizoram,Mamit,23.84,92.37,Debris,Slide
Mizoram,Mamit,23.846786,92.655892,Rock,Fall
Mizoram,Mamit,23.85,92.33,Debris,Slide
Mizoram,Mamit,23.855535,92.648953,Earth,Slide
Mizoram,Mamit,23.857278,92.646222,Debris,Slide
Mizoram,Mamit,23.86,92.35,Debris,Slide
Mizoram,Mamit,23.86,92.37,Rock,Slide
Mizoram,Mamit,23.87,92.5,Rock,Slide
Mizoram,Mamit,23.88,92.5,Rock,Slide
Mizoram,Mamit,23.9,92.39,Rock,Slide
Mizoram,Mamit,23.91,92.45,Debris,Slide
Mizoram,Mamit,23.918917,92.650833,Rock,Slide
Mizoram,Mamit,23.93,92.37,Debris,Flow
Mizoram,Mamit,23.94,92.37,Rock,Slide
Mizoram,Mamit,23.95,92.37,Rock,Slide
Mizoram,Mamit,24.05,92.38,Rock,Slide
Mizoram,Mamit,24.06,92.39,Rock,Slide
Mizoram,Mamit,24.08,92.39,Earth,Slide
Mizoram,Mamit,24.08,92.51,Earth,Slide
Mizoram,Mamit,24.09,92.37,Debris,Slide
Mizoram,Mamit,24.09,92.4,Debris,Slide
Mizoram,Mamit,24.1,92.37,Debris,Slide
Mizoram,Mamit,24.1,92.42,Debris,Slide
Mizoram,Mamit,24.1,92.51,Rock,Slide
Mizoram,Mamit,24.11,92.39,Debris,Slide
Mizoram,Mamit,24.12,92.38,Debris,Slide
Mizoram,Mamit,24.12,92.36,Debris,Slide
Mizoram,Mamit,24.12,92.46,Rock,Slide
Mizoram,Mamit,24.13,92.52,Debris,Slide
Mizoram,Mamit,24.14,92.41,Rock,Slide
Mizoram,Mamit,24.15,92.41,Debris,Slide
Mizoram,Mamit,24.17,92.33,Rock,Slide
Mizoram,Mamit,24.17,92.53,Debris,Slide
Mizoram,Mamit,24.17,92.52,Debris,Slide
Mizoram,Mamit,24.19,92.33,Earth,Slide
Mizoram,Mamit,24.2,92.42,Earth,Slide
Mizoram,Mamit,24.24,92.36,Debris,Slide
Mizoram,Saiha,22.1,92.85,Debris,Slide
Mizoram,Saiha,22.1,92.86,Debris,Slide
Mizoram,Saiha,22.11,92.85,Debris,Slide
Mizoram,Saiha,22.11,92.86,Debris,Slide
Mizoram,Saiha,22.11,92.88,Debris,Slide
Mizoram,Saiha,22.14,92.88,Debris,Slide
Mizoram,Saiha,22.14,93.0,Rock,Slide
Mizoram,Saiha,22.15,92.88,Debris,Slide
Mizoram,Saiha,22.15,92.99,Debris,Slide
Mizoram,Saiha,22.15,93.01,Debris,Slide
Mizoram,Saiha,22.16,93.0,Debris,Slide
Mizoram,Saiha,22.17,92.99,Debris,Slide
Mizoram,Saiha,22.17,93.01,Debris,Slide
Mizoram,Saiha,22.17,93.0,Rock,Slide
Mizoram,Saiha,22.18,93.01,Debris,Slide
Mizoram,Saiha,22.19,92.98,Debris,Slide
Mizoram,Saiha,22.19,93.03,Debris,Slide
Mizoram,Saiha,22.2,93.13,Debris,Slide
Mizoram,Saiha,22.21,92.96,Debris,Slide
Mizoram,Saiha,22.21,93.12,Debris,Slide
Mizoram,Saiha,22.22,92.95,Debris,Slide
Mizoram,Saiha,22.22,92.96,Debris,Slide
Mizoram,Saiha,22.22,93.11,Debris,Slide
Mizoram,Saiha,22.23,92.93,Rock,Slide
Mizoram,Saiha,22.24,93.1,Debris,Slide
Mizoram,Saiha,22.25,93.03,Debris,Slide
Mizoram,Saiha,22.25,93.09,Debris,Slide
Mizoram,Saiha,22.26,93.05,Debris,Slide
Mizoram,Saiha,22.26,93.03,Rock,Slide
Mizoram,Saiha,22.27,93.09,Debris,Slide
Mizoram,Saiha,22.27,93.05,Debris,Slide
Mizoram,Saiha,22.27,93.06,Rock,Slide
Mizoram,Saiha,22.28,93.08,Debris,Slide
Mizoram,Saiha,22.28,93.09,Debris,Slide
Mizoram,Saiha,22.29,93.08,Debris,Slide
Mizoram,Saiha,22.29,93.09,Debris,Slide
Mizoram,Saiha,22.31,93.02,Debris,Slide
Mizoram,Saiha,22.32,93.14,Debris,Slide
Mizoram,Saiha,22.32,93.02,Rock,Slide
Mizoram,Saiha,22.34,93.04,Debris,Slide
Mizoram,Saiha,22.34,93.13,Rock,Slide
Mizoram,Saiha,22.36,93.05,Debris,Slide
Mizoram,Saiha,22.368999,92.934998,Debris,Slide
Mizoram,Saiha,22.369862,92.934998,Debris,Slide
Mizoram,Saiha,22.38,93.03,Rock,Slide
Mizoram,Saiha,22.38,93.12,Rock,Fall
Mizoram,Saiha,22.381001,92.978996,Rock,Fall
Mizoram,Saiha,22.39,93.11,Rock,Slide
Mizoram,Saiha,22.392,92.978996,Debris,Slide
Mizoram,Saiha,22.399,92.964996,Debris,Slide
Mizoram,Saiha,22.4,93.12,Rock,Slide
Mizoram,Saiha,22.4,93.13,Rock,Slide
Mizoram,Saiha,22.405001,92.950996,Debris,Slide
Mizoram,Saiha,22.41,93.02,Rock,Slide
Mizoram,Saiha,22.42,92.992996,Debris,Subsidence
Mizoram,Saiha,22.424,92.977997,Debris,Slide
Mizoram,Saiha,22.427999,92.947998,Debris,Slide
Mizoram,Saiha,22.434999,92.945999,Debris,Slide
Mizoram,Saiha,22.44,93.1,Rock,Slide
Mizoram,Saiha,22.45,93.09,Rock,Slide
Mizoram,Saiha,22.455,92.959999,Debris,Slide
Mizoram,Saiha,22.455999,92.962997,Debris,Slide
Mizoram,Saiha,22.455999,92.948997,Debris,Slide
Mizoram,Saiha,22.459,92.952003,Debris,Slide
Mizoram,Saiha,22.46,93.05,Debris,Slide
Mizoram,Saiha,22.462999,92.969002,Debris,Slide
Mizoram,Saiha,22.472,92.969002,Debris,Slide
Mizoram,Saiha,22.475,92.964996,Debris,Slide
Mizoram,Saiha,22.478001,92.966003,Rock,Fall
Mizoram,Saiha,22.483999,92.954002,Debris,Fall
Mizoram,Saiha,22.485666,92.985825,Debris,Slide
Mizoram,Saiha,22.487,92.964996,Debris,Slide
Mizoram,Saiha,22.49,93.01,Debris,Slide
Mizoram,Saiha,22.490999,92.964996,Debris,Slide
Mizoram,Saiha,22.490999,92.981003,Debris,Subsidence
Mizoram,Saiha,22.490999,92.984001,Debris,Subsidence
Mizoram,Saiha,22.496,92.975998,Rock,Fall
Mizoram,Saiha,22.5,93.01,Debris,Slide
Mizoram,Saiha,22.5,93.02,Debris,Slide
Mizoram,Saiha,22.513,92.992996,Rock,Fall
Mizoram,Saitual,23.665375,92.96162,Debris,Slide
Mizoram,Saitual,23.683824,92.963188,Debris,Slide
Mizoram,Saitual,23.696577,92.967198,Debris,Slide
Mizoram,Saitual,23.667553,92.89259,Rock,Slide
Mizoram,Saitual,23.527592,92.984969,Debris,Subsidence
Mizoram,Serchhip,23.057222,93.080002,Rock,Slide
Mizoram,Serchhip,23.08989,93.020531,Rock,Slide
Mizoram,Serchhip,23.124069,93.145889,Debris,Slide
Mizoram,Serchhip,23.14085,93.142487,Debris,Slide
Mizoram,Serchhip,23.143806,93.031219,Debris,Slide
Mizoram,Serchhip,23.148056,93.055832,Debris,Slide
Mizoram,Serchhip,23.168705,93.108017,Debris,Slide
Mizoram,Serchhip,23.172249,93.058052,Debris,Slide
Mizoram,Serchhip,23.176575,92.979797,Debris,Slide
Mizoram,Serchhip,23.182667,93.026138,Debris,Slide
Mizoram,Serchhip,23.195522,92.90062,Rock,Slide
Mizoram,Serchhip,23.197752,93.007805,Debris,Slide
Mizoram,Serchhip,23.199879,93.00705,Debris,Slide
Mizoram,Serchhip,23.212713,92.930771,Debris,Slide
Mizoram,Serchhip,23.213892,92.904892,Rock,Slide
Mizoram,Serchhip,23.21685,92.955475,Debris,Slide
Mizoram,Serchhip,23.217224,92.949684,Rock,Slide
Mizoram,Serchhip,23.221762,92.975006,Rock,Slide
Mizoram,Serchhip,23.222652,92.940269,Rock,Slide
Mizoram,Serchhip,23.222778,92.92778,Debris,Slide
Mizoram,Serchhip,23.222778,92.943611,Rock,Slide
Mizoram,Serchhip,23.222853,92.941536,Rock,Slide
Mizoram,Serchhip,23.222925,92.940842,Rock,Slide
Mizoram,Serchhip,23.223055,92.931114,Debris,Slide
Mizoram,Serchhip,23.223555,92.92672,Debris,Slide
Mizoram,Serchhip,23.223957,92.936401,Debris,Slide
Mizoram,Serchhip,23.227602,92.923164,Debris,Slide
Mizoram,Serchhip,23.228361,92.916832,Debris,Slide
Mizoram,Serchhip,23.23,92.919724,Debris,Slide
Mizoram,Serchhip,23.242828,92.798134,Rock,Fall
Mizoram,Serchhip,23.243479,92.904846,Debris,Slide
Mizoram,Serchhip,23.245819,92.798233,Soil,Slide
Mizoram,Serchhip,23.249727,92.796631,Debris,Slide
Mizoram,Serchhip,23.255288,92.888813,Debris,Slide
Mizoram,Serchhip,23.255426,92.890915,Rock,Slide
Mizoram,Serchhip,23.260038,92.882734,Rock,Slide
Mizoram,Serchhip,23.272218,92.873298,Debris,Slide
Mizoram,Serchhip,23.2741,92.848362,Rock,Slide
Mizoram,Serchhip,23.275305,92.850377,Debris,Slide
Mizoram,Serchhip,23.276999,92.850991,Debris,Slide
Mizoram,Serchhip,23.277412,92.870285,Rock,Slide
Mizoram,Serchhip,23.277886,92.840388,Debris,Slide
Mizoram,Serchhip,23.279612,92.869602,Debris,Slide
Mizoram,Serchhip,23.281103,92.857654,Rock,Slide
Mizoram,Serchhip,23.281521,92.868857,Rock,Slide
Mizoram,Serchhip,23.282258,92.852377,Rock,Slide
Mizoram,Serchhip,23.28328,92.831766,Debris,Slide
Mizoram,Serchhip,23.28388,92.857468,Debris,Slide
Mizoram,Serchhip,23.283951,92.852551,Debris,Slide
Mizoram,Serchhip,23.285967,92.856546,Rock,Slide
Mizoram,Serchhip,23.286001,92.857178,Rock,Slide
Mizoram,Serchhip,23.28611,92.85748,Debris,Slide
Mizoram,Serchhip,23.28621,92.857249,Debris,Slide
Mizoram,Serchhip,23.288105,92.857432,Rock,Slide
Mizoram,Serchhip,23.28985,92.860445,Debris,Slide
Mizoram,Serchhip,23.291063,92.860374,Debris,Slide
Mizoram,Serchhip,23.293142,92.857091,Debris,Slide
Mizoram,Serchhip,23.293769,92.871451,Rock,Slide
Mizoram,Serchhip,23.29659,92.694008,Rock,Slide
Mizoram,Serchhip,23.297332,92.740677,Rock,Slide
Mizoram,Serchhip,23.297637,92.74119,Debris,Slide
Mizoram,Serchhip,23.297759,92.856169,Debris,Slide
Mizoram,Serchhip,23.298413,92.81508,Earth,Slide
Mizoram,Serchhip,23.299407,92.696714,Rock,Slide
Mizoram,Serchhip,23.30028,92.741186,Rock,Slide
Mizoram,Serchhip,23.301399,92.699109,Rock,Slide
Mizoram,Serchhip,23.302456,92.853533,Rock,Slide
Mizoram,Serchhip,23.305259,92.809736,Debris,Slide
Mizoram,Serchhip,23.306654,92.707482,Rock,Fall
Mizoram,Serchhip,23.308202,92.731268,Rock,Slide
Mizoram,Serchhip,23.308769,92.862258,Rock,Slide
Mizoram,Serchhip,23.309091,92.86293,Debris,Slide
Mizoram,Serchhip,23.314208,92.858096,Rock,Slide
Mizoram,Serchhip,23.314408,92.808662,Rock,Slide
Mizoram,Serchhip,23.315355,92.786906,Rock,Slide
Mizoram,Serchhip,23.3154,92.791224,Rock,Slide
Mizoram,Serchhip,23.315806,92.859192,Debris,Slide
Mizoram,Serchhip,23.316221,92.856217,Debris,Slide
Mizoram,Serchhip,23.318805,92.853099,Debris,Slide
Mizoram,Serchhip,23.320289,92.854914,Rock,Slide
Mizoram,Serchhip,23.320815,92.854748,Debris,Slide
Mizoram,Serchhip,23.321505,92.854734,Rock,Slide
Mizoram,Serchhip,23.321765,92.8589,Rock,Slide
Mizoram,Serchhip,23.321864,92.859431,Rock,Slide
Mizoram,Serchhip,23.322363,92.854689,Rock,Slide
Mizoram,Serchhip,23.383745,92.845792,Debris,Slide
Mizoram,Serchhip,23.385211,92.844697,Debris,Slide
Mizoram,Serchhip,23.38533,92.855433,Debris,Slide
Mizoram,Serchhip,23.387328,92.933397,Rock,Slide
Mizoram,Serchhip,23.388377,92.845102,Rock,Slide
Mizoram,Serchhip,23.40002,92.842404,Debris,Slide
Mizoram,Serchhip,23.401015,92.848482,Rock,Slide
Mizoram,Serchhip,23.405305,92.851014,Rock,Slide
Mizoram,Serchhip,23.434706,92.854894,Debris,Slide
Mizoram,Serchhip,23.43481,92.873933,Rock,Slide
Mizoram,Serchhip,23.435405,92.871814,Debris,Slide
Mizoram,Serchhip,23.436999,92.875456,Rock,Slide
Mizoram,Serchhip,23.438997,92.877502,Rock,Slide
Mizoram,Serchhip,23.440711,92.864298,Rock,Slide
Mizoram,Serchhip,23.440973,92.87909,Debris,Slide
Mizoram,Serchhip,23.44129,92.865395,Rock,Slide
Mizoram,Serchhip,23.442118,92.868912,Rock,Slide
Mizoram,Serchhip,23.443793,92.862106,Debris,Slide
Mizoram,Serchhip,23.443878,92.85593,Rock,Slide
Mizoram,Serchhip,23.44608,92.861819,Debris,Slide
Mizoram,Serchhip,23.447015,92.866917,Rock,Slide
Mizoram,Serchhip,23.447093,92.863082,Rock,Slide
Mizoram,Serchhip,23.447697,92.861729,Rock,Slide
Mizoram,Serchhip,23.447985,92.856607,Debris,Slide
Mizoram,Serchhip,23.448368,92.899862,Debris,Slide
Mizoram,Serchhip,23.449827,92.8599,Debris,Slide
Mizoram,Serchhip,23.451278,93.002944,Debris,Slide
Mizoram,Serchhip,23.451505,92.900845,Debris,Slide
Mizoram,Serchhip,23.454081,92.857453,Rock,Slide
Mizoram,Serchhip,23.454817,92.858696,Debris,Slide
Mizoram,Serchhip,23.454968,92.854599,Debris,Slide
Mizoram,Serchhip,23.456101,92.859084,Debris,Slide
Mizoram,Serchhip,23.456613,93.006652,Debris,Slide
Mizoram,Serchhip,23.456861,93.006694,Rock,Slide
Mizoram,Serchhip,23.457028,93.006722,Debris,Slide
Mizoram,Serchhip,23.457031,92.857686,Debris,Slide
Mizoram,Serchhip,23.457083,93.007639,Rock,Slide
Mizoram,Serchhip,23.458124,92.9053,Debris,Slide
Mizoram,Serchhip,23.458593,92.905313,Debris,Slide
Mizoram,Serchhip,23.459019,92.856803,Debris,Slide
Mizoram,Serchhip,23.459786,92.855821,Debris,Slide
Mizoram,Serchhip,23.46025,93.01125,Rock,Slide
Mizoram,Serchhip,23.460792,92.855527,Rock,Slide
Mizoram,Serchhip,23.461248,93.012863,Rock,Slide
Mizoram,Serchhip,23.462173,93.014317,Rock,Slide
Mizoram,Serchhip,23.462805,92.856093,Debris,Slide
Mizoram,Serchhip,23.463222,93.015694,Debris,Slide
Mizoram,Serchhip,23.463765,93.018316,Rock,Slide
Mizoram,Serchhip,23.464394,92.855608,Rock,Slide
Mizoram,Serchhip,23.470139,93.025944,Debris,Slide
Mizoram,Serchhip,23.470244,93.025409,Debris,Slide
Mizoram,Serchhip,23.476232,92.913652,Rock,Slide
Mizoram,Serchhip,23.477108,92.857281,Debris,Slide
Mizoram,Serchhip,23.477601,92.818801,Rock,Slide
Mizoram,Serchhip,23.47803,92.861256,Rock,Slide
Mizoram,Serchhip,23.47831,92.865466,Debris,Slide
Mizoram,Serchhip,23.478601,92.858505,Rock,Slide
Mizoram,Serchhip,23.479766,92.870601,Debris,Slide
Mizoram,Serchhip,23.486909,92.856282,Debris,Slide
Mizoram,Serchhip,23.493913,92.854305,Rock,Slide
Mizoram,Serchhip,23.497388,92.855013,Debris,Slide
Mizoram,Serchhip,23.497919,92.854946,Debris,Slide
Mizoram,Serchhip,23.498802,92.8546,Debris,Slide
Mizoram,Serchhip,23.47694444,92.857846,Debris,Slide
Mizoram,Serchhip,23.471041,92.85503,Debris,Slide
Mizoram,Serchhip,23.465558,92.855991,Debris,Slide
Mizoram,Serchhip,23.463164,92.854672,Debris,Slide
Mizoram,Serchhip,23.31259,92.856415,Debris,Slide
Mizoram,Serchhip,23.288812,92.864763,Debris,Slide
Mizoram,Serchhip,23.281264,92.869279,Debris,Slide
Mizoram,Serchhip,23.379441,92.844081,Debris,Slide
Mizoram,Serchhip,23.38151,92.844938,Debris,Slide
Mizoram,Serchhip,23.382175,92.843876,Debris,Slide
Mizoram,Serchhip,23.382772,92.845187,Debris,Slide
Mizoram,Serchhip,23.381533,92.854115,Debris,Slide
Mizoram,Serchhip,23.387941,92.842291,Debris,Slide
Mizoram,Serchhip,23.237077,92.910043,Debris,Slide
Mizoram,Serchhip,23.126631,93.064946,Debris,Slide
Mizoram,Serchhip,23.315355,92.790619,Debris,Slide
Mizoram,Serchhip,23.316491,92.788798,Debris,Slide
Mizoram,Serchhip,23.239637,92.748175,Debris,Slide
Mizoram,Serchhip,23.239077,92.745631,Earth,Slide
Mizoram,Serchhip,23.239137,92.744468,Debris,Slide
Mizoram,Serchhip,23.239797,92.744214,Debris,Slide
Mizoram,Serchhip,23.238785,92.744224,Debris,Slide
Mizoram,Serchhip,23.235716,92.744499,Earth,Slide
Mizoram,Serchhip,23.180345,92.900082,Debris,Slide
Mizoram,Serchhip,23.187383,92.89826,Earth,Slide
Mizoram,Serchhip,23.187762,92.898034,Earth,slide
Mizoram,Serchhip,23.188273,92.898879,Earth,Slide
Mizoram,Serchhip,23.193401,92.900218,Debris,Flow
Mizoram,Serchhip,23.198119,92.899566,Debris,Slide
Mizoram,Serchhip,23.223594,92.914767,Debris,Slide
Mizoram,Serchhip,23.225227,92.912496,Debris,Slide
Mizoram,Serchhip,23.32201,92.85822,Debris,Flow
Mizoram,Serchhip,23.322039,92.859147,Debris,Slide
Mizoram,Serchhip,23.319156,92.857722,Debris,Slide
Mizoram,Serchhip,23.317543,92.858683,Debris,Slide
Mizoram,Serchhip,23.318568,92.852294,Debris,Slide
Mizoram,Serchhip,23.323423,92.860926,Earth,Slide
Mizoram,Serchhip,23.319412,92.855415,Debris,Slide
Mizoram,Serchhip,23.319184,92.856725,Debris,Flow
Mizoram,Serchhip,23.309286,92.850807,Debris,Flow
Mizoram,Serchhip,23.10112,92.852784,Earth,Slide
Mizoram,Serchhip,23.309914,92.853522,Earth,Slide
Mizoram,Serchhip,23.315273,92.856524,Debris,Slide
Mizoram,Serchhip,23.311529,92.85443,Debris,Slide
Mizoram,Serchhip,23.31637,92.854172,Debris,Slide
Mizoram,Serchhip,23.310074,92.858498,Debris,Slide
Mizoram,Serchhip,23.309295,92.860017,Debris,Slide
Mizoram,Serchhip,23.308629,92.860039,Earth,Slide
Mizoram,Serchhip,23.308778,92.858357,Debris,Slide
Mizoram,Serchhip,23.300837,92.855693,Debris,Slide
Mizoram,Serchhip,23.300787,92.853572,Debris,Slide
Mizoram,Serchhip,23.305323,92.852358,Debris,Slide
Mizoram,Serchhip,23.30554,92.854877,Debris,Slide
Mizoram,Serchhip,23.304746,92.862109,Debris,Slide
Mizoram,Serchhip,23.298928,92.857435,Debris,Slide
Mizoram,Serchhip,23.310846,92.858915,Debris,Flow
Mizoram,Serchhip,23.311335,92.858026,Debris,Slide
Mizoram,Serchhip,23.307089,92.854209,Debris,Slide
Mizoram,Serchhip,23.3057,92.852802,Debris,Slide
Mizoram,Serchhip,23.307093,92.856289,Debris,Slide
Mizoram,Serchhip,23.307524,92.857678,Debris,Subsidence
Mizoram,Serchhip,23.305939,92.857538,Debris,Flow
Mizoram,Serchhip,23.303906,92.853173,Debris,Flow
Mizoram,Serchhip,23.301381,92.853078,Debris,Flow
Mizoram,Serchhip,23.299628,92.855609,Debris,Slide
Mizoram,Serchhip,23.298137,92.857412,Earth,Slide
Mizoram,Serchhip,23.293453,92.858089,Debris,Slide
Mizoram,Serchhip,23.293873,92.858395,Debris,Slide
Mizoram,Serchhip,23.298166,92.858694,Earth,Slide
Mizoram,Serchhip,23.346456,92.851511,Debris,Slide
Mizoram,Serchhip,23.3466,92.854847,Debris,Slide
Mizoram,Serchhip,23.291103,92.864843,Debris,Slide
Mizoram,Serchhip,23.301587,92.868485,Debris,Slide
Mizoram,Serchhip,23.313996,92.863984,Debris,Flow
Mizoram,Serchhip,23.321016,92.861601,Debris,Slide
Mizoram,Serchhip,23.3228,92.862406,Debris,Slide
Mizoram,Serchhip,23.286141,92.868152,Debris,Slide
Mizoram,Serchhip,23.281219,92.869608,Debris,Flow
Mizoram,Serchhip,23.274148,92.871011,Debris,Flow
Mizoram,Serchhip,23.272548,92.874296,Earth,Slide
Mizoram,Serchhip,23.271227,92.874544,Debris,Slide
Mizoram,Serchhip,23.270548,92.877577,Debris,Flow
Mizoram,Serchhip,23.67701,92.87895,Debris,Flow
Mizoram,Serchhip,23.243855,92.905242,Debris,Slide
Mizoram,Serchhip,23.286735,92.85703,Debris,Slide
Mizoram,Serchhip,23.284565,92.857096,Debris,Slide
Mizoram,Serchhip,23.281443,92.840145,Debris,Slide
Mizoram,Serchhip,23.280947,92.8367,Rock,Slide
Mizoram,Serchhip,23.288276,92.830821,Debris,Slide
Mizoram,Serchhip,23.293863,92.741368,Debris,slide
Mizoram,Serchhip,23.295774,92.740012,Debris,slide
Mizoram,Serchhip,23.30265,92.742945,Debris,slide
Mizoram,Serchhip,23.307135,92.707624,Debris,Flow
Mizoram,Serchhip,23.306409,92.706083,Debris,Slide
Mizoram,Serchhip,23.306012,92.704212,Debris,Flow
Mizoram,Serchhip,23.300291,92.69577,Debris,Flow
Mizoram,Serchhip,23.299806,92.694901,Debris,Flow
Mizoram,Serchhip,23.299312,92.692614,Debris,Flow
Mizoram,Serchhip,23.234898,92.911307,Earth,Slide
Mizoram,Serchhip,23.225619,92.924909,Earth,Slide
Mizoram,Serchhip,23.223807,92.944448,Debris,Flow
Mizoram,Serchhip,23.21795,92.998007,Debris,Slide
Mizoram,Serchhip,23.217324,92.99812,Debris,Flow
Mizoram,Serchhip,23.19917,93.000199,Debris,Flow
Mizoram,Serchhip,23.1915,93.011024,Debris,Slide
Mizoram,Serchhip,23.183361,93.066742,Debris,Slide
Mizoram,Siaha,22.404215,92.951647,Debris,Slide
Mizoram,Siaha,22.444376,92.947323,Debris,Slide
Mizoram,Siaha,22.491822,92.970252,Earth,Slide
Mizoram,Siaha,22.491,92.97076,Debris,Slide
Mizoram,Siaha,22.469737,93.100868,Debris,Slide
Mizoram,Siaha,22.437107,92.946912,Debris,Slide
Nagaland,Chumoukedima,25.7802266,93.936165,Debris,Flow
Nagaland,Chumoukedima,25.7746019,93.9148756,Debris,Slide
Nagaland,Chumoukedima,25.7853,93.8014,Debris,Slide
Nagaland,Chumoukedima,25.77360556,93.80462222,Rock,Slide
Nagaland,Chumoukedima,25.77895278,93.80219722,Rock,Slide
Nagaland,Chumoukedima,25.77982778,93.800875,Rock,Slide
Nagaland,Chumoukedima,25.78017222,93.80064167,Rock,Slide
Nagaland,Chumoukedima,25.77561389,93.80086111,Rock,Slide
Nagaland,Chumoukedima,25.78117222,93.80404167,Rock,Slide
Nagaland,Chumoukedima,25.791802,93.803309,Rock,Fall
Nagaland,Chumoukedima,25.68866667,94.09733333,Debris,Slide
Nagaland,Chumoukedima,25.735478,93.686541,Soil,slide
Nagaland,Chumoukedima,25.734508,93.685507,Debris,slide
Nagaland,Chumoukedima,25.732909,93.685619,Soil,slide
Nagaland,Chumoukedima,25.699496,93.682743,Soil,slide
Nagaland,Dimapur,25.68176111,94.06811944,Soil,Slide
Nagaland,Dimapur,25.71,93.74,Debris,Slide
Nagaland,Dimapur,25.723,93.778,Rock,Slide
Nagaland,Dimapur,25.724,93.777,Rock,Slide
Nagaland,Dimapur,25.726,93.773,Debris,Slide
Nagaland,Dimapur,25.74,93.775,Debris,Slide
Nagaland,Dimapur,25.743,93.798,Debris,Slide
Nagaland,Dimapur,25.745,93.782,Debris,Slide
Nagaland,Dimapur,25.745,93.784,Debris,Slide
Nagaland,Dimapur,25.75,93.97,Debris,Slide
Nagaland,Dimapur,25.7517,93.73449,Debris,Slide
Nagaland,Dimapur,25.76,93.95,Debris,Slide
Nagaland,Dimapur,25.76,93.96,Debris,Slide
Nagaland,Dimapur,25.76,93.94,Debris,Slide
Nagaland,Dimapur,25.76939,93.80278,Earth,Slide
Nagaland,Dimapur,25.77,93.9,Rock,Slide
Nagaland,Dimapur,25.77,93.81,Debris,Slide
Nagaland,Dimapur,25.77,93.94,Debris,Slide
Nagaland,Dimapur,25.77,93.82,Earth,Slide
Nagaland,Dimapur,25.77,93.91,Debris,Slide
Nagaland,Dimapur,25.77,93.93,Debris,Slide
Nagaland,Dimapur,25.77,93.98,Debris,Slide
Nagaland,Dimapur,25.78,93.93,Debris,Slide
Nagaland,Dimapur,25.78,93.8,Rock,Slide
Nagaland,Dimapur,25.78,93.92,Debris,Slide
Nagaland,Dimapur,25.78,93.82,Earth,Slide
Nagaland,Dimapur,25.78180556,93.80180556,Rock,Fall
Nagaland,Dimapur,25.78214,93.80528,Rock cum Debris,Slide
Nagaland,Dimapur,25.78417,93.80028,Earth,Slide
Nagaland,Dimapur,25.79,93.8,Rock,Slide
Nagaland,Dimapur,25.79,93.78,Debris,Slide
Nagaland,Dimapur,25.8,93.83,Debris,Slide
Nagaland,Dimapur,25.8,93.81,Rock,Slide
Nagaland,Dimapur,25.8,94.0,Debris,Slide
Nagaland,Dimapur,25.8,93.8,Rock,Slide
Nagaland,Dimapur,25.84,93.98,Rock,Slide
Nagaland,Dimapur,25.86,93.99,Debris,Slide
Nagaland,Dimapur,26.07256,93.928,Soil,Slide
Nagaland,Kiphire,25.751456,94.850217,Debris,Slide
Nagaland,Kiphire,25.755936,94.846033,Debris,Slide
Nagaland,Kiphire,25.7578,94.7058,Debris,Slide
Nagaland,Kiphire,25.764292,94.714094,Debris,Slide
Nagaland,Kiphire,25.767683,94.709381,Debris,Slide
Nagaland,Kiphire,25.783939,94.856411,Debris,Slide
Nagaland,Kiphire,25.784961,94.789617,Debris,Slide
Nagaland,Kiphire,25.786061,94.931447,Debris,Slide
Nagaland,Kiphire,25.786311,94.796825,Rock,Fall
Nagaland,Kiphire,25.786425,94.796303,Rock,Fall
Nagaland,Kiphire,25.786433,94.519583,Rock cum Debris,Slide
Nagaland,Kiphire,25.786594,94.922778,Debris,Slide
Nagaland,Kiphire,25.786692,94.829933,Debris,Slide
Nagaland,Kiphire,25.787211,94.834275,Debris,Slide
Nagaland,Kiphire,25.788378,94.96105,Debris,Slide
Nagaland,Kiphire,25.788847,94.856314,Debris,Slide
Nagaland,Kiphire,25.788911,94.855664,Debris,Slide
Nagaland,Kiphire,25.789856,94.95825,Debris,Slide
Nagaland,Kiphire,25.789861,94.850694,Rock,Fall
Nagaland,Kiphire,25.789933,94.849811,Debris,Slide
Nagaland,Kiphire,25.792131,94.95655,Debris,Slide
Nagaland,Kiphire,25.793333,94.958014,Debris,Slide
Nagaland,Kiphire,25.797781,94.770447,Debris,Slide
Nagaland,Kiphire,25.801608,94.935386,Debris,Slide
Nagaland,Kiphire,25.804908,94.932467,Debris,Slide
Nagaland,Kiphire,25.810964,94.527417,Debris,Slide
Nagaland,Kiphire,25.813064,94.971453,Debris,Slide
Nagaland,Kiphire,25.813294,94.968222,Debris,Slide
Nagaland,Kiphire,25.814272,94.968933,Debris,Slide
Nagaland,Kiphire,25.814525,94.806114,Debris,Slide
Nagaland,Kiphire,25.814625,94.971819,Debris,Slide
Nagaland,Kiphire,25.814822,94.950353,Debris,Slide
Nagaland,Kiphire,25.814897,94.970297,Debris,Slide
Nagaland,Kiphire,25.817164,94.975969,Debris,Slide
Nagaland,Kiphire,25.818947,94.8075,Debris,Slide
Nagaland,Kiphire,25.820367,94.820367,Debris,Slide
Nagaland,Kiphire,25.820664,94.912642,Rock cum Debris,Slide
Nagaland,Kiphire,25.820689,94.767353,Debris,Slide
Nagaland,Kiphire,25.821589,94.708056,Debris,Slide
Nagaland,Kiphire,25.827011,94.733178,Debris,Slide
Nagaland,Kiphire,25.827106,94.907639,Debris,Slide
Nagaland,Kiphire,25.827397,94.907311,Debris,Slide
Nagaland,Kiphire,25.827608,94.783028,Debris,Slide
Nagaland,Kiphire,25.828703,94.726789,Debris,Fall
Nagaland,Kiphire,25.828736,94.728314,Rock,Fall
Nagaland,Kiphire,25.828928,94.898075,Debris,Slide
Nagaland,Kiphire,25.829728,94.792592,Debris,Slide
Nagaland,Kiphire,25.833644,94.518333,Debris,Slide
Nagaland,Kiphire,25.834436,94.795519,Debris,Slide
Nagaland,Kiphire,25.836419,94.526964,Debris,Slide
Nagaland,Kiphire,25.838592,94.788669,Debris,Slide
Nagaland,Kiphire,25.838681,94.788925,Debris,Slide
Nagaland,Kiphire,25.842358,94.702953,Rock cum Debris,Slide
Nagaland,Kiphire,25.842531,94.787211,Debris,Slide
Nagaland,Kiphire,25.842742,94.503003,Debris,Slide
Nagaland,Kiphire,25.842897,94.786861,Debris,Slide
Nagaland,Kiphire,25.848194,94.916169,Debris,Slide
Nagaland,Kiphire,25.848958,94.755311,Debris,Slide
Nagaland,Kiphire,25.849947,94.916697,Rock,Fall
Nagaland,Kiphire,25.850458,94.530347,Debris,Slide
Nagaland,Kiphire,25.851617,94.528211,Debris,Slide
Nagaland,Kiphire,25.857789,94.523589,Debris,Slide
Nagaland,Kiphire,25.861553,94.820553,Debris,Slide
Nagaland,Kiphire,25.867083,94.614828,Debris,Slide
Nagaland,Kiphire,25.872444,94.950069,Debris,Slide
Nagaland,Kiphire,25.878183,94.946942,Rock cum Debris,Slide
Nagaland,Kiphire,25.878525,94.947372,Rock cum Debris,Slide
Nagaland,Kiphire,25.879925,94.632275,Debris,Slide
Nagaland,Kiphire,25.880069,94.628103,Rock cum Debris,Slide
Nagaland,Kiphire,25.880908,94.653542,Rock,Fall
Nagaland,Kiphire,25.881489,94.962525,Debris,Slide
Nagaland,Kiphire,25.881797,94.654425,Rock cum Debris,Slide
Nagaland,Kiphire,25.883108,94.919106,Debris,Slide
Nagaland,Kiphire,25.884003,94.792711,Rock,Fall
Nagaland,Kiphire,25.886089,94.542711,Debris,Slide
Nagaland,Kiphire,25.887303,94.788144,Debris,Slide
Nagaland,Kiphire,25.887525,94.797508,Rock cum Debris,Slide
Nagaland,Kiphire,25.887917,94.795558,Rock cum Debris,Slide
Nagaland,Kiphire,25.889897,94.811111,Debris,Slide
Nagaland,Kiphire,25.893797,94.821944,Debris,Slide
Nagaland,Kiphire,25.895111,94.650258,Debris,Slide
Nagaland,Kiphire,25.896244,94.758128,Debris,Slide
Nagaland,Kiphire,25.896511,94.646325,Rock cum Debris,Slide
Nagaland,Kiphire,25.898825,94.629367,Debris,Slide
Nagaland,Kiphire,25.899767,94.640067,Debris,Slide
Nagaland,Kiphire,25.899894,94.624047,Debris,Slide
Nagaland,Kiphire,25.901125,94.82785,Debris,Slide
Nagaland,Kiphire,25.905494,94.769017,Debris,Slide
Nagaland,Kiphire,25.905561,94.768481,Debris,Slide
Nagaland,Kiphire,25.911931,94.793292,Debris,Slide
Nagaland,Kiphire,25.914247,94.841489,Debris,Slide
Nagaland,Kiphire,25.915092,94.844003,Debris,Slide
Nagaland,Kiphire,25.915344,94.828308,Debris,Slide
Nagaland,Kiphire,25.915925,94.824992,Debris,Slide
Nagaland,Kiphire,25.919689,94.839167,Debris,Slide
Nagaland,Kiphire,25.920367,94.641739,Debris,Slide
Nagaland,Kiphire,25.920811,94.838889,Rock cum Debris,Slide
Nagaland,Kiphire,25.922767,94.565056,Debris,Slide
Nagaland,Kiphire,25.9255,94.760419,Debris,Slide
Nagaland,Kiphire,25.934647,94.787967,Rock cum Debris,Slide
Nagaland,Kiphire,25.938447,94.7843,Debris,Slide
Nagaland,Kiphire,25.939139,94.649311,Debris,Slide
Nagaland,Kiphire,25.940053,94.797197,Rock cum Debris,Slide
Nagaland,Kiphire,25.940317,94.650583,Debris,Slide
Nagaland,Kiphire,25.940703,94.750969,Debris,Slide
Nagaland,Kiphire,25.940872,94.586361,Debris,Slide
Nagaland,Kiphire,25.941056,94.651019,Debris,Slide
Nagaland,Kiphire,25.941525,94.652408,Debris,Slide
Nagaland,Kiphire,25.944008,94.789414,Rock,Fall
Nagaland,Kiphire,25.944475,94.7888,Rock,Fall
Nagaland,Kiphire,25.948886,94.706133,Rock cum Debris,Slide
Nagaland,Kiphire,25.954636,94.607456,Debris,Slide
Nagaland,Kiphire,25.955769,94.605419,Debris,Slide
Nagaland,Kiphire,25.956083,94.719475,Debris,Slide
Nagaland,Kiphire,25.958047,94.597519,Debris,Slide
Nagaland,Kiphire,25.962494,94.818667,Rock cum Debris,Slide
Nagaland,Kiphire,25.962689,94.816972,Rock cum Debris,Slide
Nagaland,Kiphire,25.963,94.614097,Debris,Slide
Nagaland,Kiphire,25.964283,94.619592,Debris,Slide
Nagaland,Kiphire,25.9645,94.632583,Debris,Slide
Nagaland,Kiphire,25.964631,94.574406,Debris,Slide
Nagaland,Kiphire,25.965394,94.571428,Debris,Slide
Nagaland,Kiphire,25.966581,94.565806,Debris,Slide
Nagaland,Kiphire,25.966742,94.502006,Debris,Slide
Nagaland,Kiphire,25.968006,94.574256,Debris,Slide
Nagaland,Kiphire,25.968233,94.684364,Debris,Slide
Nagaland,Kiphire,25.969225,94.634053,Debris,Slide
Nagaland,Kiphire,25.969628,94.634169,Debris,Slide
Nagaland,Kiphire,25.970169,94.503803,Debris,Slide
Nagaland,Kiphire,25.970531,94.574903,Debris,Slide
Nagaland,Kiphire,25.971456,94.818392,Debris,Slide
Nagaland,Kiphire,25.971569,94.511647,Debris,Slide
Nagaland,Kiphire,25.971736,94.576933,Rock,Slide
Nagaland,Kiphire,25.97175,94.504619,Debris,Slide
Nagaland,Kiphire,25.972325,94.509267,Debris,Slide
Nagaland,Kiphire,25.972636,94.511444,Debris,Slide
Nagaland,Kiphire,25.976625,94.579939,Debris,Slide
Nagaland,Kiphire,25.978975,94.512064,Debris,Slide
Nagaland,Kiphire,25.980008,94.580747,Rock cum Debris,Slide
Nagaland,Kiphire,25.981228,94.572292,Debris,Slide
Nagaland,Kiphire,25.9899,94.5679,Debris,Slide
Nagaland,Kiphire,25.990158,94.508392,Debris,Slide
Nagaland,Kiphire,25.990339,94.507711,Debris,Slide
Nagaland,Kiphire,25.998183,94.5975,Debris,Slide
Nagaland,Kiphire,25.998217,94.504756,Debris,Slide
Nagaland,Kohima,25.538,94.135,Debris,Subsidence
Nagaland,Kohima,25.548,94.188,Debris,Slide
Nagaland,Kohima,25.54831,94.19192,Debris,Slide
Nagaland,Kohima,25.552,94.149,Debris,Slide
Nagaland,Kohima,25.553,94.148,Debris,Slide
Nagaland,Kohima,25.554,94.148,Debris,Slide
Nagaland,Kohima,25.55697,94.15322,Debris,Flow
Nagaland,Kohima,25.559,94.249,Rock,Slide
Nagaland,Kohima,25.56,94.151,Debris,Composite
Nagaland,Kohima,25.56,94.153,Debris,Slide
Nagaland,Kohima,25.561,94.143,Debris,Composite
Nagaland,Kohima,25.562,94.168,Debris,Slide
Nagaland,Kohima,25.56292,94.14544,Debris,Flow
Nagaland,Kohima,25.563,94.165,Debris,Slide
Nagaland,Kohima,25.563,94.147,Debris,Slide
Nagaland,Kohima,25.563,94.14,Debris,Slide
Nagaland,Kohima,25.565,94.138,Debris,Composite
Nagaland,Kohima,25.56544,94.17208,Debris,Slide
Nagaland,Kohima,25.566,94.162,Debris,Slide
Nagaland,Kohima,25.566,94.168,Debris,Slide
Nagaland,Kohima,25.567,94.164,Debris,Slide
Nagaland,Kohima,25.57086,94.17047,Debris,Slide
Nagaland,Kohima,25.571,94.166,Debris,Slide
Nagaland,Kohima,25.572,94.168,Debris,Slide
Nagaland,Kohima,25.572,94.25,Debris,Slide
Nagaland,Kohima,25.57244,94.17178,Debris,Slide
Nagaland,Kohima,25.582,94.141,Debris,Composite
Nagaland,Kohima,25.585,94.137,Debris,Composite
Nagaland,Kohima,25.594,94.166,Debris,Flow
Nagaland,Kohima,25.605,94.051,Rock,Fall
Nagaland,Kohima,25.608,94.146,Debris,Slide
Nagaland,Kohima,25.61,94.139,Debris,Slide
Nagaland,Kohima,25.61092,94.20064,Debris,Slide
Nagaland,Kohima,25.615,93.944,Debris,Slide
Nagaland,Kohima,25.61597,94.09208,Debris,Slide
Nagaland,Kohima,25.617,94.113,Rock,Slide
Nagaland,Kohima,25.617,93.941,Debris,Slide
Nagaland,Kohima,25.621,94.11806,Rock cum Debris,Flow
Nagaland,Kohima,25.62153,94.19439,Rock cum Debris,Slide
Nagaland,Kohima,25.622,94.114,Debris,Composite
Nagaland,Kohima,25.623,94.113,Debris,Composite
Nagaland,Kohima,25.62978,94.19514,Debris,Slide
Nagaland,Kohima,25.63,94.014,Debris,Slide
Nagaland,Kohima,25.63,94.103,Debris,Slide
Nagaland,Kohima,25.631,94.174,Debris,Slide
Nagaland,Kohima,25.631,93.999,Rock,Slide
Nagaland,Kohima,25.638,94.109,Debris,Composite
Nagaland,Kohima,25.63861,94.115,Debris,Slide
Nagaland,Kohima,25.644,94.107,Debris,Slide
Nagaland,Kohima,25.645,94.034,Debris,Slide
Nagaland,Kohima,25.645,93.992,Debris,Slide
Nagaland,Kohima,25.646,94.033,Debris,Slide
Nagaland,Kohima,25.646,94.177,Debris,Subsidence
Nagaland,Kohima,25.648,94.124,Debris,Slide
Nagaland,Kohima,25.649,94.121,Debris,Slide
Nagaland,Kohima,25.65,94.03,Rock,Slide
Nagaland,Kohima,25.65,94.122,Debris,Slide
Nagaland,Kohima,25.65072,94.03294,Rock,Slide
Nagaland,Kohima,25.651,94.119,Debris,Slide
Nagaland,Kohima,25.651,94.097,Debris,Slide
Nagaland,Kohima,25.651,94.121,Debris,Slide
Nagaland,Kohima,25.651,94.12,Debris,Slide
Nagaland,Kohima,25.652,94.121,Debris,Slide
Nagaland,Kohima,25.652,94.122,Debris,Slide
Nagaland,Kohima,25.652,94.154,Debris,Slide
Nagaland,Kohima,25.652,94.03,Rock,Slide
Nagaland,Kohima,25.65275,94.032,Debris,Slide
Nagaland,Kohima,25.653,94.123,Debris,Slide
Nagaland,Kohima,25.653,94.121,Debris,Slide
Nagaland,Kohima,25.654,94.122,Rock,Slide
Nagaland,Kohima,25.65653,94.09061,Debris,Slide
Nagaland,Kohima,25.657,94.102,Debris,Composite
Nagaland,Kohima,25.65747,94.08611,Debris,Slide
Nagaland,Kohima,25.65778,94.05683,Debris,Slide
Nagaland,Kohima,25.659,94.112,Debris,Slide
Nagaland,Kohima,25.659,94.089,Debris,Composite
Nagaland,Kohima,25.659,94.107,Debris,Slide
Nagaland,Kohima,25.65967,94.09297,Debris,Slide
Nagaland,Kohima,25.66,94.096,Debris,Composite
Nagaland,Kohima,25.66083,94.10278,Debris,Fall
Nagaland,Kohima,25.661,94.054,Debris,Slide
Nagaland,Kohima,25.661,94.055,Debris,Slide
Nagaland,Kohima,25.662,94.096,Debris,Slide
Nagaland,Kohima,25.662,94.108,Debris,Slide
Nagaland,Kohima,25.66264,94.11353,Debris,Slide
Nagaland,Kohima,25.663,94.10439,Debris,Slide
Nagaland,Kohima,25.663,94.097,Debris,Slide
Nagaland,Kohima,25.663,94.113,Rock,Slide
Nagaland,Kohima,25.664,94.101,Debris,Slide
Nagaland,Kohima,25.665,94.104,Debris,Slide
Nagaland,Kohima,25.665,94.096,Rock cum Debris,Composite
Nagaland,Kohima,25.666,94.09,Debris,Slide
Nagaland,Kohima,25.666,94.098,Debris,Slide
Nagaland,Kohima,25.66667,94.10972,Debris,Slide
Nagaland,Kohima,25.667,94.035,Rock,Fall
Nagaland,Kohima,25.667,94.094,Rock,Slide
Nagaland,Kohima,25.667,94.051,Debris,Slide
Nagaland,Kohima,25.667,94.089,Debris,Slide
Nagaland,Kohima,25.668,94.107,Debris,Slide
Nagaland,Kohima,25.668,94.051,Debris,Slide
Nagaland,Kohima,25.66806,94.05525,Debris,Slide
Nagaland,Kohima,25.66897,94.04664,Debris,Slide
Nagaland,Kohima,25.669,94.091,Debris,Slide
Nagaland,Kohima,25.669,94.114,Debris,Slide
Nagaland,Kohima,25.669,94.104,Debris,Slide
Nagaland,Kohima,25.669,94.192,Debris,Slide
Nagaland,Kohima,25.669,94.051,Debris,Slide
Nagaland,Kohima,25.66917,94.10722,Debris,Slide
Nagaland,Kohima,25.66969,94.06267,Debris,Slide
Nagaland,Kohima,25.66977,94.11269,Debris,Slide
Nagaland,Kohima,25.67,94.113,Debris,Slide
Nagaland,Kohima,25.67,94.109,Debris,Slide
Nagaland,Kohima,25.67,94.062,Debris,Slide
Nagaland,Kohima,25.671,94.14,Debris,Composite
Nagaland,Kohima,25.6715,94.06942,Debris,Slide
Nagaland,Kohima,25.672,94.111,Debris,Slide
Nagaland,Kohima,25.672,94.101,Debris,Slide
Nagaland,Kohima,25.672,94.106,Debris,Slide
Nagaland,Kohima,25.67222,94.11083,Debris,Slide
Nagaland,Kohima,25.67286,94.08883,Debris,Slide
Nagaland,Kohima,25.673,94.239,Debris,Slide
Nagaland,Kohima,25.673,94.077,Debris,Slide
Nagaland,Kohima,25.673,94.101,Debris,Slide
Nagaland,Kohima,25.674,94.085,Debris,Slide
Nagaland,Kohima,25.674,94.081,Debris,Subsidence
Nagaland,Kohima,25.675,94.075,Debris,Subsidence
Nagaland,Kohima,25.676,94.083,Debris,Subsidence
Nagaland,Kohima,25.67661,94.02364,Debris,Slide
Nagaland,Kohima,25.677,94.104,Debris,Slide
Nagaland,Kohima,25.677,94.241,Debris,Slide
Nagaland,Kohima,25.677,94.08,Debris,Slide
Nagaland,Kohima,25.677,94.081,Debris,Slide
Nagaland,Kohima,25.677,94.0202,Rock,Slide
Nagaland,Kohima,25.678,94.101,Rock,Slide
Nagaland,Kohima,25.678,94.109,Debris,Slide
Nagaland,Kohima,25.678,94.122,Debris,Composite
Nagaland,Kohima,25.679,94.07,Debris,Composite
Nagaland,Kohima,25.679,94.108,Debris,Composite
Nagaland,Kohima,25.679,94.096,Debris,Slide
Nagaland,Kohima,25.68,94.117,Debris,Slide
Nagaland,Kohima,25.682,94.052,Debris,Slide
Nagaland,Kohima,25.682,94.131,Debris,Composite
Nagaland,Kohima,25.682,94.094,Debris,Slide
Nagaland,Kohima,25.682,94.12,Debris,Subsidence
Nagaland,Kohima,25.682,94.096,Debris,Slide
Nagaland,Kohima,25.683,94.099,Debris,Slide
Nagaland,Kohima,25.683,94.038,Debris,Slide
Nagaland,Kohima,25.683,94.054,Debris,Subsidence
Nagaland,Kohima,25.683,94.119,Debris,Composite
Nagaland,Kohima,25.68375,94.12436,Debris,Slide
Nagaland,Kohima,25.684,94.119,Debris,Slide
Nagaland,Kohima,25.685,94.12,Debris,Slide
Nagaland,Kohima,25.685,94.059,Rock,Slide
Nagaland,Kohima,25.68525,94.12347,Debris,Slide
Nagaland,Kohima,25.686,94.119,Debris,Slide
Nagaland,Kohima,25.686,94.043,Debris,Slide
Nagaland,Kohima,25.68625,94.043194,Debris,Slide
Nagaland,Kohima,25.68658,94.05319,Debris,Slide
Nagaland,Kohima,25.68667,94.06361,Unknown,Slide
Nagaland,Kohima,25.687,94.12,Debris,Composite
Nagaland,Kohima,25.687,94.062,Debris,Slide
Nagaland,Kohima,25.68703,94.12442,Debris,Slide
Nagaland,Kohima,25.68772,94.14044,Debris,Slide
Nagaland,Kohima,25.688,94.137,Rock,Slide
Nagaland,Kohima,25.688,94.12,Debris,Slide
Nagaland,Kohima,25.688,93.907,Debris,Slide
Nagaland,Kohima,25.688,94.121,Debris,Slide
Nagaland,Kohima,25.688667,94.097333,Debris,Subsidence
Nagaland,Kohima,25.691,94.121,Debris,Slide
Nagaland,Kohima,25.692,94.11,Debris,Slide
Nagaland,Kohima,25.692,94.068,Rock cum Debris,Slide
Nagaland,Kohima,25.692,94.065,Rock,Slide
Nagaland,Kohima,25.693,94.043,Debris,Slide
Nagaland,Kohima,25.694,94.107,Debris,Slide
Nagaland,Kohima,25.694,94.103,Debris,Slide
Nagaland,Kohima,25.695,94.108,Debris,Slide
Nagaland,Kohima,25.695,94.077,Debris,Slide
Nagaland,Kohima,25.69506,94.11203,Debris,Slide
Nagaland,Kohima,25.69583,94.10833,Debris,Slide
Nagaland,Kohima,25.696,94.08,Debris,Composite
Nagaland,Kohima,25.696,94.104,Debris,Slide
Nagaland,Kohima,25.696,93.924,Debris,Slide
Nagaland,Kohima,25.696,94.079,Debris,Slide
Nagaland,Kohima,25.697,94.105,Debris,Slide
Nagaland,Kohima,25.697,93.916,Debris,Slide
Nagaland,Kohima,25.698,94.085,Debris,Slide
Nagaland,Kohima,25.701,94.089,Debris,Subsidence
Nagaland,Kohima,25.70106,94.14167,Debris,Slide
Nagaland,Kohima,25.703,94.137,Debris,Slide
Nagaland,Kohima,25.704,94.118,Debris,Slide
Nagaland,Kohima,25.708,94.04,Debris,Slide
Nagaland,Kohima,25.71092,94.09306,Debris,Slide
Nagaland,Kohima,25.711,94.069,Debris,Composite
Nagaland,Kohima,25.711,94.09,Debris,Slide
Nagaland,Kohima,25.712,93.949,Debris,Slide
Nagaland,Kohima,25.71281,94.09194,Debris,Slide
Nagaland,Kohima,25.713,94.088,Debris,Slide
Nagaland,Kohima,25.713,94.06,Debris,Slide
Nagaland,Kohima,25.714,94.087,Debris,Slide
Nagaland,Kohima,25.714,94.086,Debris,Slide
Nagaland,Kohima,25.716,94.085,Debris,Slide
Nagaland,Kohima,25.71611,94.08883,Debris,Flow
Nagaland,Kohima,25.717,94.086,Debris,Slide
Nagaland,Kohima,25.719,94.105,Debris,Composite
Nagaland,Kohima,25.71906,94.10883,Debris,Slide
Nagaland,Kohima,25.72,94.085,Debris,Slide
Nagaland,Kohima,25.72,94.109,Rock cum Debris,Slide
Nagaland,Kohima,25.721,94.084,Debris,Slide
Nagaland,Kohima,25.721,94.039,Debris,Composite
Nagaland,Kohima,25.72194,94.0855,Debris,Slide
Nagaland,Kohima,25.722,94.081,Debris,Slide
Nagaland,Kohima,25.722,94.082,Rock,Slide
Nagaland,Kohima,25.725,94.031,Debris,Subsidence
Nagaland,Kohima,25.726,94.076,Debris,Slide
Nagaland,Kohima,25.72628,94.10003,Debris,Slide
Nagaland,Kohima,25.72739,94.10103,Debris,Slide
Nagaland,Kohima,25.728,94.098,Debris,Slide
Nagaland,Kohima,25.728,94.112,Debris,Slide
Nagaland,Kohima,25.72894,94.0855,Debris,Slide
Nagaland,Kohima,25.729,94.083,Debris,Slide
Nagaland,Kohima,25.731,94.087,Debris,Slide
Nagaland,Kohima,25.733,94.022,Rock cum Debris,Composite
Nagaland,Kohima,25.735,94.02,Debris,Slide
Nagaland,Kohima,25.73572,94.08703,Debris,Creep
Nagaland,Kohima,25.738,94.008,Debris,Slide
Nagaland,Kohima,25.742,94.245,Debris,Slide
Nagaland,Kohima,25.743,94.242,Debris,Slide
Nagaland,Kohima,25.744,94.242,Debris,Slide
Nagaland,Kohima,25.74467,94.08672,Debris,Slide
Nagaland,Kohima,25.746,94.078,Debris,Slide
Nagaland,Kohima,25.74697,93.98167,Rock cum Debris,Slide
Nagaland,Kohima,25.747,94.075,Debris,Slide
Nagaland,Kohima,25.748,94.077,Debris,Slide
Nagaland,Kohima,25.749,94.078,Debris,Slide
Nagaland,Kohima,25.750583,94.180833,Debris,Slide
Nagaland,Kohima,25.750617,94.237358,Debris,Slide
Nagaland,Kohima,25.750922,94.178869,Debris,Slide
Nagaland,Kohima,25.750944,94.199444,Debris,Slide
Nagaland,Kohima,25.752806,94.213306,Debris,Slide
Nagaland,Kohima,25.755206,94.179975,Debris,Slide
Nagaland,Kohima,25.756444,94.245333,Debris,Slide
Nagaland,Kohima,25.757139,94.246194,Debris,Slide
Nagaland,Kohima,25.757639,94.223583,Debris,Slide
Nagaland,Kohima,25.758944,94.078028,Debris,Slide
Nagaland,Kohima,25.759556,94.026056,Debris,Slide
Nagaland,Kohima,25.760583,94.064583,Debris,Slide
Nagaland,Kohima,25.761278,94.072194,Debris,Slide
Nagaland,Kohima,25.761278,94.032417,Debris,Slide
Nagaland,Kohima,25.761464,94.217103,Debris,Slide
Nagaland,Kohima,25.767,94.229778,Debris,Slide
Nagaland,Kohima,25.767167,94.078556,Rock,Fall
Nagaland,Kohima,25.767692,94.185106,Debris,Slide
Nagaland,Kohima,25.769417,94.037639,Debris,Slide
Nagaland,Kohima,25.771028,94.076167,Debris,Slide
Nagaland,Kohima,25.773306,94.084861,Debris,Slide
Nagaland,Kohima,25.773583,94.086833,Debris,Slide
Nagaland,Kohima,25.779111,94.115583,Debris,Slide
Nagaland,Kohima,25.779944,94.116556,Debris,Subsidence
Nagaland,Kohima,25.781919,94.171169,Debris,Slide
Nagaland,Kohima,25.78875,94.234111,Debris,Slide
Nagaland,Kohima,25.803806,94.065556,Debris,Slide
Nagaland,Kohima,25.804972,94.241086,Debris,Slide
Nagaland,Kohima,25.806861,94.237333,Debris,Slide
Nagaland,Kohima,25.808722,94.138278,Debris,Slide
Nagaland,Kohima,25.824278,94.147472,Debris,Slide
Nagaland,Kohima,25.826778,94.047833,Debris,Slide
Nagaland,Kohima,25.827028,94.078139,Debris,Slide
Nagaland,Kohima,25.828558,94.239531,Debris,Slide
Nagaland,Kohima,25.829,94.075278,Debris,Slide
Nagaland,Kohima,25.83025,94.076639,Debris,Subsidence
Nagaland,Kohima,25.832333,94.073306,Debris,Slide
Nagaland,Kohima,25.832806,94.06175,Debris,Slide
Nagaland,Kohima,25.833028,94.050056,Earth,Slide
Nagaland,Kohima,25.83889,94.15269,Rock,Slide
Nagaland,Kohima,25.839583,94.007194,Earth,Slide
Nagaland,Kohima,25.839667,94.149222,Debris,Slide
Nagaland,Kohima,25.839722,94.011167,Debris,Slide
Nagaland,Kohima,25.839722,94.050333,Earth,Slide
Nagaland,Kohima,25.839778,94.150333,Earth,Slide
Nagaland,Kohima,25.83986,94.15528,Debris,Slide
Nagaland,Kohima,25.840139,94.006528,Debris,Slide
Nagaland,Kohima,25.840167,94.115194,Debris,Slide
Nagaland,Kohima,25.840361,94.152167,Debris,Slide
Nagaland,Kohima,25.843222,94.053139,Earth,Slide
Nagaland,Kohima,25.843528,94.011806,Earth,Slide
Nagaland,Kohima,25.844694,94.195833,Debris,Slide
Nagaland,Kohima,25.84575,94.055083,Earth,Slide
Nagaland,Kohima,25.845861,94.19025,Debris,Subsidence
Nagaland,Kohima,25.847444,94.056361,Earth,Slide
Nagaland,Kohima,25.849611,94.156806,Debris,Slide
Nagaland,Kohima,25.849806,94.057083,Earth,Slide
Nagaland,Kohima,25.850667,94.154667,Debris,Slide
Nagaland,Kohima,25.851889,94.005056,Earth,Slide
Nagaland,Kohima,25.854417,94.15525,Debris,Subsidence
Nagaland,Kohima,25.854528,94.15725,Debris,Subsidence
Nagaland,Kohima,25.85475,94.002778,Earth,Slide
Nagaland,Kohima,25.859444,94.160139,Debris,Slide
Nagaland,Kohima,25.860611,94.0555,Debris,Slide
Nagaland,Kohima,25.865472,94.049944,Debris,Slide
Nagaland,Kohima,25.865722,94.048806,Debris,Slide
Nagaland,Kohima,25.867778,94.168056,Debris,Slide
Nagaland,Kohima,25.875639,94.0395,Debris,Slide
Nagaland,Kohima,25.878861,94.221333,Debris,Slide
Nagaland,Kohima,25.878917,94.223889,Rock,Fall
Nagaland,Kohima,25.879889,94.035417,Debris,Slide
Nagaland,Kohima,25.880083,94.234167,Debris,Slide
Nagaland,Kohima,25.880533,94.035325,Debris,Slide
Nagaland,Kohima,25.880861,94.300667,Debris,Slide
Nagaland,Kohima,25.881639,94.212861,Debris,Slide
Nagaland,Kohima,25.881917,94.035694,Debris,Slide
Nagaland,Kohima,25.884206,94.026203,Debris,Slide
Nagaland,Kohima,25.889056,94.278361,Debris,Slide
Nagaland,Kohima,25.889361,94.200583,Earth,Slide
Nagaland,Kohima,25.89125,94.202306,Debris,Slide
Nagaland,Kohima,25.892028,94.274528,Debris,Slide
Nagaland,Kohima,25.896389,94.203556,Debris,Slide
Nagaland,Kohima,25.905953,94.427414,Debris,Slide
Nagaland,Kohima,25.906472,94.428039,Debris,Slide
Nagaland,Kohima,25.90665,94.428758,Debris,Slide
Nagaland,Kohima,25.907167,94.041583,Debris,Slide
Nagaland,Kohima,25.907417,94.429519,Debris,Slide
Nagaland,Kohima,25.910583,94.206417,Debris,Slide
Nagaland,Kohima,25.915444,94.119639,Rock,Fall
Nagaland,Kohima,25.929733,94.072478,Debris,Slide
Nagaland,Kohima,25.930611,94.112139,Debris,Slide
Nagaland,Kohima,25.930722,94.048417,Debris,Slide
Nagaland,Kohima,25.931167,94.048889,Debris,Slide
Nagaland,Kohima,25.935694,94.111472,Debris,Slide
Nagaland,Kohima,25.936056,94.216444,Debris,Slide
Nagaland,Kohima,25.9365,94.047694,Debris,Slide
Nagaland,Kohima,25.942111,94.04625,Debris,Slide
Nagaland,Kohima,25.943944,94.026556,Debris,Slide
Nagaland,Kohima,25.944361,94.023222,Debris,Slide
Nagaland,Kohima,25.945639,94.016417,Debris,Slide
Nagaland,Kohima,25.947583,94.023861,Debris,Slide
Nagaland,Kohima,25.948222,94.014361,Earth,Slide
Nagaland,Kohima,25.948833,94.025667,Debris,Slide
Nagaland,Kohima,25.949278,94.025528,Earth,Slide
Nagaland,Kohima,25.950944,94.019611,Debris,Slide
Nagaland,Kohima,25.951139,94.024194,Rock,Fall
Nagaland,Kohima,25.951583,94.023667,Debris,Slide
Nagaland,Kohima,25.952861,94.021028,Debris,Slide
Nagaland,Kohima,25.954389,94.022778,Debris,Slide
Nagaland,Kohima,25.9545,94.040083,Debris,Slide
Nagaland,Kohima,25.957472,94.036278,Debris,Slide
Nagaland,Kohima,25.961917,94.216194,Earth,Slide
Nagaland,Kohima,25.965944,94.216972,Debris,Slide
Nagaland,Kohima,25.96675,94.031917,Debris,Slide
Nagaland,Kohima,25.966861,94.2215,Debris,Slide
Nagaland,Kohima,25.970083,94.213639,Earth,Slide
Nagaland,Kohima,25.970917,94.214028,Debris,Slide
Nagaland,Kohima,25.977569,94.322217,Debris,Slide
Nagaland,Kohima,26.001972,94.183667,Debris,Subsidence
Nagaland,Kohima,25.623067,94.114196,Debris,Slide
Nagaland,Kohima,25.471526,94.151784,Debris,Slide
Nagaland,Kohima,25.6125,94.1272,Debris,Slide
Nagaland,Kohima,25.71711111,94.08561111,Soil,Slide
Nagaland,Kohima,25.712031,94.089791,Weathered rock,Slide
Nagaland,Kohima,25.7491204,94.0804548,Debris,Slide
Nagaland,Kohima,25.7179491,94.0917724,Weathered rock,Slide
Nagaland,Kohima,25.770055,93.937873,Debris,Slide
Nagaland,Kohima,25.771451,93.907041,Debris,Slide
Nagaland,Kohima,25.660913,94.053659,Debris,Slide
Nagaland,Kohima,25.770064,93.937891,Debris,Slide
Nagaland,Kohima,25.771977,93.905846,Debris,Slide
Nagaland,Kohima,25.650352,94.026955,Rock,Slide
Nagaland,Kohima,25.552707,94.161461,Debris,Slide
Nagaland,Kohima,25.611096,94.216757,Debris,Slide
Nagaland,Kohima,25.617949,94.207166,Debris,Slide
Nagaland,Kohima,25.620164,94.207204,Debris,Slide
Nagaland,Kohima,25.627333,94.211735,Debris,Slide
Nagaland,Kohima,25.64501,94.032825,Debris,Slide
Nagaland,Kohima,25.645074,94.032741,Debris,Slide
Nagaland,Kohima,25.645633,94.008403,Debris,Slide
Nagaland,Kohima,25.77457,94.075897,Debris,Slide
Nagaland,Kohima,25.875167,94.042953,Debris,Slide
Nagaland,Kohima,25.882916,94.036198,Debris,Slide
Nagaland,Kohima,25.884392,94.040381,Debris,Slide
Nagaland,Kohima,25.891043,94.041031,Debris,Slide
Nagaland,Kohima,25.895838,94.044886,Debris,Slide
Nagaland,Kohima,25.903907,94.041235,Debris,Slide
Nagaland,Kohima,25.76085556,93.94696111,Debris,Slide
Nagaland,Kohima,25.76512222,93.94213889,Debris,Slide
Nagaland,Kohima,25.76618333,93.94043611,Debris,Slide
Nagaland,Kohima,25.79666111,93.80424722,Rock,Slide
Nagaland,Kohima,25.646219,94.0334861,Debris,Slide
Nagaland,Kohima,25.7439067,94.0824993,Debris,Slide
Nagaland,Kohima,25.76305,94.078305,Debris,Slide
Nagaland,Kohima,25.7641421,94.0777917,Debris,Slide
Nagaland,Kohima,25.7641457,94.0781772,Rock,Slide
Nagaland,Kohima,25.67776,94.1390317,Debris,Slide
Nagaland,Kohima,25.6712978,94.1388109,Rock,Slide
Nagaland,Kohima,25.6625403,94.1437783,Debris,Slide
Nagaland,Kohima,25.65575291,94.1505873,Debris,Slide
Nagaland,Kohima,25.5407188,94.1334216,Soil,Slide
Nagaland,Kohima,25.8549806,94.1569166,Rock,Slide
Nagaland,Kohima,25.72508611,94.07130278,Debris,Slide
Nagaland,Kohima,25.71775556,94.07246667,Debris,Slide
Nagaland,Kohima,25.66754722,94.08075278,Debris,Slide
Nagaland,Kohima,25.60054167,93.92484444,Rock,Slide
Nagaland,Kohima,25.6721,94.231075,Debris,Slide
Nagaland,Kohima,25.67186944,94.23065278,Debris,Slide
Nagaland,Kohima,25.67291111,94.23135278,Debris,Slide
Nagaland,Kohima,25.66874167,94.22856389,Rock,Slide
Nagaland,Kohima,25.67009167,94.22525278,Rock,Slide
Nagaland,Kohima,25.66883889,94.21054444,Debris,Slide
Nagaland,Kohima,25.68611667,94.04302778,Debris,Slide
Nagaland,Kohima,25.65587222,94.12442778,Debris,Slide
Nagaland,Kohima,25.65823056,94.12258333,Debris,Slide
Nagaland,Kohima,25.65852222,94.12213056,Debris,Slide
Nagaland,Kohima,25.65253889,94.11867222,Debris,Slide
Nagaland,Kohima,25.65137778,94.12166667,Debris,Slide
Nagaland,Kohima,25.77368056,94.03548611,Debris,Subsidence
Nagaland,Kohima,25.77601111,94.03071389,Debris,Subsidence
Nagaland,Kohima,25.79148889,94.01525556,Rock,Slide
Nagaland,Kohima,25.79835556,94.00099444,Debris,Slide
Nagaland,Kohima,25.79595,93.99585278,Rock,Slide
Nagaland,Kohima,25.795875,93.99373611,Debris,Slide
Nagaland,Kohima,25.79464167,93.99172222,Rock,Slide
Nagaland,Kohima,25.80414722,93.98611389,Debris,Slide
Nagaland,Kohima,25.60902222,94.12846944,Debris,Slide
Nagaland,Kohima,25.52246944,94.19153333,Rock,Slide
Nagaland,Kohima,25.87653333,94.13359167,Rock,Slide
Nagaland,Kohima,25.75056944,94.08058889,Debris,Slide
Nagaland,Kohima,25.85442778,94.15844444,Debris,Slide
Nagaland,Kohima,25.857991,94.159346,Debris,Slide
Nagaland,Kohima,25.472137,94.151037,Debris,Slide
Nagaland,Kohima,25.481594,94.141694,Rock,Slide
Nagaland,Kohima,25.52036,94.1311201,Debris,Slide
Nagaland,Kohima,25.52164,94.13426,Debris,Slide
Nagaland,Kohima,25.52426,94.1365,Debris,Subsidence
Nagaland,Kohima,25.525094,94.135798,Debris,Subsidence
Nagaland,Kohima,25.538422,94.136039,Debris,Slide
Nagaland,Kohima,25.5651,94.1390034,Debris,Slide
Nagaland,Kohima,25.6032619,94.1122188,Rock,Slide
Nagaland,Kohima,25.62154,94.1122,Debris,Slide
Nagaland,Kohima,25.6291966,94.10177,Debris,Slide
Nagaland,Kohima,25.6387,94.10979,Debris,Slide
Nagaland,Kohima,25.648759,94.10616,Debris,Slide
Nagaland,Kohima,25.6609,94.0536,Debris,Slide
Nagaland,Kohima,25.62083,94.11572,Rock,Slide
Nagaland,Kohima,25.73338889,94.02372222,Debris,"Shallow
translational"
Nagaland,Kohima,25.73425,94.00119444,Debris,"Slide &
subsidence"
Nagaland,Kohima,25.72125,94.03983333,Soil,Subsidence
Nagaland,Kohima,25.68625,94.04297222,Soil,Subsidence
Nagaland,Kohima,25.68094444,94.07002778,Soil,Slide
Nagaland,Kohima,25.66627778,94.08938889,Soil,Subsidence
Nagaland,Kohima,25.66641667,94.09544444,Soil,Subsidence
Nagaland,Kohima,25.62509167,94.11405278,Soil,"Complex-
Subsidence,
slide, flow"
Nagaland,Kohima,25.66772222,94.08908333,Debris,"Subsidence and
slide"
Nagaland,Kohima,25.69172222,94.10319444,Debris,"Subsidence and
slide"
Nagaland,Kohima,25.68077778,94.10619444,Debris,"Subsidence and
slide"
Nagaland,Kohima,25.68616667,94.04130556,Debris,Slide
Nagaland,Kohima,25.69422222,94.04538889,Debris,Slide
Nagaland,Kohima,25.70247222,94.04666667,"Highly fractured and
jointed shale
interbanded with
sandstone",Slide
Nagaland,Kohima,25.70497778,94.044275,"Highly fractured and
jointed shale with
interbanded
sandstone",Slide
Nagaland,Kohima,25.70994444,94.04122222,"Highly fractured and
jointed shale with
interbanded
sandstone",Slide
Nagaland,Kohima,25.71316667,94.03863889,"Highly fractured and
jointed shale with
interbanded
sandstone",Slide
Nagaland,Kohima,25.72088889,94.04036111,Colluvium,Slide
Nagaland,Kohima,25.72516111,94.03246944,Colluvium,Slide
Nagaland,Kohima,25.73277778,94.02216667,Colluvium,Slide
Nagaland,Kohima,25.73433333,94.01708333,"Weathered shale
and sandstone",Slide
Nagaland,Kohima,25.73683333,94.00586111,Colluvium,Slide
Nagaland,Kohima,25.68002778,94.07266667,Unknown,NIL
Nagaland,Kohima,25.67005556,94.113,Unknown,NIL
Nagaland,Kohima,25.68436111,94.20497222,Unknown,NIL
Nagaland,Kohima,25.68133333,94.20877778,Unknown,NIL
Nagaland,Kohima,25.67275,94.21136111,Unknown,NIL
Nagaland,Kohima,25.687815,94.0474583,Debris,Slide
Nagaland,Kohima,25.840228,94.15148,Debris,slide
Nagaland,Longleng,26.404167,94.870278,Debris,Subsidence
Nagaland,Longleng,26.424167,94.863889,Debris,Slide
Nagaland,Longleng,26.433889,94.864444,Debris,Slide
Nagaland,Longleng,26.434722,94.863056,Rock cum debris,Slide
Nagaland,Longleng,26.435278,94.863333,Debris,Slide
Nagaland,Longleng,26.435556,94.863056,Debris,Slide
Nagaland,Longleng,26.46,94.852222,Debris,Slide
Nagaland,Longleng,26.461667,94.855,Debris,Slide
Nagaland,Longleng,26.463333,94.8575,Debris,Slide
Nagaland,Longleng,26.468611,94.806389,Debris,Slide
Nagaland,Longleng,26.488056,94.821389,Debris,Slide
Nagaland,Longleng,26.490833,94.82,Debris,Slide
Nagaland,Longleng,26.491389,94.824444,Debris,Slide
Nagaland,Longleng,26.494722,94.824722,Debris,Slide
Nagaland,Longleng,26.506111,94.794167,Debris,Slide
Nagaland,Longleng,26.506389,94.796111,Debris,Slide
Nagaland,Longleng,26.506389,94.787222,Debris,Slide
Nagaland,Longleng,26.510833,94.836944,Debris,Slide
Nagaland,Longleng,26.516111,94.785833,Debris,Slide
Nagaland,Longleng,26.529444,94.837778,Debris,Slide
Nagaland,Longleng,26.535556,94.788056,Debris,Slide
Nagaland,Longleng,26.551111,94.79,Debris,Slide
Nagaland,Longleng,26.552222,94.788611,Debris,Slide
Nagaland,Longleng,26.556111,94.783333,Debris,Slide
Nagaland,Longleng,26.562222,94.773056,Debris,Fall
Nagaland,Longleng,26.590556,94.764167,Debris,Slide
Nagaland,Longleng,26.73052778,94.83911111,"Weathered shale
and loose debris.",Slide
Nagaland,Mokokchung,26.217361,94.419417,Debris,Slide
Nagaland,Mokokchung,26.220506,94.550504,Earth,Slide
Nagaland,Mokokchung,26.222111,94.419028,Rock,Slide
Nagaland,Mokokchung,26.227896,94.55032,Rock,Slide
Nagaland,Mokokchung,26.271389,94.453972,Debris,Slide
Nagaland,Mokokchung,26.282667,94.475667,Debris,Slide
Nagaland,Mokokchung,26.286222,94.364167,Debris,Slide
Nagaland,Mokokchung,26.2905,94.393222,Debris,Slide
Nagaland,Mokokchung,26.301639,94.588361,Rock,Fall
Nagaland,Mokokchung,26.30175,94.50675,Debris,Slide
Nagaland,Mokokchung,26.302778,94.505528,Rock,Slide
Nagaland,Mokokchung,26.316056,94.403972,Debris,Slide
Nagaland,Mokokchung,26.318806,94.453611,Rock,Slide
Nagaland,Mokokchung,26.320639,94.398806,Debris,Slide
Nagaland,Mokokchung,26.320806,94.537972,Debris,Slide
Nagaland,Mokokchung,26.320861,94.559278,Rock,Slide
Nagaland,Mokokchung,26.325861,94.52275,Rock,Slide
Nagaland,Mokokchung,26.327167,94.508056,Rock,Slide
Nagaland,Mokokchung,26.327972,94.527389,Rock,Slide
Nagaland,Mokokchung,26.367056,94.472861,Debris,Slide
Nagaland,Mokokchung,26.376,94.463389,Debris,Slide
Nagaland,Mokokchung,26.379167,94.44625,Debris,Slide
Nagaland,Mokokchung,26.382806,94.66425,Debris,Slide
Nagaland,Mokokchung,26.389028,94.434889,Debris,Slide
Nagaland,Mokokchung,26.389028,94.434556,Debris,Slide
Nagaland,Mokokchung,26.389556,94.616667,Rock,Slide
Nagaland,Mokokchung,26.390417,94.617556,Rock,Slide
Nagaland,Mokokchung,26.390833,94.437417,Debris,Slide
Nagaland,Mokokchung,26.390972,94.438111,Debris,Slide
Nagaland,Mokokchung,26.391361,94.620083,Rock,Slide
Nagaland,Mokokchung,26.394222,94.553472,Debris,Slide
Nagaland,Mokokchung,26.39425,94.444333,Debris,Slide
Nagaland,Mokokchung,26.395139,94.451194,Debris,Slide
Nagaland,Mokokchung,26.395389,94.454528,Debris,Slide
Nagaland,Mokokchung,26.395944,94.460056,Debris,Slide
Nagaland,Mokokchung,26.41,94.37,Debris,Slide
Nagaland,Mokokchung,26.412694,94.641333,Debris,Slide
Nagaland,Mokokchung,26.42,94.38,Debris,Slide
Nagaland,Mokokchung,26.424472,94.67,Rock,Slide
Nagaland,Mokokchung,26.42575,94.669417,Rock,Slide
Nagaland,Mokokchung,26.426417,94.668444,Rock,Slide
Nagaland,Mokokchung,26.426944,94.669,Rock,Slide
Nagaland,Mokokchung,26.428,94.668611,Rock,Slide
Nagaland,Mokokchung,26.429361,94.623,Rock,Slide
Nagaland,Mokokchung,26.43,94.38,Debris,Slide
Nagaland,Mokokchung,26.431,94.669944,Rock,Slide
Nagaland,Mokokchung,26.471889,94.454667,Debris,Slide
Nagaland,Mokokchung,26.475333,94.454833,Rock,Slide
Nagaland,Mokokchung,26.479167,94.543806,Rock,Slide
Nagaland,Mokokchung,26.486389,94.448389,Debris,Slide
Nagaland,Mokokchung,26.49,94.37,Debris,Slide
Nagaland,Mokokchung,26.49,94.36,Earth,Slide
Nagaland,Mokokchung,26.5,94.43,Earth,Slide
Nagaland,Mokokchung,26.504917,94.662417,Rock,Slide
Nagaland,Mokokchung,26.54,94.44,Earth,Subsidence
Nagaland,Mokokchung,26.55,94.44,Earth,Slide
Nagaland,Mokokchung,26.556,94.680167,Rock,Slide
Nagaland,Mokokchung,26.556861,94.680944,Rock,Slide
Nagaland,Mokokchung,26.561861,94.686611,Rock,Slide
Nagaland,Mokokchung,26.588056,94.549111,Rock,Slide
Nagaland,Mokokchung,26.6,94.49,Debris,Slide
Nagaland,Mokokchung,26.608167,94.645139,Rock,Slide
Nagaland,Mokokchung,26.61,94.5,Debris,Slide
Nagaland,Mokokchung,26.62,94.5,Debris,Slide
Nagaland,Mokokchung,26.635667,94.703611,Rock,Slide
Nagaland,Mokokchung,26.66325,94.617083,Debris,Slide
Nagaland,Mokokchung,26.66725,94.614028,Rock,Slide
Nagaland,Mokokchung,26.673278,94.743833,Soil,Slide
Nagaland,Mokokchung,26.673639,94.744139,Soil,Slide
Nagaland,Mokokchung,26.674139,94.74625,Soil,Slide
Nagaland,Mokokchung,26.674306,94.746306,Soil,Slide
Nagaland,Mokokchung,26.68,94.534661,Rock,Slide
Nagaland,Mokokchung,26.680722,94.639306,Debris,Slide
Nagaland,Mokokchung,26.684139,94.639083,Debris,Slide
Nagaland,Mokokchung,26.686961,94.544,Rock,Slide
Nagaland,Mokokchung,26.688831,94.546019,Debris,Slide
Nagaland,Mokokchung,26.695194,94.636194,Rock,Slide
Nagaland,Mokokchung,26.697833,94.635056,Rock,Slide
Nagaland,Mokokchung,26.698583,94.635167,Rock,Slide
Nagaland,Mokokchung,26.70069,94.64383,Rock cum Debris,Slide
Nagaland,Mokokchung,26.701222,94.635083,Debris,Slide
Nagaland,Mokokchung,26.703194,94.633917,Debris,Slide
Nagaland,Mokokchung,26.706389,94.631167,Debris,Slide
Nagaland,Mokokchung,26.70675,94.70475,Earth,Slide
Nagaland,Mokokchung,26.70744,94.70858,Earth,Slide
Nagaland,Mokokchung,26.719056,94.657528,Debris,Slide
Nagaland,Mokokchung,26.719417,94.660667,Debris,Slide
Nagaland,Mokokchung,26.4231373,94.3822611,Soil,Slide
Nagaland,Mokokchung,26.4527822,94.375268,Soil,Slide
Nagaland,Mokokchung,26.4219453,94.3854377,Rock,Fall
Nagaland,Mokokchung,26.4242282,94.3924136,Rock,Fall
Nagaland,Mokokchung,26.42608,94.398916,Rock,Slide
Nagaland,Mokokchung,26.45278,94.37526,Earth,Slide
Nagaland,Mokokchung,26.423137,94.382261,Earth,Slide
Nagaland,Mokokchung,26.42186,94.3852,Rock,Slide
Nagaland,Mokokchung,26.425346,94.387013,Rock,Slide
Nagaland,Mokokchung,26.383648,94.440751,Debris,Slide
Nagaland,Mokokchung,26.384347,94.443397,Debris,Slide
Nagaland,Mokokchung,26.387181,94.444132,Rock,Slide
Nagaland,Mokokchung,26.379798,94.450751,Debris,Slide
Nagaland,Mokokchung,26.36245,94.562862,Debris,slide
Nagaland,Mokokchung,26.507639,94.688222,Debris,slide
Nagaland,Mokokchung,26.509718,94.68195,Debris,slide
Nagaland,Mokokchung,26.526817,94.675462,Debris,slide
Nagaland,Mon,26.3275,94.917222,Debris,Slide
Nagaland,Mon,26.336667,94.9275,Debris,Slide
Nagaland,Mon,26.337778,94.929167,Debris,Slide
Nagaland,Mon,26.359722,94.935556,Rock,Slide
Nagaland,Mon,26.360556,94.933056,Rock,Subsidence
Nagaland,Mon,26.37175,95.000806,Debris,Slide
Nagaland,Mon,26.3765,95.011139,Debris,Slide
Nagaland,Mon,26.378222,95.009,Debris,Slide
Nagaland,Mon,26.379361,95.003444,Debris,Slide
Nagaland,Mon,26.39094,94.94406,Rock cum Debris,Flow
Nagaland,Mon,26.39936,94.94553,Debris,Flow
Nagaland,Mon,26.40653,94.95814,Debris,Slide
Nagaland,Mon,26.40908,94.96308,Rock cum Debris,Slide
Nagaland,Mon,26.413056,95.048278,Rock,Slide
Nagaland,Mon,26.415417,95.053667,Rock,Slide
Nagaland,Mon,26.41931,94.97369,Debris,Slide
Nagaland,Mon,26.420167,95.053833,Rock,Slide
Nagaland,Mon,26.421667,95.011306,Debris,Slide
Nagaland,Mon,26.425222,95.021694,Debris,Slide
Nagaland,Mon,26.427222,95.052389,Debris,Slide
Nagaland,Mon,26.4285,95.0185,Soil,Creep
Nagaland,Mon,26.431639,95.048417,Debris,Slide
Nagaland,Mon,26.439389,95.031806,Soil,Creep
Nagaland,Mon,26.439528,95.032278,Soil,Slide
Nagaland,Mon,26.441056,95.046111,Rock,Slide
Nagaland,Mon,26.541389,94.946389,Debris,Slide
Nagaland,Mon,26.542778,94.944167,Debris,Slide
Nagaland,Mon,26.545,94.941389,Debris,Fall
Nagaland,Mon,26.547167,95.092167,Debris,Slide
Nagaland,Mon,26.548056,95.0905,Debris,Slide
Nagaland,Mon,26.550472,95.101889,Debris,Slide
Nagaland,Mon,26.550528,95.099583,Rock,Slide
Nagaland,Mon,26.55075,95.098083,Debris,Slide
Nagaland,Mon,26.555,94.9525,Debris,Slide
Nagaland,Mon,26.5585,95.097417,Debris,Slide
Nagaland,Mon,26.563667,95.090139,Debris,Slide
Nagaland,Mon,26.571222,95.096361,Debris,Creep
Nagaland,Mon,26.571417,95.0985,Debris,Slide
Nagaland,Mon,26.5715,95.097639,Debris,Slide
Nagaland,Mon,26.572889,95.098944,Debris,Slide
Nagaland,Mon,26.57625,95.095842,Rock,Topple
Nagaland,Mon,26.576417,95.092972,Debris,Slide
Nagaland,Mon,26.576806,95.096889,Debris,Slide
Nagaland,Mon,26.57725,95.095694,Debris,Slide
Nagaland,Mon,26.577389,95.096306,Debris,Slide
Nagaland,Mon,26.578028,95.028278,Soil,Slide
Nagaland,Mon,26.580667,95.093056,Debris,Slide
Nagaland,Mon,26.582861,95.020306,Soil,Slide
Nagaland,Mon,26.588806,95.017667,Soil,Slide
Nagaland,Mon,26.59,94.983056,Rock,Subsidence
Nagaland,Mon,26.592167,95.012111,Soil,Slide
Nagaland,Mon,26.596389,94.990833,Rock,Slide
Nagaland,Mon,26.62125,95.12575,Soil,Slide
Nagaland,Mon,26.625556,94.970833,Debris,Slide
Nagaland,Mon,26.62625,95.120139,Debris,Slide
Nagaland,Mon,26.637222,94.981389,Debris,Slide
Nagaland,Mon,26.638861,95.123333,Debris,Slide
Nagaland,Mon,26.639167,94.989444,Debris,Slide
Nagaland,Mon,26.639472,95.075083,Rock,Slide
Nagaland,Mon,26.641111,94.990278,Debris,Slide
Nagaland,Mon,26.641861,95.07475,Rock,Topple
Nagaland,Mon,26.642694,95.075306,Debris,Slide
Nagaland,Mon,26.6435,95.075444,Rock,Slide
Nagaland,Mon,26.644083,95.075167,Debris,Slide
Nagaland,Mon,26.646917,95.074944,Debris,Slide
Nagaland,Mon,26.650333,95.125194,Debris,Slide
Nagaland,Mon,26.651389,95.12525,Debris,Slide
Nagaland,Mon,26.6575,95.012028,Soil,Slide
Nagaland,Mon,26.666778,95.200833,Debris,Slide
Nagaland,Mon,26.666917,95.203583,Soil,Slide
Nagaland,Mon,26.678833,95.19475,Rock,Slide
Nagaland,Mon,26.693167,95.17475,Soil,Subsidence
Nagaland,Mon,26.694917,95.07275,Debris,Slide
Nagaland,Mon,26.697111,95.077083,Rock,Slide
Nagaland,Mon,26.699056,95.079417,Rock,Slide
Nagaland,Mon,26.7015,95.079361,Debris,Slide
Nagaland,Mon,26.706028,95.078361,Debris,Slide
Nagaland,Mon,26.706194,95.110333,Debris,Slide
Nagaland,Mon,26.710611,95.020278,Debris,Slide
Nagaland,Mon,26.711222,95.074222,Debris,Slide
Nagaland,Mon,26.71125,95.016722,Rock,Slide
Nagaland,Mon,26.711639,95.014944,Debris,Slide
Nagaland,Mon,26.712306,95.012583,Rock,Slide
Nagaland,Mon,26.7175,95.03125,Debris,Slide
Nagaland,Mon,26.718556,95.033222,Soil,Slide
Nagaland,Mon,26.722722,95.043361,Soil,Slide
Nagaland,Mon,26.723,95.029139,Rock,Slide
Nagaland,Mon,26.724278,95.042833,Soil,Slide
Nagaland,Mon,26.724639,95.031528,Debris,Slide
Nagaland,Mon,26.724833,95.025861,Debris,Slide
Nagaland,Mon,26.725083,95.023861,Debris,Slide
Nagaland,Mon,26.725444,95.022,Debris,Slide
Nagaland,Mon,26.726667,95.027278,Soil,Slide
Nagaland,Mon,26.727722,95.033056,Debris,Slide
Nagaland,Mon,26.727889,95.040389,Soil,Slide
Nagaland,Mon,26.728167,95.029889,Soil,Slide
Nagaland,Mon,26.728556,95.031944,Debris,Slide
Nagaland,Mon,26.728556,95.032306,Debris,Slide
Nagaland,Mon,26.72875,95.031194,Debris,Slide
Nagaland,Mon,26.729972,95.018778,Debris,Slide
Nagaland,Mon,26.730222,95.02025,Debris,Slide
Nagaland,Mon,26.731944,95.018361,Soil,Slide
Nagaland,Mon,26.732306,95.055722,Debris,Slide
Nagaland,Mon,26.747806,95.062,Soil,Slide
Nagaland,Mon,26.749444,94.999444,Debris,Slide
Nagaland,Mon,26.749972,95.064389,Rock,Slide
Nagaland,Mon,26.750028,95.064417,Debris,Slide
Nagaland,Mon,26.758056,95.11175,Debris,Slide
Nagaland,Mon,26.758306,94.955806,Debris,Slide
Nagaland,Mon,26.758306,95.112889,Debris,Slide
Nagaland,Mon,26.759167,95.110972,Debris,Slide
Nagaland,Mon,26.759389,95.108944,Soil,Slide
Nagaland,Mon,26.760194,95.107778,Debris,Slide
Nagaland,Mon,26.767972,95.087028,Rock,Slide
Nagaland,Mon,26.768667,95.086222,Debris,Slide
Nagaland,Mon,26.768833,95.086194,Debris,Slide
Nagaland,Mon,26.773583,95.077389,Rock,Slide
Nagaland,Mon,26.773611,95.077611,Rock,Slide
Nagaland,Mon,26.775667,95.072917,Debris,Slide
Nagaland,Mon,26.775889,95.072694,Rock,Slide
Nagaland,Mon,26.775944,95.072583,Debris,Slide
Nagaland,Mon,26.777056,95.069361,Debris,Slide
Nagaland,Mon,26.777056,95.020361,Rock,Slide
Nagaland,Mon,26.778444,95.069083,Debris,Slide
Nagaland,Mon,26.782472,95.009028,Rock,Slide
Nagaland,Mon,26.784222,95.069944,Soil,Slide
Nagaland,Mon,26.784694,95.072222,Debris,Slide
Nagaland,Mon,26.784806,95.070833,Debris,Slide
Nagaland,Mon,26.785222,95.070556,Debris,Slide
Nagaland,Mon,26.7855,95.071861,Rock,Slide
Nagaland,Mon,26.785722,95.071889,Rock,Slide
Nagaland,Mon,26.786972,95.071222,Debris,Slide
Nagaland,Mon,26.787,95.070083,Rock,Slide
Nagaland,Mon,26.78725,95.068972,Debris,Slide
Nagaland,Mon,26.787333,95.068917,Debris,Slide
Nagaland,Mon,26.78825,95.068361,Debris,Slide
Nagaland,Mon,26.788611,95.068194,Debris,Slide
Nagaland,Mon,26.794056,95.072861,Debris,Slide
Nagaland,Mon,26.794472,95.072722,Debris,Slide
Nagaland,Mon,26.804028,95.003722,Soil,Slide
Nagaland,Mon,26.812389,95.076444,Debris,Slide
Nagaland,Mon,26.813917,95.075667,Debris,Slide
Nagaland,Mon,26.816056,95.074639,Debris,Slide
Nagaland,Mon,26.817417,95.072694,Debris,Slide
Nagaland,Mon,26.81775,95.072917,Debris,Slide
Nagaland,Mon,26.818167,95.072417,Debris,Slide
Nagaland,Mon,26.818889,95.072222,Debris,Slide
Nagaland,Mon,26.820528,95.078722,Debris,Slide
Nagaland,Mon,26.820806,95.077889,Debris,Slide
Nagaland,Mon,26.821722,95.078389,Soil,Slide
Nagaland,Mon,26.822139,95.078944,Debris,Slide
Nagaland,Mon,26.824278,95.077,Soil,Slide
Nagaland,Mon,26.824694,95.076889,Rock,Slide
Nagaland,Mon,26.825,95.076778,Rock,Slide
Nagaland,Mon,26.826194,95.075917,Debris,Slide
Nagaland,Mon,26.831417,95.077917,Soil,Slide
Nagaland,Mon,26.831778,95.078028,Debris,Slide
Nagaland,Mon,26.831889,95.077944,Soil,Slide
Nagaland,Mon,26.833889,95.080972,Debris,Slide
Nagaland,Mon,26.834,95.079806,Soil,Slide
Nagaland,Mon,26.834194,95.081639,Debris,Slide
Nagaland,Mon,26.834556,95.081111,Rock,Slide
Nagaland,Mon,26.834778,95.080639,Soil,Slide
Nagaland,Mon,26.834972,95.080528,Rock,Slide
Nagaland,Mon,26.835417,95.080444,Debris,Slide
Nagaland,Mon,26.8365,95.081306,Soil,Slide
Nagaland,Mon,26.840694,95.080333,Soil,Slide
Nagaland,Mon,26.841139,95.079694,Soil,Slide
Nagaland,Mon,26.841222,95.079556,Soil,Slide
Nagaland,Mon,26.841667,95.079333,Soil,Slide
Nagaland,Mon,26.84325,95.080306,Soil,Slide
Nagaland,Mon,26.844028,95.080972,Rock,Slide
Nagaland,Mon,26.84425,95.080278,Debris,Slide
Nagaland,Mon,26.844389,95.077667,Debris,Slide
Nagaland,Mon,26.845278,95.077167,Debris,Slide
Nagaland,Mon,26.845472,95.077639,Soil,Slide
Nagaland,Mon,26.846139,95.077861,Rock,Slide
Nagaland,Noklak,26.041611,95.075806,Rock,Slide
Nagaland,Noklak,26.045083,95.054833,Debris,Slide
Nagaland,Noklak,26.064111,95.03975,Rock,Fall
Nagaland,Noklak,26.066583,95.033361,Debris,Slide
Nagaland,Noklak,26.068111,95.025972,Rock,Slide
Nagaland,Noklak,26.069278,95.023806,Debris,Slide
Nagaland,Noklak,26.073167,95.0785,Debris,Slide
Nagaland,Noklak,26.074,95.083833,Debris,Slide
Nagaland,Noklak,26.081472,95.02625,Debris,Slide
Nagaland,Noklak,26.093083,95.036278,Rock,Slide
Nagaland,Noklak,26.094083,95.043389,Debris,Slide
Nagaland,Noklak,26.10325,95.060361,Debris,Slide
Nagaland,Noklak,26.112611,95.039028,Rock,Slide
Nagaland,Noklak,26.112806,95.051944,Debris,Slide
Nagaland,Noklak,26.114861,95.052417,Rock,Slide
Nagaland,Noklak,26.117583,95.049806,Debris,Slide
Nagaland,Noklak,26.122694,95.076861,Rock,Slide
Nagaland,Noklak,26.132333,95.01675,Debris,Slide
Nagaland,Noklak,26.163778,95.056722,Debris,Slide
Nagaland,Noklak,26.165417,95.020444,Debris,Slide
Nagaland,Noklak,26.165972,95.021667,Rock,Slide
Nagaland,Noklak,26.167861,95.026694,Debris,Slide
Nagaland,Noklak,26.168556,95.04825,Debris,Slide
Nagaland,Noklak,26.169111,95.041361,Rock,Topple
Nagaland,Noklak,26.172472,95.048583,Debris,Slide
Nagaland,Noklak,26.173917,95.025556,Debris,Slide
Nagaland,Noklak,26.174028,95.029722,Rock,Slide
Nagaland,Noklak,26.174472,95.027972,Debris,Slide
Nagaland,Noklak,26.175722,95.030222,Soil,Slide
Nagaland,Noklak,26.175889,95.030472,Soil,Slide
Nagaland,Noklak,26.176111,95.023639,Rock,Slide
Nagaland,Noklak,26.176278,95.009889,Debris,Slide
Nagaland,Noklak,26.194406,95.020358,Debris,Slide
Nagaland,Noklak,26.196222,95.020722,Debris,Slide
Nagaland,Noklak,26.196333,95.019417,Debris,Slide
Nagaland,Noklak,26.197944,95.015972,Rock cum debris,Slide
Nagaland,Noklak,26.202167,95.017889,Debris,Slide
Nagaland,Noklak,26.260333,95.104806,Debris,Slide
Nagaland,Noklak,26.26175,95.103444,Debris,Slide
Nagaland,Noklak,26.262889,95.084667,Debris,Slide
Nagaland,Peren,25.187583,93.653861,Rock,Slide
Nagaland,Peren,25.199528,93.625278,Rock,Slide
Nagaland,Peren,25.275028,93.616306,Rock,Slide
Nagaland,Peren,25.275083,93.616306,Rock,Slide
Nagaland,Peren,25.287664,93.488956,Rock cum debris,Slide
Nagaland,Peren,25.288472,93.489611,Soil cum debris,Slide
Nagaland,Peren,25.292417,93.498972,Debris,Slide
Nagaland,Peren,25.29725,93.630083,Debris,Slide
Nagaland,Peren,25.298167,93.632222,Debris,Slide
Nagaland,Peren,25.343583,93.566972,Debris,Slide
Nagaland,Peren,25.356333,93.566583,Rock,Slide
Nagaland,Peren,25.4095,93.476639,Debris,Slide
Nagaland,Peren,25.40975,93.475944,Debris,Slide
Nagaland,Peren,25.471556,93.726778,Debris,Slide
Nagaland,Peren,25.472217,93.726992,Debris,Slide
Nagaland,Peren,25.472506,93.727181,Debris,Slide
Nagaland,Peren,25.487139,93.493528,Rock,Fall
Nagaland,Peren,25.5,93.67,Earth,Slide
Nagaland,Peren,25.51,93.7,Debris,Slide
Nagaland,Peren,25.51,93.71,Debris,Slide
Nagaland,Peren,25.51,93.72,Debris,Slide
Nagaland,Peren,25.51,93.67,Debris,Slide
Nagaland,Peren,25.51,93.68,Earth,Slide
Nagaland,Peren,25.52,93.73,Rock,Slide
Nagaland,Peren,25.52,93.72,Rock,Slide
Nagaland,Peren,25.526,93.766,Debris,Slide
Nagaland,Peren,25.53,93.74,Rock,Slide
Nagaland,Peren,25.53,93.73,Debris,Slide
Nagaland,Peren,25.53,93.72,Rock,Slide
Nagaland,Peren,25.531,93.762,Debris,Slide
Nagaland,Peren,25.54,93.74,Earth,Slide
Nagaland,Peren,25.561,93.858,Rock,Fall
Nagaland,Peren,25.566,93.863,Rock,Fall
Nagaland,Peren,25.569,93.872,Debris,Slide
Nagaland,Peren,25.57,93.871,Debris,Slide
Nagaland,Peren,25.571,93.871,Debris,Slide
Nagaland,Peren,25.572,93.787,Rock,Slide
Nagaland,Peren,25.575,93.777,Debris,Slide
Nagaland,Peren,25.576,93.783,Rock cum Debris,Slide
Nagaland,Peren,25.576,93.878,Debris,Slide
Nagaland,Peren,25.578,93.805,Debris,Slide
Nagaland,Peren,25.579,93.87,Rock,Slide
Nagaland,Peren,25.598,93.848,Rock,Slide
Nagaland,Peren,25.629,93.855,Rock cum Debris,Slide
Nagaland,Peren,25.646,93.843,Debris,Slide
Nagaland,Peren,25.618175,93.919236,Debris,Slide
Nagaland,Peren,25.618222,93.918397,Debris,Slide
Nagaland,Peren,25.611284,93.912865,Debris,Slide
Nagaland,Peren,25.609085,93.90642,Debris,Slide
Nagaland,Peren,25.605559,93.898552,Debris,Slide
Nagaland,Peren,25.602682,93.896846,Debris,Slide
Nagaland,Peren,25.598454,93.897602,Debris,Slide
Nagaland,Peren,25.455672,93.737492,Debris,Slide
Nagaland,Peren,25.459292,93.737054,Debris,Slide
Nagaland,Peren,25.469296,93.728636,Debris,Slide
Nagaland,Peren,25.471854,93.726986,Rock,Slide
Nagaland,Peren,25.472566,93.727307,Rock,Slide
Nagaland,Peren,25.56335,93.737232,Loose debris,Slide
Nagaland,Peren,25.569543,93.736,Weathered rock,Slide
Nagaland,Peren,25.568534,93.726285,Loose debris,Slide
Nagaland,Peren,25.576594,93.78377,Insitu soil,Slide
Nagaland,Peren,25.569569,93.788068,Loose debris,Slide
Nagaland,Peren,25.578244,93.804478,Weathered rock,Slide
Nagaland,Peren,25.576992,93.809083,Loose debris,Slide
Nagaland,Peren,25.576671,93.815779,Insitu soil,Slide
Nagaland,Peren,25.595898,93.829722,Weathered rock,Slide
Nagaland,Peren,25.591228,93.851831,Insitu soil,Slide
Nagaland,Peren,25.590458,93.851498,Loose debris,Slide
Nagaland,Peren,25.514327,93.666041,Rock,Fall
Nagaland,Peren,25.493958,93.657962,Insitu soil,Slide
Nagaland,Peren,25.493218,93.657921,Insitu soil,Slide
Nagaland,Peren,25.60711616,93.92787222,Rock,Slide
Nagaland,Peren,25.60688056,93.92055833,Rock,Slide
Nagaland,Peren,25.61061111,93.92184722,Rock,Slide
Nagaland,Peren,25.61285278,93.92066111,Debris,Slide
Nagaland,Peren,25.77309444,93.91229167,Rock,Slide
Nagaland,Peren,25.77308611,93.91128889,Rock,Slide
Nagaland,Peren,25.77178333,93.90760556,Rock,Slide
Nagaland,Peren,25.552544,93.732253,Debris,slide
Nagaland,Peren,25.60512,93.706701,Soil,slide
Nagaland,Peren,25.568372,93.733314,Debris,slide
Nagaland,Peren,25.566242,93.716698,Soil,slide
Nagaland,Phek,25.502583,94.661194,Debris,Slide
Nagaland,Phek,25.502917,94.661194,Debris,Slide
Nagaland,Phek,25.505833,94.653806,Debris,Slide
Nagaland,Phek,25.507611,94.661028,Debris,Slide
Nagaland,Phek,25.515222,94.660694,Debris,Slide
Nagaland,Phek,25.536,94.236,Rock cum Debris,Slide
Nagaland,Phek,25.53633,94.23894,Debris,Slide
Nagaland,Phek,25.543,94.357,Debris,Slide
Nagaland,Phek,25.546,94.274,Debris,Slide
Nagaland,Phek,25.546,94.27,Debris,Slide
Nagaland,Phek,25.549,94.286,Debris,Slide
Nagaland,Phek,25.552,94.36,Rock,Slide
Nagaland,Phek,25.552,94.362,Rock,Slide
Nagaland,Phek,25.552,94.289,Rock cum Debris,Slide
Nagaland,Phek,25.553833,94.762389,Debris,Slide
Nagaland,Phek,25.55408,94.23669,Debris,Slide
Nagaland,Phek,25.554167,94.760944,Debris,Slide
Nagaland,Phek,25.555056,94.768611,Soil,Subsidence
Nagaland,Phek,25.555969,94.764325,Debris,Slide
Nagaland,Phek,25.559,94.284,Debris,Fall
Nagaland,Phek,25.559,94.251,Rock,Slide
Nagaland,Phek,25.559211,94.769978,Debris,Slide
Nagaland,Phek,25.560844,94.773214,Debris,Slide
Nagaland,Phek,25.561,94.294,Debris,Slide
Nagaland,Phek,25.561306,94.780778,Debris,Slide
Nagaland,Phek,25.561389,94.783889,Debris,Slide
Nagaland,Phek,25.561903,94.778178,Debris,Slide
Nagaland,Phek,25.562667,94.608,Debris,Slide
Nagaland,Phek,25.566,94.258,Debris,Composite
Nagaland,Phek,25.566,94.26,Debris,Composite
Nagaland,Phek,25.566583,94.763722,Debris,Slide
Nagaland,Phek,25.566944,94.773222,Debris,Slide
Nagaland,Phek,25.568528,94.784806,Debris,Slide
Nagaland,Phek,25.568611,94.783078,Debris,Slide
Nagaland,Phek,25.569,94.234,Rock,Slide
Nagaland,Phek,25.569,94.283,Rock,Slide
Nagaland,Phek,25.570222,94.877278,Debris,Slide
Nagaland,Phek,25.571,94.253,Rock,Slide
Nagaland,Phek,25.572,94.25,Debris,Composite
Nagaland,Phek,25.572058,94.784969,Debris,Slide
Nagaland,Phek,25.574,94.295,Debris,Slide
Nagaland,Phek,25.574,94.332,Debris,Slide
Nagaland,Phek,25.576,94.351,Debris,Slide
Nagaland,Phek,25.576444,94.785556,Debris,Slide
Nagaland,Phek,25.581,94.863694,Rock,Slide
Nagaland,Phek,25.581333,94.627306,Rock,Slide
Nagaland,Phek,25.581806,94.784833,Debris,Slide
Nagaland,Phek,25.58194,94.35,Debris,Slide
Nagaland,Phek,25.581944,94.858139,Debris,Slide
Nagaland,Phek,25.582694,94.785139,Debris,Slide
Nagaland,Phek,25.583694,94.785639,Debris,Slide
Nagaland,Phek,25.583833,94.858,Rock,Slide
Nagaland,Phek,25.584147,94.8582,Rock,Slide
Nagaland,Phek,25.584519,94.792344,Debris,Slide
Nagaland,Phek,25.585472,94.846833,Rock,Slide
Nagaland,Phek,25.586,94.288,Debris,Slide
Nagaland,Phek,25.586389,94.858222,Rock,Slide
Nagaland,Phek,25.587778,94.858722,Rock,Slide
Nagaland,Phek,25.588,94.292,Debris,Slide
Nagaland,Phek,25.588389,94.78825,Debris,Slide
Nagaland,Phek,25.588806,94.859428,Rock,Slide
Nagaland,Phek,25.589222,94.766083,Debris,Slide
Nagaland,Phek,25.590139,94.846333,Rock,Slide
Nagaland,Phek,25.591833,94.595278,Debris,Slide
Nagaland,Phek,25.5925,94.628472,Debris,Slide
Nagaland,Phek,25.593333,94.855194,Debris,Slide
Nagaland,Phek,25.593472,94.596944,Debris,Slide
Nagaland,Phek,25.593778,94.822389,Rock,Slide
Nagaland,Phek,25.593944,94.810925,Rock,Slide
Nagaland,Phek,25.594,94.314,Debris,Slide
Nagaland,Phek,25.594639,94.842444,Rock,Slide
Nagaland,Phek,25.595083,94.857778,Rock,Slide
Nagaland,Phek,25.596111,94.785444,Debris,Slide
Nagaland,Phek,25.597167,94.842028,Rock,Slide
Nagaland,Phek,25.597778,94.767,Debris,Slide
Nagaland,Phek,25.598,94.31,Debris,Slide
Nagaland,Phek,25.599056,94.617222,Debris,Slide
Nagaland,Phek,25.599722,94.612972,Debris,Slide
Nagaland,Phek,25.6,94.841389,Rock,Slide
Nagaland,Phek,25.600306,94.613222,Rock,Slide
Nagaland,Phek,25.601,94.31,Debris,Slide
Nagaland,Phek,25.601028,94.829722,Debris,Slide
Nagaland,Phek,25.602,94.427,Rock,Slide
Nagaland,Phek,25.602208,94.823292,Debris,Slide
Nagaland,Phek,25.602511,94.891208,Debris,Slide
Nagaland,Phek,25.603,94.426,Debris,Subsidence
Nagaland,Phek,25.604389,94.839583,Rock,Slide
Nagaland,Phek,25.604444,94.76,Rock,Slide
Nagaland,Phek,25.604611,94.768083,Debris,Slide
Nagaland,Phek,25.605061,94.772156,Debris,Slide
Nagaland,Phek,25.605458,94.839083,Rock,Slide
Nagaland,Phek,25.6055,94.800833,Rock,Slide
Nagaland,Phek,25.607,94.321,Debris,Slide
Nagaland,Phek,25.607778,94.837944,Rock,Slide
Nagaland,Phek,25.609472,94.806111,Rock,Slide
Nagaland,Phek,25.610083,94.591889,Soil,Slide
Nagaland,Phek,25.611028,94.747167,Debris,Slide
Nagaland,Phek,25.612,94.209,Debris,Subsidence
Nagaland,Phek,25.61275,94.21517,Rock,Slide
Nagaland,Phek,25.613,94.745889,Debris,Slide
Nagaland,Phek,25.613472,94.583333,Debris,Slide
Nagaland,Phek,25.614,94.496,Rock,Fall
Nagaland,Phek,25.614,94.493,Debris,Slide
Nagaland,Phek,25.614,94.319,Rock,Slide
Nagaland,Phek,25.616,94.484,Debris,Slide
Nagaland,Phek,25.618,94.468,Rock,Fall
Nagaland,Phek,25.618,94.209,Rock,Slide
Nagaland,Phek,25.619,94.206,Debris,Slide
Nagaland,Phek,25.62,94.485,Rock,Slide
Nagaland,Phek,25.62,94.332,Debris,Slide
Nagaland,Phek,25.620269,94.801031,Debris,Slide
Nagaland,Phek,25.62067,94.21483,Rock,Topple
Nagaland,Phek,25.621,94.212,Rock,Slide
Nagaland,Phek,25.621,94.335,Rock cum Debris,Slide
Nagaland,Phek,25.622,94.206,Debris,Slide
Nagaland,Phek,25.622,94.212,Debris,Slide
Nagaland,Phek,25.623,94.354,Debris,Slide
Nagaland,Phek,25.623,94.336,Rock cum Debris,Slide
Nagaland,Phek,25.623364,94.819272,Debris,Slide
Nagaland,Phek,25.624,94.206,Debris,Slide
Nagaland,Phek,25.624,94.361,Debris,Slide
Nagaland,Phek,25.624,94.348,Debris,Slide
Nagaland,Phek,25.624639,94.503278,Debris,Slide
Nagaland,Phek,25.625,94.335,Debris,Slide
Nagaland,Phek,25.625,94.345,Debris,Slide
Nagaland,Phek,25.626833,94.847053,Debris,Slide
Nagaland,Phek,25.628,94.211,Debris,Slide
Nagaland,Phek,25.629,94.273,Rock,Slide
Nagaland,Phek,25.629,94.274,Debris,Slide
Nagaland,Phek,25.63,94.25,Debris,Slide
Nagaland,Phek,25.63,94.259,Debris,Slide
Nagaland,Phek,25.631,94.203,Debris,Slide
Nagaland,Phek,25.631,94.257,Debris,Slide
Nagaland,Phek,25.631122,94.748497,Debris,Slide
Nagaland,Phek,25.631833,94.750139,Rock,Slide
Nagaland,Phek,25.632,94.257,Debris,Slide
Nagaland,Phek,25.632,94.25,Debris,Slide
Nagaland,Phek,25.632,94.215,Rock,Slide
Nagaland,Phek,25.633944,94.733056,Debris,Slide
Nagaland,Phek,25.634,94.255,Debris,Slide
Nagaland,Phek,25.635,94.253,Debris,Slide
Nagaland,Phek,25.635,94.217,Rock,Slide
Nagaland,Phek,25.635,94.252,Debris,Slide
Nagaland,Phek,25.63669,94.21986,Rock,Slide
Nagaland,Phek,25.6375,94.757556,Rock,Fall
Nagaland,Phek,25.640056,94.765278,Debris,Slide
Nagaland,Phek,25.640389,94.732444,Debris,Slide
Nagaland,Phek,25.641,94.730878,Debris,Slide
Nagaland,Phek,25.642,94.201,Debris,Composite
Nagaland,Phek,25.646,94.479,Debris,Composite
Nagaland,Phek,25.646,94.378,Debris,Subsidence
Nagaland,Phek,25.646389,94.766389,Debris,Slide
Nagaland,Phek,25.647,94.378,Debris,Slide
Nagaland,Phek,25.647,94.361,Debris,Slide
Nagaland,Phek,25.647,94.481,Debris,Subsidence
Nagaland,Phek,25.649,94.441,Rock,Slide
Nagaland,Phek,25.649428,94.737028,Debris,Slide
Nagaland,Phek,25.650111,94.510556,Debris,Slide
Nagaland,Phek,25.650556,94.5095,Rock,Slide
Nagaland,Phek,25.651,94.289,Rock,Slide
Nagaland,Phek,25.651,94.514833,Rock,Slide
Nagaland,Phek,25.651528,94.52225,Rock,Slide
Nagaland,Phek,25.652,94.288,Rock,Slide
Nagaland,Phek,25.652361,94.735889,Debris,Slide
Nagaland,Phek,25.652639,94.7705,Debris,Slide
Nagaland,Phek,25.653361,94.734333,Debris,Slide
Nagaland,Phek,25.654,94.438,Debris,Slide
Nagaland,Phek,25.655,94.234,Rock cum Debris,Slide
Nagaland,Phek,25.655,94.438,Debris,Slide
Nagaland,Phek,25.657,94.439,Debris,Slide
Nagaland,Phek,25.657361,94.750278,Rock,Slide
Nagaland,Phek,25.65975,94.747083,Debris,Slide
Nagaland,Phek,25.660194,94.7535,Debris,Slide
Nagaland,Phek,25.660583,94.755389,Debris,Slide
Nagaland,Phek,25.661,94.388,Debris,Slide
Nagaland,Phek,25.662,94.453,Debris,Slide
Nagaland,Phek,25.662222,94.719444,Debris,Slide
Nagaland,Phek,25.665,94.216,Debris,Slide
Nagaland,Phek,25.665,94.247,Rock,Slide
Nagaland,Phek,25.665,94.215,Debris,Slide
Nagaland,Phek,25.665,94.214,Debris,Slide
Nagaland,Phek,25.666,94.244,Rock,Slide
Nagaland,Phek,25.666,94.258,Debris,Slide
Nagaland,Phek,25.667,94.253,Debris,Slide
Nagaland,Phek,25.667,94.254,Debris,Slide
Nagaland,Phek,25.667,94.211,Debris,Slide
Nagaland,Phek,25.667,94.21,Debris,Slide
Nagaland,Phek,25.667,94.718944,Debris,Slide
Nagaland,Phek,25.668,94.464,Debris,Slide
Nagaland,Phek,25.668417,94.543194,Debris,Slide
Nagaland,Phek,25.669,94.218,Debris,Slide
Nagaland,Phek,25.67,94.211,Debris,Slide
Nagaland,Phek,25.67,94.397,Debris,Slide
Nagaland,Phek,25.67,94.382,Debris,Slide
Nagaland,Phek,25.6702,94.456,Rock cum Debris,Slide
Nagaland,Phek,25.671,94.21,Debris,Slide
Nagaland,Phek,25.671,94.217,Debris,Slide
Nagaland,Phek,25.671,94.209,Debris,Slide
Nagaland,Phek,25.672,94.218,Debris,Slide
Nagaland,Phek,25.673292,94.7597,Debris,Slide
Nagaland,Phek,25.673472,94.716222,Debris,Slide
Nagaland,Phek,25.674944,94.762694,Debris,Slide
Nagaland,Phek,25.675,94.397,Debris,Slide
Nagaland,Phek,25.679,94.458,Debris,Slide
Nagaland,Phek,25.68,94.287,Debris,Slide
Nagaland,Phek,25.680167,94.837944,Debris,Slide
Nagaland,Phek,25.680917,94.792014,Debris,Slide
Nagaland,Phek,25.681,94.285,Debris,Slide
Nagaland,Phek,25.681,94.387,Debris,Slide
Nagaland,Phek,25.682333,94.760111,Rock,Slide
Nagaland,Phek,25.684,94.246,Debris,Slide
Nagaland,Phek,25.692,94.444,Debris,Slide
Nagaland,Phek,25.692222,94.584722,Rock,Slide
Nagaland,Phek,25.695,94.459,Debris,Slide
Nagaland,Phek,25.695,94.349,Debris,Slide
Nagaland,Phek,25.696,94.318,Debris,Slide
Nagaland,Phek,25.696,94.32,Debris,Composite
Nagaland,Phek,25.696,94.461,Debris,Subsidence
Nagaland,Phek,25.696,94.426,Rock cum Debris,Composite
Nagaland,Phek,25.697,94.464,Debris,Slide
Nagaland,Phek,25.6975,94.43,Rock cum Debris,Slide
Nagaland,Phek,25.699,94.427,Rock cum Debris,Composite
Nagaland,Phek,25.69925,94.761833,Debris,Slide
Nagaland,Phek,25.699556,94.775583,Rock,Fall
Nagaland,Phek,25.700278,94.767222,Debris,Slide
Nagaland,Phek,25.700506,94.775633,Rock,Slide
Nagaland,Phek,25.700692,94.775594,Rock,Slide
Nagaland,Phek,25.700944,94.775361,Rock,Slide
Nagaland,Phek,25.703,94.338,Debris,Slide
Nagaland,Phek,25.706,94.466,Debris,Slide
Nagaland,Phek,25.706,94.468,Debris,Slide
Nagaland,Phek,25.707,94.466,Debris,Slide
Nagaland,Phek,25.708,94.386,Rock,Fall
Nagaland,Phek,25.711278,94.579944,Debris,Slide
Nagaland,Phek,25.713,94.309,Rock,Slide
Nagaland,Phek,25.715956,94.810833,Debris,Slide
Nagaland,Phek,25.721861,94.780667,Debris,Slide
Nagaland,Phek,25.726,94.435,Debris,Slide
Nagaland,Phek,25.728964,94.795497,Debris,Slide
Nagaland,Phek,25.729639,94.795675,Debris,Slide
Nagaland,Phek,25.733444,94.780361,Rock,Slide
Nagaland,Phek,25.7345,94.777417,Debris,Slide
Nagaland,Phek,25.736,94.012,Debris,Slide
Nagaland,Phek,25.736,94.329,Debris,Slide
Nagaland,Phek,25.737289,94.787844,Debris,Slide
Nagaland,Phek,25.742178,94.842917,Debris,Slide
Nagaland,Phek,25.744,94.337,Debris,Slide
Nagaland,Phek,25.745,94.338,Debris,Slide
Nagaland,Phek,25.747892,94.633072,Debris,Slide
Nagaland,Phek,25.750978,94.483064,Debris,Slide
Nagaland,Phek,25.751567,94.48315,Debris,Slide
Nagaland,Phek,25.751694,94.316361,Debris,Slide
Nagaland,Phek,25.756417,94.476083,Debris,Slide
Nagaland,Phek,25.756583,94.363694,Debris,Subsidence
Nagaland,Phek,25.756889,94.478472,Debris,Slide
Nagaland,Phek,25.756972,94.476694,Debris,Slide
Nagaland,Phek,25.760111,94.366528,Debris,Slide
Nagaland,Phek,25.763833,94.479889,Debris,Slide
Nagaland,Phek,25.783278,94.388306,Debris,Slide
Nagaland,Phek,25.786861,94.446,Debris,Slide
Nagaland,Phek,25.788389,94.434111,Debris,Slide
Nagaland,Phek,25.794083,94.415944,Debris,Slide
Nagaland,Phek,25.796056,94.4315,Debris,Slide
Nagaland,Phek,25.802361,94.430556,Earth,Slide
Nagaland,Phek,25.809861,94.428972,Earth,Slide
Nagaland,Phek,25.72075,94.50163889,"Debris (Colluvial
overburden material
with highly
weathered Shale
bedrock)",Slide
Nagaland,Phek,25.66666667,94.19602778,Unknown,NIL
Nagaland,Phek,25.822859,94.397974,Debris,slide
Nagaland,Phek,25.824038,94.397945,Debris,slide
Nagaland,Phek,25.80344,94.399158,Rock,slide
Nagaland,Phek,25.809925,94.398172,Rock,slide
Nagaland,Phek,25.811395,94.401171,Debris,slide
Nagaland,Phek,25.814013,94.402921,Debris,slide
Nagaland,Phek,25.824828,94.397388,Debris,slide
Nagaland,Phek,25.671957,94.231096,Debris,slide
Nagaland,Phek,25.675017,94.229397,Debris,slide
Nagaland,Phek,25.655776,94.233288,Debris,slide
Nagaland,Phek,25.65119,94.234544,Debris,slide
Nagaland,Phek,25.671439,94.225017,Debris,slide
Nagaland,Phek,25.570159,94.253552,Debris,slide
Nagaland,Tseminyu,25.8817748,94.1887571,Rock,Slide
Nagaland,Tseminyu,25.8816564,94.1902346,Rock,Fall
Nagaland,Tseminyu,25.88165,94.19023,Rock,Slide
Nagaland,Tseminyu,25.875007,94.17886,Debris,slide
Nagaland,Tuensang,23.725778,91.645694,Rock,Slide
Nagaland,Tuensang,25.88667,94.78639,Unknown,Flow
Nagaland,Tuensang,25.9,94.78917,Unknown,Slide
Nagaland,Tuensang,26.027111,94.847806,Rock,Slide
Nagaland,Tuensang,26.02883,94.863993,Rock,Slide
Nagaland,Tuensang,26.156611,94.621778,Rock,Slide
Nagaland,Tuensang,26.160167,94.873417,Rock,Fall
Nagaland,Tuensang,26.161639,94.6215,Rock,Slide
Nagaland,Tuensang,26.166905,94.876367,Rock,Slide
Nagaland,Tuensang,26.17562,94.888105,Rock,Slide
Nagaland,Tuensang,26.178889,94.638139,Rock,Slide
Nagaland,Tuensang,26.18096,94.81309,Rock,Fall
Nagaland,Tuensang,26.182216,94.891382,Rock,Slide
Nagaland,Tuensang,26.183504,94.812894,Rock,Fall
Nagaland,Tuensang,26.185491,94.814241,Rock,Slide
Nagaland,Tuensang,26.188227,94.812988,Rock,Slide
Nagaland,Tuensang,26.190833,94.813722,Rock,Fall
Nagaland,Tuensang,26.197444,94.856955,Rock,Slide
Nagaland,Tuensang,26.200056,94.81905,Rock,Slide
Nagaland,Tuensang,26.205135,94.811625,Rock,Slide
Nagaland,Tuensang,26.207833,95.001083,Rock,Slide
Nagaland,Tuensang,26.210043,94.683989,Rock,Slide
Nagaland,Tuensang,26.210306,94.810333,Debris,Slide
Nagaland,Tuensang,26.212028,95.000417,Rock,Slide
Nagaland,Tuensang,26.21475,95.010667,Debris,Slide
Nagaland,Tuensang,26.214972,94.812056,Rock,Slide
Nagaland,Tuensang,26.216456,94.681866,Rock,Fall
Nagaland,Tuensang,26.216778,95.006139,Debris,Slide
Nagaland,Tuensang,26.216861,95.002889,Debris,Slide
Nagaland,Tuensang,26.220028,95.034417,Rock,Slide
Nagaland,Tuensang,26.220449,94.898329,Debris,Slide
Nagaland,Tuensang,26.221083,95.030139,Rock,Slide
Nagaland,Tuensang,26.223,95.033417,Rock,Slide
Nagaland,Tuensang,26.223528,95.03275,Rock,Slide
Nagaland,Tuensang,26.226028,95.043389,Rock,Slide
Nagaland,Tuensang,26.226778,94.801583,Earth,Slide
Nagaland,Tuensang,26.229389,95.051694,Rock,Slide
Nagaland,Tuensang,26.229861,95.0515,Debris,Slide
Nagaland,Tuensang,26.231694,94.941056,Rock,Slide
Nagaland,Tuensang,26.233444,94.795278,Rock,Slide
Nagaland,Tuensang,26.234778,94.782333,Earth,Slide
Nagaland,Tuensang,26.235678,94.942004,Rock,Slide
Nagaland,Tuensang,26.235736,94.805011,Debris,Slide
Nagaland,Tuensang,26.236111,94.809694,Earth,Slide
Nagaland,Tuensang,26.239056,95.058194,Rock,Slide
Nagaland,Tuensang,26.239444,95.0655,Debris,Slide
Nagaland,Tuensang,26.240556,95.065694,Debris,Slide
Nagaland,Tuensang,26.24075,95.056722,Soil,Slide
Nagaland,Tuensang,26.24139,94.82056,Debris,Slide
Nagaland,Tuensang,26.242944,95.048417,Rock,Fall and slide
Nagaland,Tuensang,26.24325,95.073167,Debris,Slide
Nagaland,Tuensang,26.249,94.819778,Debris,Slide
Nagaland,Tuensang,26.251111,94.808889,Debris,Slide
Nagaland,Tuensang,26.251778,95.072111,Rock,Slide
Nagaland,Tuensang,26.253611,94.616639,Debris,Slide
Nagaland,Tuensang,26.256833,95.096639,Rock,Slide
Nagaland,Tuensang,26.257028,95.099528,Debris,Slide
Nagaland,Tuensang,26.258889,94.8175,Rock,Slide
Nagaland,Tuensang,26.259083,95.085972,Rock,Slide
Nagaland,Tuensang,26.260556,94.813333,Debris,Slide
Nagaland,Tuensang,26.260556,94.809444,Debris,Slide
Nagaland,Tuensang,26.261111,94.809444,Debris,Slide
Nagaland,Tuensang,26.263889,94.812222,Debris,Fall
Nagaland,Tuensang,26.264444,94.815556,Rock,Slide
Nagaland,Tuensang,26.27028,94.75,Unknown,Unknown
Nagaland,Tuensang,26.272028,94.585056,Debris,Slide
Nagaland,Tuensang,26.272361,94.58425,Rock,Slide
Nagaland,Tuensang,26.273333,94.83,Debris,Slide
Nagaland,Tuensang,26.275,94.770278,Rock,Slide
Nagaland,Tuensang,26.275167,94.770472,Rock,Slide
Nagaland,Tuensang,26.276306,94.58375,Rock,Slide
Nagaland,Tuensang,26.276667,94.8275,Debris,Slide
Nagaland,Tuensang,26.293056,94.839167,Rock,Slide
Nagaland,Tuensang,26.295278,94.835556,Debris,Slide
Nagaland,Tuensang,26.300556,94.844722,Debris,Slide
Nagaland,Tuensang,26.301694,94.616694,Rock,Slide
Nagaland,Tuensang,26.303472,94.617528,Rock,Slide
Nagaland,Tuensang,26.305833,94.875833,Debris,Slide
Nagaland,Tuensang,26.311944,94.877778,Debris,Slide
Nagaland,Tuensang,26.317778,94.849722,Debris,Slide
Nagaland,Tuensang,26.326111,94.866111,Debris,Slide
Nagaland,Tuensang,26.326389,94.858056,Debris,Slide
Nagaland,Tuensang,26.326944,94.896667,Debris,Subsidence
Nagaland,Tuensang,26.330556,94.875833,Debris,Slide
Nagaland,Tuensang,26.336111,94.866944,Soil,Slide
Nagaland,Tuensang,26.34417,94.83333,Unknown,Slide
Nagaland,Tuensang,26.36083,94.84,Rock,Fall
Nagaland,Tuensang,26.371611,94.709194,Debris,Slide
Nagaland,Tuensang,26.371667,94.943333,Rock,Slide
Nagaland,Tuensang,26.372667,94.71375,Rock,Slide
Nagaland,Tuensang,26.373056,94.941389,Rock,Slide
Nagaland,Tuensang,26.375278,94.936389,Rock,Subsidence
Nagaland,Tuensang,26.37639,94.84056,Debris,Slide
Nagaland,Tuensang,26.38778,94.82583,Rock,Slide
Nagaland,Tuensang,26.389722,94.920556,Debris,Slide
Nagaland,Tuensang,26.3925,94.918611,Debris,Slide
Nagaland,Tuensang,26.393889,94.919444,Debris,Subsidence
Nagaland,Tuensang,26.410556,94.961944,Debris,Slide
Nagaland,Tuensang,26.417222,94.960833,Debris,Slide
Nagaland,Tuensang,26.4175,94.960278,Debris,Slide
Nagaland,Tuensang,26.418333,94.967778,Debris,Slide
Nagaland,Tuensang,26.418333,94.968056,Debris,Slide
Nagaland,Tuensang,26.418611,94.966111,Debris,Slide
Nagaland,Tuensang,26.420556,94.973056,Debris,Slide
Nagaland,Tuensang,26.421389,94.975,Debris,Slide
Nagaland,Tuensang,26.749722,94.827222,Debris,Subsidence
Nagaland,Tuensang,26.247414,94.819895,Debris,Slide
Nagaland,Tuensang,26.22633333,94.81302778,Unknown,Unknown
Nagaland,Tuensang,26.22480556,94.81236111,Unknown,NIL
Nagaland,Tuensang,26.26336111,94.81563889,Unknown,NIL
Nagaland,Tuensang,26.18302778,94.81619444,Unknown,NIL
Nagaland,Tuensang,26.28908333,94.61005556,Unknown,NIL
Nagaland,Wokha,25.817194,94.280058,Debris,Slide
Nagaland,Wokha,25.864158,94.047264,Debris,Slide
Nagaland,Wokha,25.885208,94.244494,Debris,Slide
Nagaland,Wokha,25.905433,94.097386,Debris,Slide
Nagaland,Wokha,25.979897,94.152281,Debris,Slide
Nagaland,Wokha,25.984456,94.031639,Debris,Slide
Nagaland,Wokha,25.985317,94.021903,Debris,Slide
Nagaland,Wokha,25.993164,94.034803,Debris,Slide
Nagaland,Wokha,25.995333,94.031361,Debris,Slide
Nagaland,Wokha,25.99875,94.026203,Debris,Slide
Nagaland,Wokha,25.998778,94.264853,Debris,Slide
Nagaland,Wokha,25.999744,94.030058,Debris,Slide
Nagaland,Wokha,26.002139,94.253972,Rock,Slide
Nagaland,Wokha,26.0034,93.9855,Debris,Slide
Nagaland,Wokha,26.0037,93.9862,Debris,Slide
Nagaland,Wokha,26.0038,93.9873,Debris,Slide
Nagaland,Wokha,26.0039,93.9807,Debris,Slide
Nagaland,Wokha,26.0043,93.9803,Debris,Slide
Nagaland,Wokha,26.0044,93.9789,Debris,Slide
Nagaland,Wokha,26.0045,93.9828,Debris,Slide
Nagaland,Wokha,26.004528,94.039583,Rock,Slide
Nagaland,Wokha,26.0046,93.9814,Debris,Slide
Nagaland,Wokha,26.0049,93.9901,Debris,Slide
Nagaland,Wokha,26.0049,93.9914,Debris,Slide
Nagaland,Wokha,26.0051,93.9795,Debris,Slide
Nagaland,Wokha,26.0052,93.9927,Debris,Slide
Nagaland,Wokha,26.0054,93.9794,Debris,Slide
Nagaland,Wokha,26.005917,94.039667,Rock,Slide
Nagaland,Wokha,26.006028,94.003194,Debris,Slide
Nagaland,Wokha,26.0073,93.9983,Rock,Slide
Nagaland,Wokha,26.0074,93.9988,Rock,Slide
Nagaland,Wokha,26.0075,94.021444,Rock,Slide
Nagaland,Wokha,26.008333,94.032333,Debris,Slide
Nagaland,Wokha,26.011389,94.022722,Debris,Slide
Nagaland,Wokha,26.012889,94.044222,Rock,Slide
Nagaland,Wokha,26.013556,94.255139,Rock,Slide
Nagaland,Wokha,26.013722,94.009083,Rock,Slide
Nagaland,Wokha,26.016333,94.254306,Rock,Slide
Nagaland,Wokha,26.016528,94.171056,Debris,Slide
Nagaland,Wokha,26.017,94.254306,Rock,Slide
Nagaland,Wokha,26.017472,94.254389,Rock,Slide
Nagaland,Wokha,26.021083,94.040361,Debris,Slide
Nagaland,Wokha,26.022278,94.257556,Rock,Slide
Nagaland,Wokha,26.0225,94.004444,Rock,Fall
Nagaland,Wokha,26.026389,94.331722,Debris,Slide
Nagaland,Wokha,26.0325,94.256,Rock,Slide
Nagaland,Wokha,26.033361,94.257111,Rock,Slide
Nagaland,Wokha,26.033528,94.257306,Rock,Slide
Nagaland,Wokha,26.037139,94.258306,Rock,Slide
Nagaland,Wokha,26.037381,94.037386,Rock,Slide
Nagaland,Wokha,26.053164,94.045167,Rock,Slide
Nagaland,Wokha,26.053519,94.044361,Rock,Slide
Nagaland,Wokha,26.053667,94.307917,Rock,Slide
Nagaland,Wokha,26.055011,94.044322,Rock,Slide
Nagaland,Wokha,26.056167,94.3065,Rock,Slide
Nagaland,Wokha,26.059222,94.2445,Debris,Slide
Nagaland,Wokha,26.05925,94.244472,Rock,Slide
Nagaland,Wokha,26.05925,94.251972,Debris,Slide
Nagaland,Wokha,26.065972,94.270389,Rock,Slide
Nagaland,Wokha,26.067194,94.317611,Rock,Slide
Nagaland,Wokha,26.067889,94.224889,Rock,Slide
Nagaland,Wokha,26.068028,94.317833,Debris,Subsidence
Nagaland,Wokha,26.069722,94.223444,Debris,Subsidence
Nagaland,Wokha,26.070306,94.280586,Rock,Slide
Nagaland,Wokha,26.082972,94.267528,Rock,Slide
Nagaland,Wokha,26.084444,94.09,Rock,Slide
Nagaland,Wokha,26.084806,94.263083,Debris,Slide
Nagaland,Wokha,26.085389,94.258,Rock,Slide
Nagaland,Wokha,26.085528,94.257556,Rock,Slide
Nagaland,Wokha,26.087917,94.098056,Rock,Slide
Nagaland,Wokha,26.088361,94.264222,Rock,Slide
Nagaland,Wokha,26.0885,94.263944,Rock,Slide
Nagaland,Wokha,26.088722,94.349833,Rock,Topple
Nagaland,Wokha,26.08875,94.202444,Debris,Slide
Nagaland,Wokha,26.089806,94.349306,Rock,Slide
Nagaland,Wokha,26.090056,94.256167,Rock,Slide
Nagaland,Wokha,26.0905,94.204583,Debris,Slide
Nagaland,Wokha,26.090556,94.349083,Rock,Slide
Nagaland,Wokha,26.091528,94.100806,Debris,Slide
Nagaland,Wokha,26.091861,94.101333,Debris,Slide
Nagaland,Wokha,26.093972,94.217417,Debris,Slide
Nagaland,Wokha,26.094778,94.259278,Debris,Slide
Nagaland,Wokha,26.096722,94.253694,Rock,Slide
Nagaland,Wokha,26.096778,94.252611,Debris,Slide
Nagaland,Wokha,26.098056,94.105472,Rock,Slide
Nagaland,Wokha,26.101583,94.253222,Debris,Slide
Nagaland,Wokha,26.103667,94.363139,Rock,Slide
Nagaland,Wokha,26.104528,94.353833,Rock,Slide
Nagaland,Wokha,26.104944,94.3375,Debris,Slide
Nagaland,Wokha,26.105583,94.257778,Rock,Slide
Nagaland,Wokha,26.10694722,94.25328889,Insitu Soil,Slide
Nagaland,Wokha,26.107333,94.339139,Rock,Slide
Nagaland,Wokha,26.109167,94.116167,Debris,Slide
Nagaland,Wokha,26.111278,94.257194,Rock,Slide
Nagaland,Wokha,26.111389,94.119028,Debris,Slide
Nagaland,Wokha,26.112194,94.259111,Debris,Slide
Nagaland,Wokha,26.1125,94.347556,Debris,Slide
Nagaland,Wokha,26.113333,94.338611,Rock,Slide
Nagaland,Wokha,26.114222,94.254417,Rock,Slide
Nagaland,Wokha,26.11575,94.33075,Debris,Slide
Nagaland,Wokha,26.116361,94.323778,Rock,Slide
Nagaland,Wokha,26.117194,94.336972,Rock,Slide
Nagaland,Wokha,26.122167,94.131528,Debris,Slide
Nagaland,Wokha,26.123806,94.294889,Rock,Slide
Nagaland,Wokha,26.124083,94.294694,Rock,Slide
Nagaland,Wokha,26.125556,94.134639,Rock,Slide
Nagaland,Wokha,26.127222,94.306444,Rock,Slide
Nagaland,Wokha,26.1295,94.136111,Debris,Slide
Nagaland,Wokha,26.129722,94.019194,Debris,Slide
Nagaland,Wokha,26.130417,94.138889,Debris,Slide
Nagaland,Wokha,26.131917,94.323611,Rock,Slide
Nagaland,Wokha,26.134639,94.049278,Debris,Slide
Nagaland,Wokha,26.143722,94.151111,Debris,Slide
Nagaland,Wokha,26.14425,94.246194,Debris,Slide
Nagaland,Wokha,26.152278,94.241056,Rock,Slide
Nagaland,Wokha,26.153306,94.240611,Debris,Slide
Nagaland,Wokha,26.154917,94.250194,Rock,Fall
Nagaland,Wokha,26.155083,94.250361,Rock,Slide
Nagaland,Wokha,26.169389,94.24675,Rock,Slide
Nagaland,Wokha,26.179,94.182611,Debris,Slide
Nagaland,Wokha,26.180639,94.101028,Debris,Slide
Nagaland,Wokha,26.180944,94.249472,Debris,Subsidence
Nagaland,Wokha,26.182583,94.263361,Rock,Slide
Nagaland,Wokha,26.182611,94.264861,Debris,Subsidence
Nagaland,Wokha,26.183889,94.265472,Debris,Subsidence
Nagaland,Wokha,26.191611,94.284361,Rock,Slide
Nagaland,Wokha,26.192667,94.282194,Rock,Slide
Nagaland,Wokha,26.192972,94.283222,Rock,Slide
Nagaland,Wokha,26.193,94.292972,Rock,Slide
Nagaland,Wokha,26.193056,94.2465,Debris,Slide
Nagaland,Wokha,26.193278,94.295222,Rock,Slide
Nagaland,Wokha,26.202972,94.213417,Rock,Slide
Nagaland,Wokha,26.204028,94.238389,Rock,Slide
Nagaland,Wokha,26.204472,94.214861,Debris,Slide
Nagaland,Wokha,26.205889,94.221583,Debris,Slide
Nagaland,Wokha,26.206111,94.223333,Debris,Slide
Nagaland,Wokha,26.206528,94.223333,Debris,Slide
Nagaland,Wokha,26.206778,94.215,Rock,Slide
Nagaland,Wokha,26.208417,94.204389,Debris,Slide
Nagaland,Wokha,26.209389,94.116411,Debris,Slide
Nagaland,Wokha,26.2095,94.232083,Debris,Slide
Nagaland,Wokha,26.211028,94.241389,Rock,Slide
Nagaland,Wokha,26.212222,94.234,Debris,Slide
Nagaland,Wokha,26.212861,94.235889,Rock,Slide
Nagaland,Wokha,26.212972,94.116583,Debris,Slide
Nagaland,Wokha,26.213111,94.208917,Rock,Slide
Nagaland,Wokha,26.213389,94.235778,Rock,Slide
Nagaland,Wokha,26.213889,94.211111,Rock,Slide
Nagaland,Wokha,26.214389,94.236694,Rock,Slide
Nagaland,Wokha,26.215889,94.212083,Debris,Slide
Nagaland,Wokha,26.216583,94.240556,Debris,Slide
Nagaland,Wokha,26.222306,94.214056,Debris,Slide
Nagaland,Wokha,26.222492,94.167267,Debris,Slide
Nagaland,Wokha,26.226972,94.211806,Rock,Slide
Nagaland,Wokha,26.230083,94.198,Debris,Slide
Nagaland,Wokha,26.231028,94.217083,Debris,Slide
Nagaland,Wokha,26.232722,94.130806,Debris,Slide
Nagaland,Wokha,26.232944,94.130639,Debris,Slide
Nagaland,Wokha,26.234722,94.21525,Debris,Slide
Nagaland,Wokha,26.235278,94.215556,Debris,Slide
Nagaland,Wokha,26.235639,94.213417,Debris,Slide
Nagaland,Wokha,26.236111,94.212639,Debris,Slide
Nagaland,Wokha,26.236336,94.212222,Debris,Slide
Nagaland,Wokha,26.23675,94.209639,Rock,Slide
Nagaland,Wokha,26.237,94.212611,Debris,Slide
Nagaland,Wokha,26.237861,94.205028,Debris,Slide
Nagaland,Wokha,26.238694,94.203944,Debris,Slide
Nagaland,Wokha,26.239167,94.200611,Debris,Slide
Nagaland,Wokha,26.239167,94.071111,Debris,Slide
Nagaland,Wokha,26.23925,94.202222,Debris,Slide
Nagaland,Wokha,26.26,94.15,Rock,Slide
Nagaland,Wokha,26.27,94.14,Rock,Slide
Nagaland,Wokha,26.27647222,94.13175,Sandy soil,Slide
Nagaland,Wokha,26.28,94.13,Rock,Fall
Nagaland,Wokha,26.29,94.11,Rock,Slide
Nagaland,Wokha,26.29325,94.251806,Rock,Slide
Nagaland,Wokha,26.299889,94.249667,Debris,Slide
Nagaland,Wokha,26.3,94.11,Rock,Slide
Nagaland,Wokha,26.33,94.279833,Debris,Slide
Nagaland,Wokha,26.331028,94.279167,Debris,Slide
Nagaland,Wokha,26.331333,94.280389,Debris,Slide
Nagaland,Wokha,26.333833,94.284333,Rock,Slide
Nagaland,Wokha,26.111335,94.257114,Debris,Slide
Nagaland,Wokha,26.08945,94.264217,Earth,Slide
Nagaland,Wokha,26.09660278,94.368725,Debris,Slide
Nagaland,Wokha,26.09686389,94.36771667,Debris,Slide
Nagaland,Wokha,26.114159,94.338471,Debris,slide
Nagaland,Wokha,26.114227,94.338333,Debris,slide
Nagaland,Zunheboto,25.770917,94.357322,Debris,Slide
Nagaland,Zunheboto,25.835778,94.429778,Debris,Slide
Nagaland,Zunheboto,25.839361,94.430583,Debris,Slide
Nagaland,Zunheboto,25.841667,94.436472,Debris,Slide
Nagaland,Zunheboto,25.844972,94.328611,Earth,Slide
Nagaland,Zunheboto,25.854278,94.432472,Rock,Fall
Nagaland,Zunheboto,25.862222,94.450333,Debris,Slide
Nagaland,Zunheboto,25.866722,94.372639,Debris,Slide
Nagaland,Zunheboto,25.869194,94.324889,Rock,Fall
Nagaland,Zunheboto,25.876778,94.462028,Debris,Slide
Nagaland,Zunheboto,25.877111,94.34325,Debris,Slide
Nagaland,Zunheboto,25.87975,94.358722,Debris,Slide
Nagaland,Zunheboto,25.893042,94.45835,Debris,Slide
Nagaland,Zunheboto,25.901611,94.393694,Earth,Slide
Nagaland,Zunheboto,25.909153,94.477497,Debris,Slide
Nagaland,Zunheboto,25.910917,94.416361,Rock,Fall
Nagaland,Zunheboto,25.917361,94.452556,Rock,Fall
Nagaland,Zunheboto,25.91775,94.415028,Rock,Fall
Nagaland,Zunheboto,25.918194,94.409611,Debris,Slide
Nagaland,Zunheboto,25.952722,94.430278,Rock,Fall
Nagaland,Zunheboto,25.965083,94.426806,Rock,Fall
Nagaland,Zunheboto,25.993981,94.474467,Debris,Slide
Nagaland,Zunheboto,26.002188,94.623681,Earth,Slide
Nagaland,Zunheboto,26.011075,94.523236,Rock,Slide
Nagaland,Zunheboto,26.012139,94.523667,Rock,Slide
Nagaland,Zunheboto,26.013806,94.530111,Rock,Slide
Nagaland,Zunheboto,26.020603,94.50632,Rock,Slide
Nagaland,Zunheboto,26.028806,94.638389,Debris,Slide
Nagaland,Zunheboto,26.031742,94.547354,Debris,Slide
Nagaland,Zunheboto,26.031786,94.634392,Rock,Slide
Nagaland,Zunheboto,26.032992,94.633639,Rock,Slide
Nagaland,Zunheboto,26.033098,94.542753,Rock,Slide
Nagaland,Zunheboto,26.034806,94.519889,Earth,Slide
Nagaland,Zunheboto,26.034833,94.458,Debris,Slide
Nagaland,Zunheboto,26.037847,94.635525,Rock,Slide
Nagaland,Zunheboto,26.03853,94.58648,Debris,Slide
Nagaland,Zunheboto,26.0415,94.522444,Rock,Slide
Nagaland,Zunheboto,26.041525,94.523238,Rock,Slide
Nagaland,Zunheboto,26.041658,94.5241,Rock,Slide
Nagaland,Zunheboto,26.046444,94.526194,Earth,Fall
Nagaland,Zunheboto,26.049285,94.635198,Rock,Slide
Nagaland,Zunheboto,26.069917,94.411639,Rock,Subsidence
Nagaland,Zunheboto,26.070806,94.408028,Rock,Subsidence
Nagaland,Zunheboto,26.073194,94.482139,Debris,Slide
Nagaland,Zunheboto,26.073778,94.482194,Rock,Slide
Nagaland,Zunheboto,26.074417,94.423667,Rock,Subsidence
Nagaland,Zunheboto,26.075722,94.481611,Rock,Slide
Nagaland,Zunheboto,26.076583,94.433611,Rock,Subsidence
Nagaland,Zunheboto,26.07675,94.558611,Rock,Slide
Nagaland,Zunheboto,26.077122,94.559107,Rock,Slide
Nagaland,Zunheboto,26.077167,94.542306,Rock,Slide
Nagaland,Zunheboto,26.080917,94.481697,Rock,Slide
Nagaland,Zunheboto,26.085333,94.49025,Rock,Slide
Nagaland,Zunheboto,26.085597,94.559075,Rock,Slide
Nagaland,Zunheboto,26.086444,94.564667,Earth,Slide
Nagaland,Zunheboto,26.094333,94.493639,Rock,Slide
Nagaland,Zunheboto,26.101907,94.537237,Rock,Fall
Nagaland,Zunheboto,26.110135,94.870921,Rock,Slide
Nagaland,Zunheboto,26.111529,94.634066,Debris,Slide
Nagaland,Zunheboto,26.112639,94.405194,Rock,Slide
Nagaland,Zunheboto,26.114833,94.399222,Rock,Slide
Nagaland,Zunheboto,26.114866,94.63475,Rock,Slide
Nagaland,Zunheboto,26.119,94.637639,Rock,Slide
Nagaland,Zunheboto,26.122864,94.638388,Rock,Slide
Nagaland,Zunheboto,26.13379,94.632141,Earth,Slide
Nagaland,Zunheboto,26.134722,94.631639,Debris,Fall
Nagaland,Zunheboto,26.135361,94.502167,Rock,Subsidence
Nagaland,Zunheboto,26.13961,94.634561,Rock,Slide
Nagaland,Zunheboto,26.1434,94.633527,Rock,Slide
Nagaland,Zunheboto,26.143985,94.579865,Debris,Fall
Nagaland,Zunheboto,26.148727,94.626957,Rock,Slide
Nagaland,Zunheboto,26.150343,94.603363,Debris,Slide
Nagaland,Zunheboto,26.150578,94.602548,Debris,Slide
Nagaland,Zunheboto,26.153418,94.590819,Debris,Slide
Nagaland,Zunheboto,26.154944,94.614503,Debris,Slide
Nagaland,Zunheboto,26.156333,94.593611,Earth,Slide
Nagaland,Zunheboto,26.159667,94.4995,Rock,Slide
Nagaland,Zunheboto,26.160139,94.499806,Rock,Slide
Nagaland,Zunheboto,26.161955,94.594693,Debris,Slide
Nagaland,Zunheboto,26.178,94.41275,Rock,Slide
Nagaland,Zunheboto,26.178472,94.41275,Rock,Slide
Nagaland,Zunheboto,26.1785,94.411778,Debris,Slide
Nagaland,Zunheboto,26.179226,94.557166,Debris,Slide
Nagaland,Zunheboto,26.182056,94.409639,Rock,Slide
Nagaland,Zunheboto,26.182283,94.586087,Debris,Slide
Nagaland,Zunheboto,26.184028,94.431361,Rock,Slide
Nagaland,Zunheboto,26.185479,94.577522,Earth,Slide
Nagaland,Zunheboto,26.18971,94.549818,Rock,Slide
Nagaland,Zunheboto,26.190598,94.549514,Debris,Slide
Nagaland,Zunheboto,26.191278,94.484833,Rock,Slide
Nagaland,Zunheboto,26.191306,94.569611,Debris,Slide
Nagaland,Zunheboto,26.191463,94.549524,Debris,Slide
Nagaland,Zunheboto,26.192556,94.484472,Debris,Slide
Nagaland,Zunheboto,26.19257,94.558955,Rock,Slide
Nagaland,Zunheboto,26.194204,94.554867,Rock,Slide
Nagaland,Zunheboto,26.195917,94.486528,Rock,Slide
Nagaland,Zunheboto,26.196306,94.485694,Debris,Slide
Nagaland,Zunheboto,26.198528,94.487528,Rock,Slide
Nagaland,Zunheboto,26.219417,94.477028,Rock,Slide
Nagaland,Zunheboto,26.22125,94.478056,Rock,Slide
Nagaland,Zunheboto,26.232556,94.472889,Debris,Slide
Nagaland,Zunheboto,26.232694,94.473083,Rock,Slide
Nagaland,Zunheboto,26.232861,94.472361,Rock,Slide
Nagaland,Zunheboto,26.233861,94.4725,Debris,Slide
Nagaland,Zunheboto,26.247056,94.479694,Rock,Slide
Nagaland,Zunheboto,26.017317,94.531348,Earth,Slide
Nagaland,Zunheboto,26.015488,94.535665,Debris,slide
Nagaland,Zunheboto,26.074645,94.423373,Debris,slide
Nagaland,Zunheboto,26.098268,94.392683,Debris,slide
Nagaland,Zunheboto,26.109352,94.387308,Debris,slide
Nagaland,Zunheboto,26.1085,94.386342,Debris,slide
Nagaland,Zunheboto,26.084065,94.398745,Debris,slide
Nagaland,Zunheboto,26.039817,94.588622,Soil,fall
Nagaland,Zunheboto,26.003224,94.611549,Debris,slide
Nagaland,Zunheboto,26.0178417,94.6092667,Rock,fall
Nagaland,Zunheboto,26.022983,94.582272,Debris,slide
Nagaland,Zunheboto,26.053525,94.636107,Debris,slide
Nagaland,Zunheboto,26.050603,94.634088,Debris,slide
Nagaland,Zunheboto,26.038755,94.63616,Debris,slide
Nagaland,Zunheboto,26.030802,94.634987,Debris,slide
Nagaland,Zunheboto,26.03145,94.595353,Debris,slide
Nagaland,Zunheboto,26.018177,94.577412,Debris,slide
Nagaland,Zunheboto,26.032223,94.590515,Rock,fall
Nagaland,Zunheboto,26.03228,94.591907,Soil,slide
Nagaland,Zunheboto,26.034642,94.570032,Debris,slide
Nagaland,Zunheboto,26.037672,94.572023,Soil,slide
Nagaland,Zunheboto,26.037575,94.589138,Soil,slide
Nagaland,Zunheboto,26.036262,94.591057,Debris,fall
Nagaland,Zunheboto,26.035793,94.593109,Soil,fall
Nagaland,Zunheboto,26.030632,94.593978,Soil,slide
Nagaland,Zunheboto,25.89751,94.463135,Soil,slide
Nagaland,Zunheboto,25.916527,94.461248,Debris,slide
Nagaland,Zunheboto,25.924744,94.454833,Debris,slide
Nagaland,Zunheboto,25.85973,94.425459,Debris,slide
Nagaland,Zunheboto,25.840229,94.435067,Rock,slide
Nagaland,Zunheboto,25.924954,94.458712,Debris,slide
Nagaland,Zunheboto,25.914367,94.458981,Rock,slide
Nagaland,Zunheboto,25.856018,94.427396,Debris,slide
Nagaland,Zunheboto,25.84021,94.435083,Rock,slide
Nagaland,Zunheboto,25.871453,94.450788,Debris,slide
Nagaland,Zunheboto,25.860335,94.450277,Debris,slide
Nagaland,Zunheboto,25.926408,94.469758,Rock,slide
Nagaland,Zunheboto,25.840342,94.435119,Rock,slide
Sikkim,East Sikkim,27.156806,88.5225,Rock,Fall
Sikkim,East Sikkim,27.157056,88.512778,Debris,Slide
Sikkim,East Sikkim,27.157694,88.522194,Rock,Topple
Sikkim,East Sikkim,27.158111,88.512472,Debris,Slide
Sikkim,East Sikkim,27.158361,88.521833,Debris,Slide
Sikkim,East Sikkim,27.158972,88.514611,Rock,Fall
Sikkim,East Sikkim,27.163861,88.52,Debris,Slide
Sikkim,East Sikkim,27.178889,88.533097,Rock,Slide
Sikkim,East Sikkim,27.179639,88.519778,Debris,Slide
Sikkim,East Sikkim,27.180417,88.51025,Rock,Slide
Sikkim,East Sikkim,27.180528,88.518611,Debris,Slide
Sikkim,East Sikkim,27.182111,88.508,Rock,Slide
Sikkim,East Sikkim,27.18815,88.562083,Debris,Slide
Sikkim,East Sikkim,27.188528,88.501194,Rock,Slide
Sikkim,East Sikkim,27.189261,88.595686,Debris,Slide
Sikkim,East Sikkim,27.19,88.564472,Rock,Fall
Sikkim,East Sikkim,27.190067,88.596483,Rock,Slide
Sikkim,East Sikkim,27.190833,88.596889,Debris,Slide
Sikkim,East Sikkim,27.192989,88.603083,Debris,Slide
Sikkim,East Sikkim,27.193794,88.650528,Debris,Slide
Sikkim,East Sikkim,27.195083,88.631992,Debris,Slide
Sikkim,East Sikkim,27.195511,88.6342,Debris,Slide
Sikkim,East Sikkim,27.195703,88.625444,Debris,Slide
Sikkim,East Sikkim,27.198856,88.638725,Debris,Slide
Sikkim,East Sikkim,27.198928,88.66095,Debris,Slide
Sikkim,East Sikkim,27.199722,88.641633,Rock,Topple
Sikkim,East Sikkim,27.201278,88.665381,Debris,Slide
Sikkim,East Sikkim,27.201875,88.667278,Debris,Slide
Sikkim,East Sikkim,27.202433,88.656708,Rock,Topple
Sikkim,East Sikkim,27.203167,88.588667,Debris,Slide
Sikkim,East Sikkim,27.203194,88.600278,Debris,Slide
Sikkim,East Sikkim,27.203869,88.658333,Debris,Slide
Sikkim,East Sikkim,27.204556,88.647222,Debris,Slide
Sikkim,East Sikkim,27.205,88.591722,Rock,Fall
Sikkim,East Sikkim,27.205047,88.689053,Debris,Slide
Sikkim,East Sikkim,27.206653,88.679953,Rock,Fall
Sikkim,East Sikkim,27.207264,88.672817,Debris,Slide
Sikkim,East Sikkim,27.207606,88.676047,Rock,Fall
Sikkim,East Sikkim,27.2115,88.58775,Debris,Slide
Sikkim,East Sikkim,27.212222,88.587889,Debris,Slide
Sikkim,East Sikkim,27.214222,88.608361,Debris,Slide
Sikkim,East Sikkim,27.214806,88.588083,Debris,Slide
Sikkim,East Sikkim,27.22075,88.699833,Debris,Slide
Sikkim,East Sikkim,27.220861,88.657111,Debris,Slide
Sikkim,East Sikkim,27.220889,88.652278,Debris,Slide
Sikkim,East Sikkim,27.22975,88.619361,Earth,Slide
Sikkim,East Sikkim,27.233389,88.5015,Debris,Slide
Sikkim,East Sikkim,27.233417,88.634806,Debris,Slide
Sikkim,East Sikkim,27.235694,88.6025,Debris,Slide
Sikkim,East Sikkim,27.23575,88.602389,Debris,Slide
Sikkim,East Sikkim,27.235778,88.506306,Debris,Slide
Sikkim,East Sikkim,27.235917,88.645167,Rock,Fall
Sikkim,East Sikkim,27.236361,88.50875,Debris,Slide
Sikkim,East Sikkim,27.236583,88.509611,Debris,Slide
Sikkim,East Sikkim,27.237694,88.598806,Debris,Slide
Sikkim,East Sikkim,27.23772,88.51384,Debris,Slide
Sikkim,East Sikkim,27.238111,88.601528,Debris,Slide
Sikkim,East Sikkim,27.23924,88.48416,Debris,Slide
Sikkim,East Sikkim,27.240028,88.486472,Debris,Slide
Sikkim,East Sikkim,27.240194,88.486278,Debris,Slide
Sikkim,East Sikkim,27.240556,88.48025,Debris,Slide
Sikkim,East Sikkim,27.240861,88.486278,Debris,Slide
Sikkim,East Sikkim,27.24144,88.60681,Debris,Fall and Slide
Sikkim,East Sikkim,27.245028,88.524389,Debris,Slide
Sikkim,East Sikkim,27.245139,88.524444,Debris,Slide
Sikkim,East Sikkim,27.246056,88.62575,Rock,Slide
Sikkim,East Sikkim,27.246194,88.625694,Rock,Fall
Sikkim,East Sikkim,27.250556,88.53325,Debris,Slide
Sikkim,East Sikkim,27.250889,88.715444,Debris,Slide
Sikkim,East Sikkim,27.250972,88.659833,Rock,Fall
Sikkim,East Sikkim,27.251639,88.531361,Rock,Slide
Sikkim,East Sikkim,27.252667,88.694194,Debris,Slide
Sikkim,East Sikkim,27.253528,88.786111,Debris,Slide
Sikkim,East Sikkim,27.25475,88.711,Debris,Slide
Sikkim,East Sikkim,27.254778,88.542444,Debris,Slide
Sikkim,East Sikkim,27.255278,88.543611,Debris,Slide
Sikkim,East Sikkim,27.256,88.706167,Debris,Slide
Sikkim,East Sikkim,27.25677,88.55359,Debris,Slide
Sikkim,East Sikkim,27.257083,88.65975,Debris,Slide
Sikkim,East Sikkim,27.257083,88.696583,Debris,Slide
Sikkim,East Sikkim,27.257139,88.697556,Debris,Slide
Sikkim,East Sikkim,27.257972,88.548861,Debris,Slide
Sikkim,East Sikkim,27.258222,88.704778,Debris,Slide
Sikkim,East Sikkim,27.259694,88.550417,Debris,Slide
Sikkim,East Sikkim,27.259833,88.711722,Debris,Slide
Sikkim,East Sikkim,27.2615,88.788778,Debris,Slide
Sikkim,East Sikkim,27.262583,88.562389,Debris,Slide
Sikkim,East Sikkim,27.263278,88.786667,Debris,Slide
Sikkim,East Sikkim,27.264361,88.558389,Debris,Slide
Sikkim,East Sikkim,27.264694,88.792667,Debris,Slide
Sikkim,East Sikkim,27.26525,88.789556,Debris,Slide
Sikkim,East Sikkim,27.265389,88.788278,Debris,Slide
Sikkim,East Sikkim,27.265944,88.534556,Rock,Fall
Sikkim,East Sikkim,27.279972,88.804278,Debris,Slide
Sikkim,East Sikkim,27.282444,88.598917,Debris,Slide
Sikkim,East Sikkim,27.28408,88.54611,Earth,Slide
Sikkim,East Sikkim,27.288667,88.816111,Debris,Slide
Sikkim,East Sikkim,27.292583,88.820417,Debris,Slide
Sikkim,East Sikkim,27.292944,88.589417,Debris,Slide
Sikkim,East Sikkim,27.293556,88.642056,Debris,Slide
Sikkim,East Sikkim,27.313917,88.557583,Debris,Slide
Sikkim,East Sikkim,27.3145,88.8365,Debris,Slide
Sikkim,East Sikkim,27.315028,88.558139,Rock,Fall
Sikkim,East Sikkim,27.315028,88.558611,Debris,Slide
Sikkim,East Sikkim,27.315083,88.506056,Debris,Slide
Sikkim,East Sikkim,27.316,88.559889,Rock,Slide
Sikkim,East Sikkim,27.316944,88.560056,Rock,Fall
Sikkim,East Sikkim,27.329361,88.649278,Debris,Slide
Sikkim,East Sikkim,27.329472,88.648917,Debris,Slide
Sikkim,East Sikkim,27.330778,88.49225,Debris,Slide
Sikkim,East Sikkim,27.337194,88.621833,Debris,Slide
Sikkim,East Sikkim,27.340917,88.628389,Debris,Slide
Sikkim,East Sikkim,27.341444,88.626194,Debris,Slide
Sikkim,East Sikkim,27.348722,88.600556,Debris,Slide
Sikkim,East Sikkim,27.358583,88.840194,Debris,Slide
Sikkim,East Sikkim,27.361583,88.839306,Debris,Slide
Sikkim,East Sikkim,27.364583,88.787333,Debris,Slide
Sikkim,East Sikkim,27.364722,88.834917,Debris,Slide
Sikkim,East Sikkim,27.365056,88.655167,Debris,Slide
Sikkim,East Sikkim,27.367111,88.776028,Rock,Slide
Sikkim,East Sikkim,27.368194,88.711167,Rock,Fall
Sikkim,East Sikkim,27.368278,88.711278,Debris,Slide
Sikkim,East Sikkim,27.368917,88.794611,Debris,Slide
Sikkim,East Sikkim,27.369306,88.691583,Debris,Slide
Sikkim,East Sikkim,27.369333,88.714917,Rock,Fall
Sikkim,East Sikkim,27.370083,88.67925,Debris,Slide
Sikkim,East Sikkim,27.370472,88.686417,Debris,Slide
Sikkim,East Sikkim,27.37075,88.679444,Debris,Slide
Sikkim,East Sikkim,27.370861,88.683167,Debris,Slide
Sikkim,East Sikkim,27.370972,88.710111,Rock,Fall
Sikkim,East Sikkim,27.371472,88.709722,Debris,Slide
Sikkim,East Sikkim,27.371806,88.677167,Debris,Slide
Sikkim,East Sikkim,27.372278,88.688944,Debris,Slide
Sikkim,East Sikkim,27.372333,88.617556,Rock,Fall
Sikkim,East Sikkim,27.372806,88.739139,Debris,Slide
Sikkim,East Sikkim,27.373083,88.720028,Debris,Slide
Sikkim,East Sikkim,27.373472,88.721944,Debris,Slide
Sikkim,East Sikkim,27.373472,88.731722,Debris,Slide
Sikkim,East Sikkim,27.37475,88.782889,Rock,Slide
Sikkim,East Sikkim,27.375028,88.728278,Debris,Slide
Sikkim,East Sikkim,27.375139,88.708028,Debris,Slide
Sikkim,East Sikkim,27.375806,88.625278,Rock,Fall
Sikkim,East Sikkim,27.375833,88.726722,Rock,Slide
Sikkim,East Sikkim,27.376222,88.799667,Debris,Slide
Sikkim,East Sikkim,27.376306,88.629583,Rock,Fall
Sikkim,East Sikkim,27.376861,88.766167,Debris,Slide
Sikkim,East Sikkim,27.378306,88.770083,Debris,Slide
Sikkim,East Sikkim,27.378417,88.697222,Debris,Slide
Sikkim,East Sikkim,27.378611,88.631083,Rock,Fall
Sikkim,East Sikkim,27.378667,88.699611,Rock,Topple
Sikkim,East Sikkim,27.380806,88.726,Debris,Slide
Sikkim,East Sikkim,27.380861,88.812361,Debris,Slide
Sikkim,East Sikkim,27.381278,88.632611,Rock,Fall
Sikkim,East Sikkim,27.381306,88.690444,Debris,Slide
Sikkim,East Sikkim,27.381556,88.691806,Debris,Slide
Sikkim,East Sikkim,27.381917,88.640333,Rock,Fall
Sikkim,East Sikkim,27.383361,88.702611,Debris,Slide
Sikkim,East Sikkim,27.38375,88.808694,Debris,Slide
Sikkim,East Sikkim,27.383806,88.633083,Rock,Fall
Sikkim,East Sikkim,27.384444,88.639611,Rock,Slide
Sikkim,East Sikkim,27.394,88.62525,Rock,Slide
Sikkim,East Sikkim,27.395444,88.623583,Rock,Slide
Sikkim,East Sikkim,27.395639,88.621667,Debris,Slide
Sikkim,East Sikkim,27.398083,88.614583,Debris,Slide
Sikkim,East Sikkim,27.18822222,88.56238889,Debris,Subsidence
Sikkim,East Sikkim,27.179,88.53313889,Rock,Slide
Sikkim,East Sikkim,27.33208,88.50902,Debris,Debris slide
Sikkim,East Sikkim,27.31583333,88.60666667,Debris,"Bulging and
slope failure"
Sikkim,East Sikkim,27.28081944,88.57090278,Boulders and debris,Slide
Sikkim,East Sikkim,27.33825,88.60911111,Debris,"Slide/Subsidenc
e"
Sikkim,East Sikkim,27.25352778,88.60377778,Rock cum debris,Slide
Sikkim,East Sikkim,27.36388889,88.62083333,Debris,Slide
Sikkim,East Sikkim,27.23166667,88.5025,Debris,Slide
Sikkim,East Sikkim,27.27458333,88.55002778,Debris,Slide
Sikkim,East Sikkim,27.35694444,88.61833333,Soil,Slide
Sikkim,East Sikkim,27.25858333,88.46166667,Debris,Slide
Sikkim,East Sikkim,27.33941667,88.60990556,Soil,Slide
Sikkim,East Sikkim,27.3699335,88.4859279,Debris cum rock,Slide
Sikkim,East Sikkim,27.25333333,88.53194444,Rock,Slide
Sikkim,East Sikkim,27.34222222,88.60722222,Debris,Slide
Sikkim,East Sikkim,27.35861111,88.62027778,Debris,Slide
Sikkim,East Sikkim,27.2533846,88.5489504,Debris,Flows
Sikkim,East Sikkim,27.28666667,88.55347222,Rock cum debris,Slide
Sikkim,East Sikkim,27.24722222,88.60666667,Debris,Slide
Sikkim,East Sikkim,27.26066667,88.53383333,Rock cum debris,Slide
Sikkim,East Sikkim,27.31663889,88.45861111,Debris,Slide
Sikkim,East Sikkim,27.23444444,88.49083333,Rock,Slide
Sikkim,East Sikkim,27.32663889,88.61016667,Debris,Subsidence
Sikkim,East Sikkim,27.35333333,88.61666667,"Debris material
(>2mm to cobble size
) to boulder.",Slide
Sikkim,East Sikkim,27.33972222,88.62055556,Debris,Slide
Sikkim,East Sikkim,27.37055556,88.61611111,Debris,Slide
Sikkim,East Sikkim,27.25252778,88.52777778,Debris,Slide
Sikkim,East Sikkim,27.35805556,88.62111111,Debris,Slide
Sikkim,East Sikkim,27.25061389,88.46280278,Debris,Slide
Sikkim,East Sikkim,27.32888889,88.60777778,Rock,Slide
Sikkim,East Sikkim,27.22122778,88.735475,Debris,Slide
Sikkim,East Sikkim,27.38155556,88.63883333,Debris,Slide
Sikkim,East Sikkim,27.32320833,88.60986944,Debris,Slide
Sikkim,East Sikkim,27.34027222,88.61273333,Debris,Slide
Sikkim,East Sikkim,27.19558889,88.62802778,Debris,Slide
Sikkim,East Sikkim,27.236,88.75722222,Debris,Slide
Sikkim,East Sikkim,27.20258333,88.65547222,Rock,Slide
Sikkim,East Sikkim,27.28577778,88.5535,Debris,Slide
Sikkim,East Sikkim,27.20683333,88.48930556,Debris,Slide
Sikkim,East Sikkim,27.25225,88.60811111,Rock cum Debris,slide
Sikkim,East Sikkim,27.24777778,88.5975,Debris,Slide
Sikkim,East Sikkim,27.37211111,88.61671944,Debris,Slide
Sikkim,East Sikkim,27.28119444,88.58952778,Debris,Slide
Sikkim,East Sikkim,27.25066667,88.53144444,Rock,Slide
Sikkim,East Sikkim,27.24297222,88.47055556,Debris,Slide
Sikkim,East Sikkim,27.238515,88.48812389,Debris,Slide
Sikkim,East Sikkim,27.26063889,88.71438889,Debris,Slide
Sikkim,East Sikkim,27.26616667,88.72697222,Debris,Slide
Sikkim,East Sikkim,27.26544444,88.72252778,Debris,Slide
Sikkim,East Sikkim,27.37441667,88.54505556,Rock,Unknown
Sikkim,East Sikkim,27.36977778,88.54466667,Rock,Unknown
Sikkim,East Sikkim (Near Kaabi),27.38107778,88.64063333,Rock,Rock Slide
Sikkim,Gangtok District,27.2535,88.54141667,Debris,Slide
Sikkim,Gangtok District,27.39336667,88.52236944,Debris,Slide
Sikkim,Gangtok District,27.36552778,88.61596667,Debris,Slide
Sikkim,Gangtok District,27.2525,88.4606,Rock,Slide
Sikkim,Gangtok District,27.248882,88.476747,Debris,Slide
Sikkim,Gangtok District,27.372611,88.541022,Debris,Slide
Sikkim,Gangtok District,27.33787,88.609377,Debris,Slide
Sikkim,Geyzing,27.19950556,88.32696111,Debris,Slide
Sikkim,Gyalshing,27.26352778,88.19047222,Debris,Slide
Sikkim,Gyalshing,27.327977,88.152281,Debris,Slide
Sikkim,Mangan,27.54308333,88.62675,Debris,Slide
Sikkim,Mangan,27.40251944,88.51868056,Debris,Slide
Sikkim,Mangan,27.4432,88.6087,Debris,Slide
Sikkim,Namchi,27.28847,88.30139,Debris,Slide
Sikkim,Namchi,27.30140833,88.3916,Debris cum rock,Slide
Sikkim,Namchi,27.11955556,88.32275,Debris,Slide
Sikkim,Namchi,27.11236111,88.32455556,Debris,Slide
Sikkim,Namchi,27.09725,88.3825,Debris,Slide
Sikkim,Namchi,27.10570556,88.35308056,Debris,Slide
Sikkim,Namchi,27.27872778,88.12502778,Debris,Flow
Sikkim,North Sikkim,27.374583,88.542444,Rock,Fall
Sikkim,North Sikkim,27.374583,88.542333,Debris,Slide
Sikkim,North Sikkim,27.375139,88.542833,Rock,Fall
Sikkim,North Sikkim,27.375194,88.54275,Rock,Fall
Sikkim,North Sikkim,27.378444,88.541667,Rock,Fall
Sikkim,North Sikkim,27.3955,88.623556,Debris,Slide
Sikkim,North Sikkim,27.395556,88.517528,Rock,Slide
Sikkim,North Sikkim,27.397083,88.519167,Debris,Slide
Sikkim,North Sikkim,27.40825,88.571167,Rock,Slide
Sikkim,North Sikkim,27.409667,88.543722,Rock,Fall
Sikkim,North Sikkim,27.4097,88.54371,Rock,Fall
Sikkim,North Sikkim,27.409861,88.543722,Rock,Fall
Sikkim,North Sikkim,27.411306,88.516611,Rock,Slide
Sikkim,North Sikkim,27.412111,88.627083,Debris,Slide
Sikkim,North Sikkim,27.412111,88.626944,Debris,Slide
Sikkim,North Sikkim,27.417306,88.622361,Debris,Slide
Sikkim,North Sikkim,27.417389,88.621222,Debris,Slide
Sikkim,North Sikkim,27.417444,88.621083,Debris,Slide
Sikkim,North Sikkim,27.417778,88.623389,Rock,Fall
Sikkim,North Sikkim,27.417972,88.623361,Rock,Fall
Sikkim,North Sikkim,27.418,88.623333,Debris,Slide
Sikkim,North Sikkim,27.418472,88.616083,Debris,Slide
Sikkim,North Sikkim,27.418667,88.616778,Debris,Slide
Sikkim,North Sikkim,27.420028,88.515944,Rock,Fall
Sikkim,North Sikkim,27.426,88.514,Debris,Slide
Sikkim,North Sikkim,27.426361,88.583028,Debris,Slide
Sikkim,North Sikkim,27.429556,88.611667,Debris,Slide
Sikkim,North Sikkim,27.433083,88.514528,Debris,Slide
Sikkim,North Sikkim,27.435944,88.515167,Rock,Slide
Sikkim,North Sikkim,27.436556,88.526639,Debris,Slide
Sikkim,North Sikkim,27.437444,88.613972,Debris,Slide
Sikkim,North Sikkim,27.437889,88.601694,Debris,Slide
Sikkim,North Sikkim,27.438139,88.527028,Debris,Slide
Sikkim,North Sikkim,27.438389,88.514389,Debris,Slide
Sikkim,North Sikkim,27.438778,88.527444,Debris,Slide
Sikkim,North Sikkim,27.441056,88.513694,Rock,Slide
Sikkim,North Sikkim,27.448306,88.519667,Debris,Slide
Sikkim,North Sikkim,27.461694,88.523472,Debris,Slide
Sikkim,North Sikkim,27.4795,88.528472,Rock,Slide
Sikkim,North Sikkim,27.480472,88.531194,Rock,Slide
Sikkim,North Sikkim,27.481083,88.530667,Debris,Slide
Sikkim,North Sikkim,27.482583,88.52875,Rock,Slide
Sikkim,North Sikkim,27.482583,88.529528,Debris,Slide
Sikkim,North Sikkim,27.48603,88.53269,Debris,Slide
Sikkim,North Sikkim,27.502,88.5375,Debris,Slide
Sikkim,North Sikkim,27.5091,88.53848,Rock,Slide
Sikkim,North Sikkim,27.514972,88.565472,Debris,Slide
Sikkim,North Sikkim,27.5152,88.56456,Debris,Slide
Sikkim,North Sikkim,27.516444,88.587361,Debris,Slide
Sikkim,North Sikkim,27.517278,88.539667,Debris,Slide
Sikkim,North Sikkim,27.517306,88.542889,Rock,Slide
Sikkim,North Sikkim,27.527194,88.603222,Debris,Slide
Sikkim,North Sikkim,27.527333,88.590778,Debris,Slide
Sikkim,North Sikkim,27.527722,88.607972,Debris,Slide
Sikkim,North Sikkim,27.527917,88.60225,Debris,Slide
Sikkim,North Sikkim,27.528722,88.600833,Debris,Slide
Sikkim,North Sikkim,27.529639,88.598139,Debris,Slide
Sikkim,North Sikkim,27.531667,88.606333,Debris,Slide
Sikkim,North Sikkim,27.533722,88.609278,Rock,Slide
Sikkim,North Sikkim,27.535056,88.610194,Debris,Slide
Sikkim,North Sikkim,27.535333,88.497972,Rock,"Slide/Avalanch
e"
Sikkim,North Sikkim,27.5435,88.628306,Debris,Slide
Sikkim,North Sikkim,27.54375,88.58475,Debris,Slide
Sikkim,North Sikkim,27.545694,88.636,Debris,Slide
Sikkim,North Sikkim,27.545861,88.585194,Debris,Slide
Sikkim,North Sikkim,27.546333,88.586472,Debris,Slide
Sikkim,North Sikkim,27.547111,88.602667,Debris,Slide
Sikkim,North Sikkim,27.548417,88.641944,Debris,Slide
Sikkim,North Sikkim,27.549194,88.583556,Debris,Slide
Sikkim,North Sikkim,27.549306,88.644889,Debris,Slide
Sikkim,North Sikkim,27.550917,88.646056,Debris,Slide
Sikkim,North Sikkim,27.552528,88.653528,Rock,Slide
Sikkim,North Sikkim,27.552861,88.622306,Debris,Slide
Sikkim,North Sikkim,27.553556,88.581222,Debris,Slide
Sikkim,North Sikkim,27.553583,88.577194,Debris,Slide
Sikkim,North Sikkim,27.554889,88.654444,Debris,Slide
Sikkim,North Sikkim,27.55525,88.647556,Debris,Slide
Sikkim,North Sikkim,27.575444,88.651417,Debris,Slide
Sikkim,North Sikkim,27.609056,88.652028,Debris,Slide
Sikkim,North Sikkim,27.611333,88.655222,Debris,Slide
Sikkim,North Sikkim,27.613444,88.656528,Debris,Slide
Sikkim,North Sikkim,27.61775,88.623639,Debris,Slide
Sikkim,North Sikkim,27.619722,88.618861,Debris,Slide
Sikkim,North Sikkim,27.621806,88.618694,Debris,Slide
Sikkim,North Sikkim,27.628083,88.685306,Debris,Slide
Sikkim,North Sikkim,27.629361,88.695194,Debris,Slide
Sikkim,North Sikkim,27.6295,88.692778,Debris,Slide
Sikkim,North Sikkim,27.629944,88.619833,Debris,Slide
Sikkim,North Sikkim,27.637167,88.712028,Debris,Slide
Sikkim,North Sikkim,27.638694,88.711694,Debris,Slide
Sikkim,North Sikkim,27.641139,88.612,Debris,Slide
Sikkim,North Sikkim,27.652861,88.607,Debris,Slide
Sikkim,North Sikkim,27.662444,88.602556,Debris,Slide
Sikkim,North Sikkim,27.675778,88.733417,Debris,Slide
Sikkim,North Sikkim,27.676722,88.597194,Debris,Slide
Sikkim,North Sikkim,27.686389,88.73875,Debris,Slide
Sikkim,North Sikkim,27.697139,88.57025,Debris,Slide
Sikkim,North Sikkim,27.700444,88.566083,Debris,Slide
Sikkim,North Sikkim,27.701333,88.565083,Debris,Slide
Sikkim,North Sikkim,27.703917,88.562306,Debris,Slide
Sikkim,North Sikkim,27.704028,88.56175,Debris,Slide
Sikkim,North Sikkim,27.704306,88.560694,Debris,Slide
Sikkim,North Sikkim,27.713944,88.557361,Debris,Slide
Sikkim,North Sikkim,27.723611,88.550472,Debris,Slide
Sikkim,North Sikkim,27.724222,88.552861,Debris,Slide
Sikkim,North Sikkim,27.726083,88.54975,Debris,Slide
Sikkim,North Sikkim,27.728472,88.551667,Debris,Slide
Sikkim,North Sikkim,27.735278,88.54925,Debris,Slide
Sikkim,North Sikkim,27.74075,88.54525,Debris,Slide
Sikkim,North Sikkim,27.740944,88.545361,Debris,Slide
Sikkim,North Sikkim,27.745194,88.544278,Debris,Slide
Sikkim,North Sikkim,27.749111,88.542972,Debris,Slide
Sikkim,North Sikkim,27.46166,88.52341,Debris,Debris slide
Sikkim,North Sikkim,27.53533333,88.49797222,"Mainly rock boulders
containing mica
schist along with
boulders of gneiss
and quartzite.","Slide/Avalanch
e"
Sikkim,North Sikkim,27.39305556,88.63527778,Rock,Slide
Sikkim,North Sikkim,27.39866667,88.62358333,Soil,Slide
Sikkim,North Sikkim,27.39838889,88.62566667,Debris cum rock,Slide
Sikkim,North Sikkim,27.5401,88.56929167,Rock cum debris,Slide
Sikkim,North Sikkim,27.55314167,88.62179722,Debris,Slide
Sikkim,North Sikkim,27.54975833,88.57530833,Rock cum debris,Slide
Sikkim,North Sikkim,27.54810833,88.60807778,Debris,Slide
Sikkim,North Sikkim,27.55236944,88.58208333,Debris,Slide
Sikkim,North Sikkim,27.39472222,88.62361111,Debris,Slide
Sikkim,North Sikkim,27.61936111,88.66131389,Rock,Slide
Sikkim,North Sikkim,27.69920278,88.56659722,Debris,Slide
Sikkim,North Sikkim,27.68445278,88.7379,Debris,Slide
Sikkim,North Sikkim,27.51473889,88.57758889,Rock,"Shallow Planar
slide"
Sikkim,North Sikkim,27.55704444,88.57932222,Debris,Slide
Sikkim,North Sikkim,27.47888889,88.52861111,Rock,Slide
Sikkim,North Sikkim,27.59027778,88.65394444,Debris,Slide
Sikkim,North Sikkim,27.57502778,88.65402778,Debris,Slide
Sikkim,North Sikkim,27.56111111,88.65452778,Debris,Slide
Sikkim,North Sikkim,27.52838889,88.59972222,Debris,Slide
Sikkim,North Sikkim,27.56941667,88.65272222,Debris,Slide
Sikkim,North Sikkim,27.51491667,88.56313889,Debris,Slide
Sikkim,North Sikkim,27.51444444,88.56777778,Debris,Slide
Sikkim,Pakyong,27.24883333,88.60191667,Debris,Slide
Sikkim,Pakyong,27.21391667,88.60833333,Debris,Slide
Sikkim,Pakyong,27.2536,88.6043,Debris,Slide
Sikkim,Pakyong,27.17748333,88.52165833,Debris,Slide
Sikkim,Soreng,27.14871944,88.28128889,Debris,Slide
Sikkim,Soreng,27.190191,88.325507,Debris,Slide
Sikkim,Soreng,27.13689,88.276598,Rock,Slide
Sikkim,South Sikkim,27.08275,88.434778,Debris,Slide
Sikkim,South Sikkim,27.084222,88.446083,Debris,Slide
Sikkim,South Sikkim,27.084722,88.443833,Debris,Slide
Sikkim,South Sikkim,27.087667,88.416528,Debris,Slide
Sikkim,South Sikkim,27.090083,88.413139,Debris,Slide
Sikkim,South Sikkim,27.090944,88.406833,Debris,Slide
Sikkim,South Sikkim,27.093278,88.457444,Debris,Slide
Sikkim,South Sikkim,27.096444,88.433375,Debris,Slide
Sikkim,South Sikkim,27.097833,88.3785,Debris,Slide
Sikkim,South Sikkim,27.098417,88.400167,Debris,Slide
Sikkim,South Sikkim,27.101083,88.3615,Debris,Slide
Sikkim,South Sikkim,27.101083,88.400417,Debris,Slide
Sikkim,South Sikkim,27.101111,88.403333,Debris,Slide
Sikkim,South Sikkim,27.101194,88.394611,Debris,Slide
Sikkim,South Sikkim,27.102,88.458667,Debris,Slide
Sikkim,South Sikkim,27.1025,88.400778,Debris,Slide
Sikkim,South Sikkim,27.102639,88.394639,Debris,Slide
Sikkim,South Sikkim,27.102944,88.404667,Debris,Subsidence
Sikkim,South Sikkim,27.103111,88.402722,Debris,Slide
Sikkim,South Sikkim,27.105972,88.444556,Debris,Subsidence
Sikkim,South Sikkim,27.106694,88.449389,Debris,Slide
Sikkim,South Sikkim,27.106944,88.43375,Rock,Fall
Sikkim,South Sikkim,27.107417,88.363139,Debris,Slide
Sikkim,South Sikkim,27.122611,88.343389,Debris,Slide
Sikkim,South Sikkim,27.124778,88.445083,Debris,Slide
Sikkim,South Sikkim,27.125528,88.384556,Rock,Fall
Sikkim,South Sikkim,27.126306,88.378667,Debris,Slide
Sikkim,South Sikkim,27.126444,88.340444,Debris,Slide
Sikkim,South Sikkim,27.128694,88.442778,Debris,Slide
Sikkim,South Sikkim,27.129,88.441361,Debris,Slide
Sikkim,South Sikkim,27.130056,88.412944,Debris,Slide
Sikkim,South Sikkim,27.130444,88.340222,Debris,Slide
Sikkim,South Sikkim,27.131444,88.386,Debris,Slide
Sikkim,South Sikkim,27.131528,88.384417,Debris,Slide
Sikkim,South Sikkim,27.133556,88.39475,Rock,Slide
Sikkim,South Sikkim,27.133583,88.404583,Rock,Fall
Sikkim,South Sikkim,27.133722,88.390833,Debris,Slide
Sikkim,South Sikkim,27.133806,88.342778,Debris,Slide
Sikkim,South Sikkim,27.134306,88.370528,Debris,Slide
Sikkim,South Sikkim,27.134389,88.40425,Debris,Slide
Sikkim,South Sikkim,27.135833,88.391111,Debris,Slide
Sikkim,South Sikkim,27.137667,88.342694,Debris,Slide
Sikkim,South Sikkim,27.137694,88.401556,Debris,Slide
Sikkim,South Sikkim,27.139944,88.368167,Rock,Slide
Sikkim,South Sikkim,27.140889,88.368222,Debris,Slide
Sikkim,South Sikkim,27.143556,88.373083,Debris,Slide
Sikkim,South Sikkim,27.145056,88.370778,Rock,Slide
Sikkim,South Sikkim,27.149722,88.348333,Debris,Slide
Sikkim,South Sikkim,27.150778,88.4385,Debris,Slide
Sikkim,South Sikkim,27.152861,88.390361,Rock,Slide
Sikkim,South Sikkim,27.153083,88.412056,Debris,Slide
Sikkim,South Sikkim,27.153528,88.494389,Debris,Slide
Sikkim,South Sikkim,27.15425,88.500333,Debris,Slide
Sikkim,South Sikkim,27.154722,88.443056,Debris,Slide
Sikkim,South Sikkim,27.154889,88.493194,Debris,Slide
Sikkim,South Sikkim,27.155306,88.390278,Debris,Slide
Sikkim,South Sikkim,27.15625,88.430722,Debris,Slide
Sikkim,South Sikkim,27.158,88.347972,Debris,Slide
Sikkim,South Sikkim,27.158111,88.491722,Debris,Slide
Sikkim,South Sikkim,27.158417,88.420139,Debris,Slide
Sikkim,South Sikkim,27.158583,88.466306,Rock,Fall
Sikkim,South Sikkim,27.158944,88.427111,Debris,Slide
Sikkim,South Sikkim,27.159194,88.444361,Debris,Slide
Sikkim,South Sikkim,27.159972,88.379083,Rock,Slide
Sikkim,South Sikkim,27.160056,88.423028,Debris,Slide
Sikkim,South Sikkim,27.160194,88.415056,Debris,Slide
Sikkim,South Sikkim,27.160444,88.512472,Rock,Fall
Sikkim,South Sikkim,27.160722,88.505889,Debris,Slide
Sikkim,South Sikkim,27.161306,88.512944,Debris,Slide
Sikkim,South Sikkim,27.161444,88.410556,Debris,Slide
Sikkim,South Sikkim,27.161917,88.509639,Debris,Slide
Sikkim,South Sikkim,27.162111,88.491444,Rock,Fall
Sikkim,South Sikkim,27.162194,88.510611,Debris,Slide
Sikkim,South Sikkim,27.16275,88.383306,Earth,Slide
Sikkim,South Sikkim,27.162778,88.413222,Rock,Slide
Sikkim,South Sikkim,27.162781,88.484864,Debris,Slide
Sikkim,South Sikkim,27.163556,88.458833,Debris,Slide
Sikkim,South Sikkim,27.16375,88.406417,Rock,Slide
Sikkim,South Sikkim,27.163861,88.462306,Debris,Slide
Sikkim,South Sikkim,27.164528,88.348472,Debris,Slide
Sikkim,South Sikkim,27.165,88.444444,Debris,Slide
Sikkim,South Sikkim,27.165278,88.348528,Debris,Slide
Sikkim,South Sikkim,27.165528,88.496556,Debris,Slide
Sikkim,South Sikkim,27.165586,88.488511,Debris,Slide
Sikkim,South Sikkim,27.165833,88.436667,Debris,Slide
Sikkim,South Sikkim,27.166528,88.401333,Debris,Slide
Sikkim,South Sikkim,27.166611,88.417528,Debris,Slide
Sikkim,South Sikkim,27.167611,88.348889,Debris,Slide
Sikkim,South Sikkim,27.168167,88.384556,Debris,Slide
Sikkim,South Sikkim,27.169028,88.486333,Debris,Slide
Sikkim,South Sikkim,27.169472,88.363778,Debris,Slide
Sikkim,South Sikkim,27.169583,88.462361,Debris,Slide
Sikkim,South Sikkim,27.171139,88.354611,Debris,Slide
Sikkim,South Sikkim,27.172228,88.372,Debris,Complex
Sikkim,South Sikkim,27.172333,88.381444,Debris,Slide
Sikkim,South Sikkim,27.172444,88.386972,Rock,Slide
Sikkim,South Sikkim,27.173917,88.38525,Rock,Slide
Sikkim,South Sikkim,27.174389,88.452028,Debris,Slide
Sikkim,South Sikkim,27.175,88.385028,Rock,Slide
Sikkim,South Sikkim,27.175778,88.402417,Debris,Slide
Sikkim,South Sikkim,27.176,88.429556,Debris,Slide
Sikkim,South Sikkim,27.176944,88.402056,Debris,Slide
Sikkim,South Sikkim,27.177056,88.402611,Rock,Slide
Sikkim,South Sikkim,27.177167,88.369611,Rock,Slide
Sikkim,South Sikkim,27.178111,88.430556,Debris,Slide
Sikkim,South Sikkim,27.18175,88.395778,Debris,Slide
Sikkim,South Sikkim,27.189222,88.391056,Debris,Slide
Sikkim,South Sikkim,27.194333,88.388889,Debris,Slide
Sikkim,South Sikkim,27.195722,88.387472,Debris,Slide
Sikkim,South Sikkim,27.197417,88.4905,Rock,Slide
Sikkim,South Sikkim,27.199028,88.350417,Debris,Slide
Sikkim,South Sikkim,27.200389,88.3545,Debris,Slide
Sikkim,South Sikkim,27.202417,88.391583,Debris,Slide
Sikkim,South Sikkim,27.205,88.442122,Debris,Slide
Sikkim,South Sikkim,27.206611,88.442814,Debris,Slide
Sikkim,South Sikkim,27.207039,88.446667,Debris,Slide
Sikkim,South Sikkim,27.20825,88.387667,Earth,Slide
Sikkim,South Sikkim,27.212583,88.399333,Debris,Slide
Sikkim,South Sikkim,27.21275,88.391444,Debris,Slide
Sikkim,South Sikkim,27.214639,88.392417,Debris,Slide
Sikkim,South Sikkim,27.215056,88.393306,Debris,Slide
Sikkim,South Sikkim,27.21525,88.402278,Debris,Slide
Sikkim,South Sikkim,27.216639,88.392361,Rock,Slide
Sikkim,South Sikkim,27.219444,88.391111,Debris,Slide
Sikkim,South Sikkim,27.220917,88.385083,Debris,Slide
Sikkim,South Sikkim,27.220972,88.397639,Debris,Slide
Sikkim,South Sikkim,27.221444,88.376167,Debris,Slide
Sikkim,South Sikkim,27.2215,88.370667,Debris,Slide
Sikkim,South Sikkim,27.221778,88.390861,Debris,Slide
Sikkim,South Sikkim,27.223833,88.491833,Debris,Slide
Sikkim,South Sikkim,27.224778,88.372083,Debris,Slide
Sikkim,South Sikkim,27.225083,88.373333,Debris,Slide
Sikkim,South Sikkim,27.22575,88.49325,Rock,Slide
Sikkim,South Sikkim,27.228556,88.493889,Debris,Slide
Sikkim,South Sikkim,27.229417,88.378444,Debris,Slide
Sikkim,South Sikkim,27.232639,88.378417,Debris,Slide
Sikkim,South Sikkim,27.233667,88.348389,Debris,Slide
Sikkim,South Sikkim,27.23575,88.506472,Debris,Slide
Sikkim,South Sikkim,27.23575,88.507972,Debris,Slide
Sikkim,South Sikkim,27.235861,88.433167,Debris,Slide
Sikkim,South Sikkim,27.237889,88.346444,Debris,Slide
Sikkim,South Sikkim,27.242917,88.354417,Debris,Slide
Sikkim,South Sikkim,27.244056,88.348056,Debris,Slide
Sikkim,South Sikkim,27.244472,88.350472,Rock,Fall
Sikkim,South Sikkim,27.251417,88.3845,Debris,Slide
Sikkim,South Sikkim,27.254917,88.390889,Debris,Slide
Sikkim,South Sikkim,27.255167,88.396944,Debris,Slide
Sikkim,South Sikkim,27.255389,88.388944,Debris,Slide
Sikkim,South Sikkim,27.257417,88.418889,Debris,Slide
Sikkim,South Sikkim,27.259306,88.423028,Debris,Slide
Sikkim,South Sikkim,27.26,88.381361,Debris,Slide
Sikkim,South Sikkim,27.262056,88.4305,Debris,Slide
Sikkim,South Sikkim,27.263194,88.377139,Debris,Slide
Sikkim,South Sikkim,27.270056,88.430139,Debris,Slide
Sikkim,South Sikkim,27.271583,88.430389,Debris,Slide
Sikkim,South Sikkim,27.272056,88.394139,Debris,Slide
Sikkim,South Sikkim,27.273083,88.389528,Debris,Slide
Sikkim,South Sikkim,27.273861,88.398722,Debris,Slide
Sikkim,South Sikkim,27.276167,88.398722,Debris,Slide
Sikkim,South Sikkim,27.279889,88.436472,Debris,Slide
Sikkim,South Sikkim,27.282,88.415028,Debris,Slide
Sikkim,South Sikkim,27.28425,88.370056,Debris,Slide
Sikkim,South Sikkim,27.287194,88.369444,Debris,Slide
Sikkim,South Sikkim,27.297139,88.388472,Debris,Slide
Sikkim,South Sikkim,27.29975,88.419778,Debris,Slide
Sikkim,South Sikkim,27.302861,88.373944,Debris,Slide
Sikkim,South Sikkim,27.303083,88.433167,Debris,Slide
Sikkim,South Sikkim,27.306806,88.375194,Debris,Slide
Sikkim,South Sikkim,27.306861,88.368444,Debris,Slide
Sikkim,South Sikkim,27.311667,88.418611,Debris,Subsidence
Sikkim,South Sikkim,27.314694,88.417917,Debris,Subsidence
Sikkim,South Sikkim,27.330917,88.450528,Debris,Slide
Sikkim,South Sikkim,27.351194,88.272417,Rock,Fall
Sikkim,South Sikkim,27.366944,88.449806,Debris,Slide
Sikkim,South Sikkim,27.369778,88.456833,Debris,Slide
Sikkim,South Sikkim,27.28955556,88.37748333,Debris,Slide
Sikkim,South Sikkim,27.17054167,88.38358056,Debris,Slide
Sikkim,South Sikkim,27.3250091,88.4704442,Debris cum rock,Slide
Sikkim,South Sikkim,27.12344167,88.24483889,Debris,Slide
Sikkim,South Sikkim,27.16993889,88.51481944,Debris,Slide
Sikkim,South Sikkim,27.25102,88.460004,Rock,slide
Sikkim,West District,27.36473056,88.23727778,"Multiple slide
comprising of Earth
or soil slide / flow","Multiple type
of movements
includes debris
slide / Earth or
soil slide / flow
/ lateral spread"
Sikkim,West Sikkim,27.110583,88.340472,Debris,Slide
Sikkim,West Sikkim,27.1205,88.152722,Debris,Slide
Sikkim,West Sikkim,27.121444,88.153417,Debris,Slide
Sikkim,West Sikkim,27.1215,88.142222,Debris,Slide
Sikkim,West Sikkim,27.121611,88.237,Debris,Slide
Sikkim,West Sikkim,27.121611,88.145528,Debris,Slide
Sikkim,West Sikkim,27.121917,88.139472,Rock,Slide
Sikkim,West Sikkim,27.122,88.139889,Debris,Slide
Sikkim,West Sikkim,27.122472,88.227611,Debris,Slide
Sikkim,West Sikkim,27.123833,88.225333,Debris,Slide
Sikkim,West Sikkim,27.123889,88.319778,Debris,Slide
Sikkim,West Sikkim,27.124556,88.139778,Debris,Slide
Sikkim,West Sikkim,27.125861,88.14275,Debris,Slide
Sikkim,West Sikkim,27.126472,88.31675,Debris,Slide
Sikkim,West Sikkim,27.127194,88.308306,Debris,Slide
Sikkim,West Sikkim,27.12825,88.292194,Debris,Slide
Sikkim,West Sikkim,27.128333,88.148833,Rock,Slide
Sikkim,West Sikkim,27.128694,88.141639,Debris,Slide
Sikkim,West Sikkim,27.128972,88.262111,Debris,Slide
Sikkim,West Sikkim,27.129861,88.266222,Debris,Slide
Sikkim,West Sikkim,27.141,88.211194,Debris,Slide
Sikkim,West Sikkim,27.141944,88.180222,Debris,Slide
Sikkim,West Sikkim,27.142028,88.172139,Debris,Slide
Sikkim,West Sikkim,27.144056,88.127361,Earth,Slide
Sikkim,West Sikkim,27.144167,88.311083,Rock,Fall
Sikkim,West Sikkim,27.145444,88.305694,Debris,Slide
Sikkim,West Sikkim,27.149889,88.096861,Earth,Slide
Sikkim,West Sikkim,27.149972,88.184222,Debris,Slide
Sikkim,West Sikkim,27.151028,88.309889,Debris,Slide
Sikkim,West Sikkim,27.152722,88.190833,Earth,Slide
Sikkim,West Sikkim,27.153306,88.3135,Debris,Slide
Sikkim,West Sikkim,27.153444,88.095639,Debris,Slide
Sikkim,West Sikkim,27.1545,88.275667,Debris,Slide
Sikkim,West Sikkim,27.155028,88.319556,Rock,Slide
Sikkim,West Sikkim,27.156944,88.230778,Debris,Slide
Sikkim,West Sikkim,27.157361,88.171667,Debris,Slide
Sikkim,West Sikkim,27.157694,88.306806,Debris,Slide
Sikkim,West Sikkim,27.157694,88.092833,Debris,Slide
Sikkim,West Sikkim,27.157806,88.230306,Debris,Slide
Sikkim,West Sikkim,27.157861,88.090194,Earth,Slide
Sikkim,West Sikkim,27.158056,88.141528,Debris,Slide
Sikkim,West Sikkim,27.158139,88.344806,Debris,Slide
Sikkim,West Sikkim,27.158222,88.34325,Debris,Slide
Sikkim,West Sikkim,27.158222,88.100361,Debris,Slide
Sikkim,West Sikkim,27.158972,88.090944,Debris,Slide
Sikkim,West Sikkim,27.159361,88.09225,Earth,Slide
Sikkim,West Sikkim,27.159472,88.300028,Debris,Slide
Sikkim,West Sikkim,27.159639,88.318889,Debris,Subsidence
Sikkim,West Sikkim,27.160056,88.091806,Debris,Slide
Sikkim,West Sikkim,27.161,88.094306,Debris,Slide
Sikkim,West Sikkim,27.163472,88.143083,Debris,Slide
Sikkim,West Sikkim,27.163861,88.141361,Debris,Slide
Sikkim,West Sikkim,27.164472,88.213889,Rock,Slide
Sikkim,West Sikkim,27.1645,88.228444,Rock,Slide
Sikkim,West Sikkim,27.165333,88.162028,Debris,Slide
Sikkim,West Sikkim,27.166278,88.144333,Debris,Slide
Sikkim,West Sikkim,27.167972,88.224778,Rock,Slide
Sikkim,West Sikkim,27.170833,88.086361,Earth,Slide
Sikkim,West Sikkim,27.171083,88.245417,Debris,Slide
Sikkim,West Sikkim,27.171639,88.159333,Debris,Slide
Sikkim,West Sikkim,27.171833,88.160861,Debris,Slide
Sikkim,West Sikkim,27.172083,88.090333,Earth,Slide
Sikkim,West Sikkim,27.172444,88.089528,Earth,Slide
Sikkim,West Sikkim,27.173861,88.092111,Earth,Slide
Sikkim,West Sikkim,27.179278,88.190972,Earth,Slide
Sikkim,West Sikkim,27.181167,88.192028,Debris,Slide
Sikkim,West Sikkim,27.181222,88.309528,Debris,Slide
Sikkim,West Sikkim,27.185944,88.197944,Debris,Slide
Sikkim,West Sikkim,27.185972,88.205833,Earth,Slide
Sikkim,West Sikkim,27.186361,88.320417,Debris,Slide
Sikkim,West Sikkim,27.186611,88.206278,Earth,Slide
Sikkim,West Sikkim,27.191639,88.325861,Debris,Slide
Sikkim,West Sikkim,27.191917,88.2885,Debris,Slide
Sikkim,West Sikkim,27.197111,88.208722,Debris,Slide
Sikkim,West Sikkim,27.200861,88.340861,Debris,Slide
Sikkim,West Sikkim,27.20175,88.268194,Debris,Slide
Sikkim,West Sikkim,27.204694,88.32375,Debris,Slide
Sikkim,West Sikkim,27.206917,88.323278,Debris,Slide
Sikkim,West Sikkim,27.213556,88.321833,Debris,Slide
Sikkim,West Sikkim,27.216361,88.199667,Debris,Slide
Sikkim,West Sikkim,27.216722,88.274639,Debris,Slide
Sikkim,West Sikkim,27.217278,88.236944,Debris,Slide
Sikkim,West Sikkim,27.217667,88.233472,Debris,Slide
Sikkim,West Sikkim,27.217667,88.234639,Debris,Slide
Sikkim,West Sikkim,27.218278,88.232472,Debris,Slide
Sikkim,West Sikkim,27.21875,88.233694,Debris,Slide
Sikkim,West Sikkim,27.219444,88.234361,Rock,Slide
Sikkim,West Sikkim,27.2195,88.210222,Debris,Slide
Sikkim,West Sikkim,27.219917,88.276306,Debris,Slide
Sikkim,West Sikkim,27.220306,88.261861,Debris,Slide
Sikkim,West Sikkim,27.220472,88.281028,Debris,Slide
Sikkim,West Sikkim,27.220778,88.279917,Debris,Slide
Sikkim,West Sikkim,27.220806,88.237361,Rock,Slide
Sikkim,West Sikkim,27.222917,88.281972,Debris,Slide
Sikkim,West Sikkim,27.225556,88.240333,Debris,Slide
Sikkim,West Sikkim,27.226556,88.308861,Debris,Slide
Sikkim,West Sikkim,27.2275,88.220278,Debris,Slide
Sikkim,West Sikkim,27.227528,88.219639,Debris,Slide
Sikkim,West Sikkim,27.230583,88.306056,Debris,Slide
Sikkim,West Sikkim,27.233194,88.246361,Debris,Slide
Sikkim,West Sikkim,27.236889,88.235917,Rock,Slide
Sikkim,West Sikkim,27.237917,88.30475,Rock,Slide
Sikkim,West Sikkim,27.239972,88.332778,Debris,Slide
Sikkim,West Sikkim,27.240389,88.234028,Debris,Slide
Sikkim,West Sikkim,27.240639,88.306056,Debris,Slide
Sikkim,West Sikkim,27.241333,88.233972,Debris,Slide
Sikkim,West Sikkim,27.242139,88.327389,Debris,Slide
Sikkim,West Sikkim,27.243806,88.2725,Debris,Slide
Sikkim,West Sikkim,27.245028,88.226861,Debris,Slide
Sikkim,West Sikkim,27.245972,88.185278,Debris,Slide
Sikkim,West Sikkim,27.246944,88.184833,Debris,Slide
Sikkim,West Sikkim,27.247111,88.225222,Debris,Slide
Sikkim,West Sikkim,27.248583,88.117444,Debris,Slide
Sikkim,West Sikkim,27.248833,88.117194,Debris,Slide
Sikkim,West Sikkim,27.25,88.301889,Debris,Slide
Sikkim,West Sikkim,27.251722,88.182972,Debris,Slide
Sikkim,West Sikkim,27.252139,88.176944,Rock,Slide
Sikkim,West Sikkim,27.252167,88.272778,Rock,Fall
Sikkim,West Sikkim,27.253889,88.210028,Debris,Slide
Sikkim,West Sikkim,27.254222,88.3005,Debris,Slide
Sikkim,West Sikkim,27.254389,88.145306,Debris,Slide
Sikkim,West Sikkim,27.255861,88.156139,Debris,Slide
Sikkim,West Sikkim,27.256556,88.148722,Debris,Slide
Sikkim,West Sikkim,27.25675,88.148611,Debris,Slide
Sikkim,West Sikkim,27.257194,88.305444,Debris,Slide
Sikkim,West Sikkim,27.257361,88.165333,Debris,Slide
Sikkim,West Sikkim,27.258306,88.245306,Debris,Slide
Sikkim,West Sikkim,27.258389,88.246611,Debris,Slide
Sikkim,West Sikkim,27.258556,88.147028,Debris,Slide
Sikkim,West Sikkim,27.258778,88.202639,Debris,Slide
Sikkim,West Sikkim,27.258889,88.145611,Rock,Fall
Sikkim,West Sikkim,27.259722,88.248972,Debris,Slide
Sikkim,West Sikkim,27.260167,88.171889,Debris,Slide
Sikkim,West Sikkim,27.260194,88.302417,Debris,Slide
Sikkim,West Sikkim,27.260861,88.233278,Debris,Slide
Sikkim,West Sikkim,27.26175,88.2945,Debris,Slide
Sikkim,West Sikkim,27.261778,88.197194,Debris,Slide
Sikkim,West Sikkim,27.268944,88.2875,Debris,Slide
Sikkim,West Sikkim,27.269556,88.137861,Debris,Slide
Sikkim,West Sikkim,27.269778,88.144278,Debris,Slide
Sikkim,West Sikkim,27.269861,88.178139,Debris,Slide
Sikkim,West Sikkim,27.269917,88.077111,Debris,Slide
Sikkim,West Sikkim,27.27,88.179944,Rock,Fall
Sikkim,West Sikkim,27.270056,88.174444,Debris,Slide
Sikkim,West Sikkim,27.270667,88.142056,Rock,Fall
Sikkim,West Sikkim,27.27075,88.167417,Debris,Slide
Sikkim,West Sikkim,27.27325,88.303417,Debris,Slide
Sikkim,West Sikkim,27.2755,88.308056,Debris,Slide
Sikkim,West Sikkim,27.27575,88.084972,Debris,Slide
Sikkim,West Sikkim,27.275917,88.254278,Rock,Slide
Sikkim,West Sikkim,27.279972,88.186917,Debris,Slide
Sikkim,West Sikkim,27.280667,88.190861,Debris,Slide
Sikkim,West Sikkim,27.280889,88.084333,Debris,Slide
Sikkim,West Sikkim,27.281028,88.227667,Debris,Slide
Sikkim,West Sikkim,27.281444,88.187833,Debris,Slide
Sikkim,West Sikkim,27.281611,88.229556,Debris,Slide
Sikkim,West Sikkim,27.282667,88.108278,Debris,Slide
Sikkim,West Sikkim,27.282917,88.189556,Debris,Slide
Sikkim,West Sikkim,27.283194,88.106667,Debris,Slide
Sikkim,West Sikkim,27.283444,88.192639,Debris,Slide
Sikkim,West Sikkim,27.283639,88.189944,Debris,Slide
Sikkim,West Sikkim,27.284139,88.264889,Debris,Slide
Sikkim,West Sikkim,27.284528,88.195583,Debris,Slide
Sikkim,West Sikkim,27.28475,88.106194,Rock,Fall
Sikkim,West Sikkim,27.285,88.197583,Debris,Slide
Sikkim,West Sikkim,27.287361,88.102611,Debris,Slide
Sikkim,West Sikkim,27.288167,88.102778,Rock,Fall
Sikkim,West Sikkim,27.288444,88.102667,Rock,Fall
Sikkim,West Sikkim,27.289861,88.084389,Debris,Slide
Sikkim,West Sikkim,27.293417,88.294917,Debris,Slide
Sikkim,West Sikkim,27.294889,88.079944,Debris,Slide
Sikkim,West Sikkim,27.29525,88.102694,Debris,Slide
Sikkim,West Sikkim,27.295444,88.094583,Debris,Slide
Sikkim,West Sikkim,27.296028,88.10175,Debris,Slide
Sikkim,West Sikkim,27.301972,88.218778,Debris,Slide
Sikkim,West Sikkim,27.304028,88.178806,Debris,Slide
Sikkim,West Sikkim,27.30675,88.199083,Rock,Slide
Sikkim,West Sikkim,27.313722,88.189917,Rock,Slide
Sikkim,West Sikkim,27.315778,88.178944,Debris,Slide
Sikkim,West Sikkim,27.316583,88.178917,Debris,Slide
Sikkim,West Sikkim,27.317083,88.178556,Debris,Slide
Sikkim,West Sikkim,27.317417,88.182861,Debris,Slide
Sikkim,West Sikkim,27.31892,88.16222,Debris,Flow
Sikkim,West Sikkim,27.320111,88.177833,Debris,Slide
Sikkim,West Sikkim,27.320611,88.219611,Debris,Slide
Sikkim,West Sikkim,27.324944,88.213861,Debris,Slide
Sikkim,West Sikkim,27.326444,88.219,Rock,Slide
Sikkim,West Sikkim,27.3305,88.215639,Debris,Slide
Sikkim,West Sikkim,27.33075,88.216333,Debris,Slide
Sikkim,West Sikkim,27.33325,88.213583,Debris,Slide
Sikkim,West Sikkim,27.333333,88.212972,Debris,Slide
Sikkim,West Sikkim,27.335,88.206722,Debris,Slide
Sikkim,West Sikkim,27.339806,88.227361,Rock,Slide
Sikkim,West Sikkim,27.342,88.223722,Rock,Slide
Sikkim,West Sikkim,27.345028,88.246639,Debris,Slide
Sikkim,West Sikkim,27.347278,88.196833,Debris,Slide
Sikkim,West Sikkim,27.3515,88.273028,Debris,Slide
Sikkim,West Sikkim,27.379639,88.315361,Debris,Slide
Sikkim,West Sikkim,27.383611,88.305806,Rock,Topple
Sikkim,West Sikkim,27.389222,88.310972,Rock,Fall
Sikkim,West Sikkim,27.393139,88.310139,Debris,Slide
Sikkim,West Sikkim,27.395028,88.307389,Rock,Fall
Sikkim,West Sikkim,27.3955,88.306889,Debris,Slide
Sikkim,West Sikkim,27.397389,88.356139,Rock,Fall
Sikkim,West Sikkim,27.399806,88.329139,Debris,Slide
Sikkim,West Sikkim,27.400278,88.356861,Debris,Slide
Sikkim,West district,27.29166667,88.22,Debris cum rock,Unknown
Sikkim,West district,27.28777778,88.23277778,Debris cum rock,Unknown
Tripura,Dhalai,23.653556,92.035139,Debris,Slide
Tripura,Dhalai,23.663361,92.015111,Debris,Slide
Tripura,Dhalai,23.678056,92.038028,Debris,Slide
Tripura,Dhalai,23.679,92.039278,Debris,Slide
Tripura,Dhalai,23.687417,92.054528,Debris,Slide
Tripura,Dhalai,23.691167,92.055444,Rock,Slide
Tripura,Dhalai,23.692222,92.015833,Earth,Slide
Tripura,Dhalai,23.693,92.054472,Debris,Slide
Tripura,Dhalai,23.693,92.014361,Debris,Slide
Tripura,Dhalai,23.694139,92.013278,Debris,Slide
Tripura,Dhalai,23.69925,92.044694,Debris,Slide
Tripura,Dhalai,23.793444,92.125833,Debris,Slide
Tripura,Dhalai,23.797306,92.120417,Debris,Slide
Tripura,Dhalai,23.805528,92.120417,Debris,Slide
Tripura,Dhalai,23.821,92.094417,Debris,Slide
Tripura,Dhalai,23.828278,92.023389,Debris,Slide
Tripura,Dhalai,24.028194,92.091861,Earth,Slide
Tripura,Dhalai,24.0335,92.100694,Earth,Slide
Tripura,Dhalai,24.039139,92.106944,Debris,Slide
Tripura,Dhalai,24.212361,92.258111,Debris,Slide
Tripura,Dhalai,23.993632,91.858355,Soil,Slide
Tripura,Dhalai,23.9,91.75622222,Unknown,Unknown
Tripura,Dhalai,23.89569444,91.76525,Unknown,Unknown
Tripura,Dhalai,23.88888889,91.78888889,Unknown,Unknown
Tripura,Dhalai,23.912,91.83852778,Unknown,Unknown
Tripura,Dhalai,24.17072222,91.76697222,Debris,Slide
Tripura,Dhalai,24.16966667,91.76686111,Debris,Slide
Tripura,Dhalai,23.91951111,91.87873333,Soil,Slide
Tripura,Gomati,23.793444,91.552056,Soil,Slide
Tripura,Gomati,23.794253,91.553533,Soil,Slide
Tripura,Gomati,23.980333,91.475278,Soil,Slide
Tripura,North Tripura,23.697694,92.071194,Debris,Slide
Tripura,North Tripura,23.727194,92.242722,Rock,Fall
Tripura,North Tripura,23.824722,92.260722,Rock,Slide
Tripura,North Tripura,23.882833,92.241583,Debris,Slide
Tripura,North Tripura,23.890278,92.272528,Debris,Slide
Tripura,North Tripura,23.891083,92.288361,Debris,Slide
Tripura,North Tripura,23.89125,92.288056,Debris,Slide
Tripura,North Tripura,23.892694,92.272667,Debris,Slide
Tripura,North Tripura,23.894667,92.287972,Debris,Slide
Tripura,North Tripura,23.896194,92.296667,Debris,Slide
Tripura,North Tripura,23.896806,92.283361,Debris,Slide
Tripura,North Tripura,23.897556,92.282889,Debris,Slide
Tripura,North Tripura,23.899944,92.279222,Debris,Slide
Tripura,North Tripura,23.906917,92.271944,Debris,Slide
Tripura,North Tripura,23.914472,92.27125,Debris,Slide
Tripura,North Tripura,23.927194,92.275389,Debris,Fall
Tripura,North Tripura,23.953333,92.233139,Debris,Flow
Tripura,North Tripura,24.031139,92.2535,Debris,Slide
Tripura,North Tripura,24.048556,92.314306,Debris,Slide
Tripura,North Tripura,24.063194,92.28225,Debris,Flow
Tripura,North Tripura,24.066639,92.277417,Rock,Fall
Tripura,North Tripura,24.068472,92.290833,Debris,Slide
Tripura,North Tripura,24.069444,92.287167,Debris,Slide
Tripura,North Tripura,24.069556,92.291361,Debris,Slide
Tripura,North Tripura,24.070611,92.290944,Rock,Slide
Tripura,North Tripura,24.071167,92.291694,Debris,Slide
Tripura,North Tripura,24.106444,92.276389,Debris,Slide
Tripura,North Tripura,24.107028,92.276667,Debris,Slide
Tripura,North Tripura,24.129083,92.277667,Rock,Slide
Tripura,North Tripura,24.133306,92.27775,Debris,Slide
Tripura,North Tripura,24.134722,92.277639,Debris,Slide
Tripura,North Tripura,24.139861,92.319167,Debris,Slide
Tripura,North Tripura,24.141694,92.322306,Debris,Slide
Tripura,North Tripura,24.142722,92.273583,Debris,Slide
Tripura,North Tripura,24.165583,92.268389,Debris,Slide
Tripura,North Tripura,24.228111,92.287417,Earth,Slide
Tripura,North Tripura,24.240194,92.247861,Rock,Slide
Tripura,North Tripura,24.384311,92.126028,Debris,slide
Tripura,North Tripura,24.477126,92.205369,Soil,slide
Tripura,North Tripura,24.48556,92.212277,Debris,slide
Tripura,North Tripura,24.489749,92.170312,Soil,slide
Tripura,North Tripura,24.320111,92.216955,Soil,slide
Tripura,North Tripura,24.314206,92.225824,Debris,slide
Tripura,North Tripura,24.309993,92.22714,Soil,slide
Tripura,North Tripura,24.352076,92.225188,Soil,slide
Tripura,North Tripura,24.356023,92.225478,Debris,slide
Tripura,North Tripura,24.4012,92.237233,Debris,slide
Tripura,North Tripura,24.413873,92.241309,Debris,slide
Tripura,North Tripura,24.414992,92.241894,Soil,slide
Tripura,North Tripura,24.419026,92.242991,Debris,slide
Tripura,North Tripura,24.43797,92.250464,Soil,slide
Tripura,North Tripura,24.4349,92.249371,Soil,slide
Tripura,North Tripura,24.437066,92.249961,Soil,slide
Tripura,North Tripura,24.033017,92.26034,Rock,Slide
Tripura,North Tripura,24.24263,92.212137,Debris,slide
Tripura,North Tripura,24.209473,92.27134,Debris,slide
Tripura,South Tripura,23.22966667,91.49532222,Debris,Slide
Tripura,South Tripura,23.25229444,91.48825,"Soil (Insitu: Sandy
Soil)",Slide
Tripura,West Tripura,23.85417,91.34361,Debris,Slide
Tripura,West Tripura,24.003417,91.45425,Debris,Slide
Tripura,West Tripura,24.012306,91.451778,Debris,Slide
Tripura,West Tripura,24.325444,94.232583,Soil,Slide
Tripura,West Tripura,24.781694,93.776056,Soil,Slide
Tripura,West Tripura,24.791306,93.735667,Soil,Slide
Tripura,West Tripura,23.802772,91.272189,Soil and Rock,Slide
